# TerraWeave heightfield mesh. Units: meters. +Y up.
o TerraWeaveTerrain
v -2000.00000 86.52890 -2000.00000
v -1937.50000 87.50748 -2000.00000
v -1875.00000 89.20993 -2000.00000
v -1812.50000 91.26228 -2000.00000
v -1750.00000 93.44438 -2000.00000
v -1687.50000 96.42967 -2000.00000
v -1625.00000 100.68800 -2000.00000
v -1562.50000 106.57102 -2000.00000
v -1500.00000 114.23040 -2000.00000
v -1437.50000 123.05132 -2000.00000
v -1375.00000 132.25633 -2000.00000
v -1312.50000 142.58485 -2000.00000
v -1250.00000 155.35611 -2000.00000
v -1187.50000 170.64478 -2000.00000
v -1125.00000 188.49028 -2000.00000
v -1062.50000 209.09470 -2000.00000
v -1000.00000 231.08459 -2000.00000
v -937.50000 258.30014 -2000.00000
v -875.00000 280.60300 -2000.00000
v -812.50000 303.08878 -2000.00000
v -750.00000 326.82465 -2000.00000
v -687.50000 351.69638 -2000.00000
v -625.00000 377.12610 -2000.00000
v -562.50000 392.01675 -2000.00000
v -500.00000 390.67551 -2000.00000
v -437.50000 378.11316 -2000.00000
v -375.00000 367.34491 -2000.00000
v -312.50000 356.09851 -2000.00000
v -250.00000 340.06805 -2000.00000
v -187.50000 319.48169 -2000.00000
v -125.00000 299.62552 -2000.00000
v -62.50000 284.65826 -2000.00000
v 0.00000 272.65546 -2000.00000
v 62.50000 262.13364 -2000.00000
v 125.00000 260.18912 -2000.00000
v 187.50000 262.39346 -2000.00000
v 250.00000 270.22293 -2000.00000
v 312.50000 287.48761 -2000.00000
v 375.00000 300.43027 -2000.00000
v 437.50000 290.44495 -2000.00000
v 500.00000 275.45050 -2000.00000
v 562.50000 254.81781 -2000.00000
v 625.00000 239.60466 -2000.00000
v 687.50000 236.30159 -2000.00000
v 750.00000 238.96620 -2000.00000
v 812.50000 246.32271 -2000.00000
v 875.00000 239.13812 -2000.00000
v 937.50000 219.72826 -2000.00000
v 1000.00000 197.42159 -2000.00000
v 1062.50000 177.46758 -2000.00000
v 1125.00000 163.45303 -2000.00000
v 1187.50000 155.03323 -2000.00000
v 1250.00000 150.35429 -2000.00000
v 1312.50000 148.33943 -2000.00000
v 1375.00000 146.77509 -2000.00000
v 1437.50000 146.33511 -2000.00000
v 1500.00000 148.27110 -2000.00000
v 1562.50000 147.36226 -2000.00000
v 1625.00000 141.88358 -2000.00000
v 1687.50000 132.91945 -2000.00000
v 1750.00000 117.97227 -2000.00000
v 1812.50000 106.68806 -2000.00000
v 1875.00000 98.53703 -2000.00000
v 1937.50000 93.80183 -2000.00000
v 2000.00000 91.81828 -2000.00000
v -2000.00000 87.80584 -1937.50000
v -1937.50000 89.60442 -1937.50000
v -1875.00000 91.25037 -1937.50000
v -1812.50000 93.91644 -1937.50000
v -1750.00000 96.92918 -1937.50000
v -1687.50000 100.85706 -1937.50000
v -1625.00000 105.78537 -1937.50000
v -1562.50000 111.79370 -1937.50000
v -1500.00000 119.91216 -1937.50000
v -1437.50000 130.59921 -1937.50000
v -1375.00000 142.78033 -1937.50000
v -1312.50000 155.39151 -1937.50000
v -1250.00000 169.36995 -1937.50000
v -1187.50000 185.92747 -1937.50000
v -1125.00000 205.66751 -1937.50000
v -1062.50000 228.45615 -1937.50000
v -1000.00000 252.66158 -1937.50000
v -937.50000 276.38486 -1937.50000
v -875.00000 308.11838 -1937.50000
v -812.50000 334.40472 -1937.50000
v -750.00000 359.67276 -1937.50000
v -687.50000 385.37537 -1937.50000
v -625.00000 402.60043 -1937.50000
v -562.50000 410.56464 -1937.50000
v -500.00000 411.19611 -1937.50000
v -437.50000 397.21506 -1937.50000
v -375.00000 384.30212 -1937.50000
v -312.50000 377.04205 -1937.50000
v -250.00000 367.71933 -1937.50000
v -187.50000 349.07959 -1937.50000
v -125.00000 325.08463 -1937.50000
v -62.50000 304.76880 -1937.50000
v 0.00000 289.50549 -1937.50000
v 62.50000 274.95587 -1937.50000
v 125.00000 270.42532 -1937.50000
v 187.50000 275.43283 -1937.50000
v 250.00000 284.85678 -1937.50000
v 312.50000 303.68588 -1937.50000
v 375.00000 319.78506 -1937.50000
v 437.50000 307.67520 -1937.50000
v 500.00000 284.69330 -1937.50000
v 562.50000 260.76776 -1937.50000
v 625.00000 246.91542 -1937.50000
v 687.50000 240.67984 -1937.50000
v 750.00000 246.10645 -1937.50000
v 812.50000 256.59924 -1937.50000
v 875.00000 249.95010 -1937.50000
v 937.50000 230.27368 -1937.50000
v 1000.00000 207.71576 -1937.50000
v 1062.50000 187.95015 -1937.50000
v 1125.00000 174.03075 -1937.50000
v 1187.50000 163.93758 -1937.50000
v 1250.00000 157.03300 -1937.50000
v 1312.50000 155.05438 -1937.50000
v 1375.00000 154.17604 -1937.50000
v 1437.50000 153.62025 -1937.50000
v 1500.00000 156.90390 -1937.50000
v 1562.50000 158.22084 -1937.50000
v 1625.00000 154.55539 -1937.50000
v 1687.50000 144.11014 -1937.50000
v 1750.00000 131.27393 -1937.50000
v 1812.50000 117.56068 -1937.50000
v 1875.00000 106.19090 -1937.50000
v 1937.50000 98.43385 -1937.50000
v 2000.00000 93.85760 -1937.50000
v -2000.00000 90.13466 -1875.00000
v -1937.50000 93.01943 -1875.00000
v -1875.00000 95.10313 -1875.00000
v -1812.50000 98.13573 -1875.00000
v -1750.00000 101.66120 -1875.00000
v -1687.50000 106.09045 -1875.00000
v -1625.00000 111.05667 -1875.00000
v -1562.50000 116.92483 -1875.00000
v -1500.00000 124.53786 -1875.00000
v -1437.50000 135.82773 -1875.00000
v -1375.00000 151.57884 -1875.00000
v -1312.50000 169.42662 -1875.00000
v -1250.00000 185.47762 -1875.00000
v -1187.50000 203.51326 -1875.00000
v -1125.00000 224.96393 -1875.00000
v -1062.50000 250.30234 -1875.00000
v -1000.00000 279.33572 -1875.00000
v -937.50000 305.72049 -1875.00000
v -875.00000 343.65564 -1875.00000
v -812.50000 370.74646 -1875.00000
v -750.00000 397.14133 -1875.00000
v -687.50000 421.00952 -1875.00000
v -625.00000 433.19653 -1875.00000
v -562.50000 435.44940 -1875.00000
v -500.00000 437.07724 -1875.00000
v -437.50000 423.64764 -1875.00000
v -375.00000 409.41656 -1875.00000
v -312.50000 404.05746 -1875.00000
v -250.00000 399.06723 -1875.00000
v -187.50000 382.72919 -1875.00000
v -125.00000 358.31256 -1875.00000
v -62.50000 335.43362 -1875.00000
v 0.00000 318.09546 -1875.00000
v 62.50000 301.73935 -1875.00000
v 125.00000 294.87732 -1875.00000
v 187.50000 302.44189 -1875.00000
v 250.00000 312.17966 -1875.00000
v 312.50000 329.81094 -1875.00000
v 375.00000 341.24628 -1875.00000
v 437.50000 323.79855 -1875.00000
v 500.00000 298.87180 -1875.00000
v 562.50000 277.58624 -1875.00000
v 625.00000 259.76410 -1875.00000
v 687.50000 250.73207 -1875.00000
v 750.00000 257.51221 -1875.00000
v 812.50000 267.47458 -1875.00000
v 875.00000 256.92899 -1875.00000
v 937.50000 237.69020 -1875.00000
v 1000.00000 216.95703 -1875.00000
v 1062.50000 199.30429 -1875.00000
v 1125.00000 186.01756 -1875.00000
v 1187.50000 177.67336 -1875.00000
v 1250.00000 172.30499 -1875.00000
v 1312.50000 168.87524 -1875.00000
v 1375.00000 171.39914 -1875.00000
v 1437.50000 171.25424 -1875.00000
v 1500.00000 174.81541 -1875.00000
v 1562.50000 175.26219 -1875.00000
v 1625.00000 170.83879 -1875.00000
v 1687.50000 158.87984 -1875.00000
v 1750.00000 141.70195 -1875.00000
v 1812.50000 127.66716 -1875.00000
v 1875.00000 114.94801 -1875.00000
v 1937.50000 105.44691 -1875.00000
v 2000.00000 98.39639 -1875.00000
v -2000.00000 93.96604 -1812.50000
v -1937.50000 98.12735 -1812.50000
v -1875.00000 101.16457 -1812.50000
v -1812.50000 104.12167 -1812.50000
v -1750.00000 108.58388 -1812.50000
v -1687.50000 113.71088 -1812.50000
v -1625.00000 118.39809 -1812.50000
v -1562.50000 124.08781 -1812.50000
v -1500.00000 132.02173 -1812.50000
v -1437.50000 143.03644 -1812.50000
v -1375.00000 159.49159 -1812.50000
v -1312.50000 182.02193 -1812.50000
v -1250.00000 206.16870 -1812.50000
v -1187.50000 226.27197 -1812.50000
v -1125.00000 250.60753 -1812.50000
v -1062.50000 279.34991 -1812.50000
v -1000.00000 312.53256 -1812.50000
v -937.50000 341.45831 -1812.50000
v -875.00000 384.16058 -1812.50000
v -812.50000 412.32587 -1812.50000
v -750.00000 436.27850 -1812.50000
v -687.50000 453.66754 -1812.50000
v -625.00000 461.31467 -1812.50000
v -562.50000 460.99359 -1812.50000
v -500.00000 458.82477 -1812.50000
v -437.50000 451.96741 -1812.50000
v -375.00000 442.51944 -1812.50000
v -312.50000 438.22629 -1812.50000
v -250.00000 434.16278 -1812.50000
v -187.50000 419.33563 -1812.50000
v -125.00000 396.97937 -1812.50000
v -62.50000 374.54904 -1812.50000
v 0.00000 353.15863 -1812.50000
v 62.50000 337.23447 -1812.50000
v 125.00000 328.74274 -1812.50000
v 187.50000 337.61450 -1812.50000
v 250.00000 346.03970 -1812.50000
v 312.50000 363.07217 -1812.50000
v 375.00000 365.80435 -1812.50000
v 437.50000 342.91611 -1812.50000
v 500.00000 317.39966 -1812.50000
v 562.50000 294.69260 -1812.50000
v 625.00000 276.42606 -1812.50000
v 687.50000 266.34518 -1812.50000
v 750.00000 273.01709 -1812.50000
v 812.50000 282.18814 -1812.50000
v 875.00000 274.70181 -1812.50000
v 937.50000 255.11005 -1812.50000
v 1000.00000 234.50137 -1812.50000
v 1062.50000 216.06860 -1812.50000
v 1125.00000 203.15184 -1812.50000
v 1187.50000 198.81514 -1812.50000
v 1250.00000 196.45557 -1812.50000
v 1312.50000 192.78094 -1812.50000
v 1375.00000 197.45184 -1812.50000
v 1437.50000 197.46049 -1812.50000
v 1500.00000 199.27020 -1812.50000
v 1562.50000 196.24492 -1812.50000
v 1625.00000 185.93025 -1812.50000
v 1687.50000 169.29019 -1812.50000
v 1750.00000 150.95395 -1812.50000
v 1812.50000 136.63564 -1812.50000
v 1875.00000 123.93111 -1812.50000
v 1937.50000 114.03342 -1812.50000
v 2000.00000 105.14571 -1812.50000
v -2000.00000 99.46542 -1750.00000
v -1937.50000 105.03769 -1750.00000
v -1875.00000 109.08617 -1750.00000
v -1812.50000 112.60041 -1750.00000
v -1750.00000 116.88595 -1750.00000
v -1687.50000 124.31181 -1750.00000
v -1625.00000 129.54739 -1750.00000
v -1562.50000 134.70793 -1750.00000
v -1500.00000 142.47282 -1750.00000
v -1437.50000 153.96954 -1750.00000
v -1375.00000 169.89207 -1750.00000
v -1312.50000 192.95746 -1750.00000
v -1250.00000 222.92305 -1750.00000
v -1187.50000 254.88673 -1750.00000
v -1125.00000 282.78961 -1750.00000
v -1062.50000 314.96310 -1750.00000
v -1000.00000 351.65268 -1750.00000
v -937.50000 384.23901 -1750.00000
v -875.00000 422.08481 -1750.00000
v -812.50000 452.66431 -1750.00000
v -750.00000 470.01419 -1750.00000
v -687.50000 477.22784 -1750.00000
v -625.00000 476.44370 -1750.00000
v -562.50000 467.96753 -1750.00000
v -500.00000 463.78793 -1750.00000
v -437.50000 463.95346 -1750.00000
v -375.00000 469.24384 -1750.00000
v -312.50000 471.15674 -1750.00000
v -250.00000 468.56177 -1750.00000
v -187.50000 456.79980 -1750.00000
v -125.00000 437.23773 -1750.00000
v -62.50000 416.46280 -1750.00000
v 0.00000 392.67035 -1750.00000
v 62.50000 377.15244 -1750.00000
v 125.00000 365.42096 -1750.00000
v 187.50000 372.59583 -1750.00000
v 250.00000 381.78171 -1750.00000
v 312.50000 399.12845 -1750.00000
v 375.00000 388.86786 -1750.00000
v 437.50000 356.90598 -1750.00000
v 500.00000 329.02713 -1750.00000
v 562.50000 308.35568 -1750.00000
v 625.00000 293.09027 -1750.00000
v 687.50000 285.08319 -1750.00000
v 750.00000 291.61212 -1750.00000
v 812.50000 299.08536 -1750.00000
v 875.00000 295.17923 -1750.00000
v 937.50000 276.45615 -1750.00000
v 1000.00000 256.01364 -1750.00000
v 1062.50000 238.21826 -1750.00000
v 1125.00000 227.93871 -1750.00000
v 1187.50000 226.86874 -1750.00000
v 1250.00000 226.82910 -1750.00000
v 1312.50000 218.97420 -1750.00000
v 1375.00000 228.41119 -1750.00000
v 1437.50000 227.23955 -1750.00000
v 1500.00000 225.04706 -1750.00000
v 1562.50000 213.57947 -1750.00000
v 1625.00000 194.39787 -1750.00000
v 1687.50000 178.20961 -1750.00000
v 1750.00000 160.06635 -1750.00000
v 1812.50000 144.71605 -1750.00000
v 1875.00000 132.66269 -1750.00000
v 1937.50000 122.78745 -1750.00000
v 2000.00000 113.06809 -1750.00000
v -2000.00000 106.71282 -1687.50000
v -1937.50000 113.88587 -1687.50000
v -1875.00000 119.32454 -1687.50000
v -1812.50000 124.00362 -1687.50000
v -1750.00000 128.85814 -1687.50000
v -1687.50000 136.38693 -1687.50000
v -1625.00000 143.30077 -1687.50000
v -1562.50000 149.92706 -1687.50000
v -1500.00000 157.29755 -1687.50000
v -1437.50000 168.31905 -1687.50000
v -1375.00000 185.02065 -1687.50000
v -1312.50000 207.70694 -1687.50000
v -1250.00000 238.12367 -1687.50000
v -1187.50000 275.86191 -1687.50000
v -1125.00000 318.76715 -1687.50000
v -1062.50000 358.78647 -1687.50000
v -1000.00000 397.74777 -1687.50000
v -937.50000 430.80557 -1687.50000
v -875.00000 457.54193 -1687.50000
v -812.50000 485.66882 -1687.50000
v -750.00000 494.30634 -1687.50000
v -687.50000 483.87326 -1687.50000
v -625.00000 472.62097 -1687.50000
v -562.50000 466.23901 -1687.50000
v -500.00000 465.35583 -1687.50000
v -437.50000 472.71771 -1687.50000
v -375.00000 481.76797 -1687.50000
v -312.50000 499.60867 -1687.50000
v -250.00000 503.21631 -1687.50000
v -187.50000 496.56821 -1687.50000
v -125.00000 479.35580 -1687.50000
v -62.50000 461.70172 -1687.50000
v 0.00000 439.24719 -1687.50000
v 62.50000 423.24774 -1687.50000
v 125.00000 405.87766 -1687.50000
v 187.50000 407.77420 -1687.50000
v 250.00000 418.26184 -1687.50000
v 312.50000 432.58823 -1687.50000
v 375.00000 406.87408 -1687.50000
v 437.50000 374.86920 -1687.50000
v 500.00000 346.93799 -1687.50000
v 562.50000 325.25659 -1687.50000
v 625.00000 311.11725 -1687.50000
v 687.50000 307.24872 -1687.50000
v 750.00000 314.69806 -1687.50000
v 812.50000 320.84448 -1687.50000
v 875.00000 316.42969 -1687.50000
v 937.50000 298.69800 -1687.50000
v 1000.00000 280.64490 -1687.50000
v 1062.50000 266.43820 -1687.50000
v 1125.00000 260.47717 -1687.50000
v 1187.50000 259.92026 -1687.50000
v 1250.00000 260.67227 -1687.50000
v 1312.50000 251.47206 -1687.50000
v 1375.00000 259.02155 -1687.50000
v 1437.50000 256.16980 -1687.50000
v 1500.00000 244.85629 -1687.50000
v 1562.50000 221.74649 -1687.50000
v 1625.00000 202.10826 -1687.50000
v 1687.50000 186.77287 -1687.50000
v 1750.00000 169.75105 -1687.50000
v 1812.50000 154.48743 -1687.50000
v 1875.00000 142.83131 -1687.50000
v 1937.50000 132.57521 -1687.50000
v 2000.00000 121.98241 -1687.50000
v -2000.00000 115.92049 -1625.00000
v -1937.50000 124.51792 -1625.00000
v -1875.00000 131.66969 -1625.00000
v -1812.50000 138.32285 -1625.00000
v -1750.00000 144.15068 -1625.00000
v -1687.50000 153.42558 -1625.00000
v -1625.00000 164.33223 -1625.00000
v -1562.50000 170.25877 -1625.00000
v -1500.00000 175.65457 -1625.00000
v -1437.50000 186.47659 -1625.00000
v -1375.00000 204.79317 -1625.00000
v -1312.50000 228.93164 -1625.00000
v -1250.00000 259.75922 -1625.00000
v -1187.50000 299.15524 -1625.00000
v -1125.00000 347.35654 -1625.00000
v -1062.50000 400.70190 -1625.00000
v -1000.00000 448.93564 -1625.00000
v -937.50000 480.13016 -1625.00000
v -875.00000 495.65561 -1625.00000
v -812.50000 509.78259 -1625.00000
v -750.00000 507.87360 -1625.00000
v -687.50000 495.33582 -1625.00000
v -625.00000 484.49088 -1625.00000
v -562.50000 478.38449 -1625.00000
v -500.00000 482.86539 -1625.00000
v -437.50000 502.10696 -1625.00000
v -375.00000 519.83008 -1625.00000
v -312.50000 537.84869 -1625.00000
v -250.00000 550.39520 -1625.00000
v -187.50000 546.14551 -1625.00000
v -125.00000 528.87927 -1625.00000
v -62.50000 513.68671 -1625.00000
v 0.00000 493.67865 -1625.00000
v 62.50000 476.74008 -1625.00000
v 125.00000 453.82605 -1625.00000
v 187.50000 449.68521 -1625.00000
v 250.00000 455.88943 -1625.00000
v 312.50000 454.89575 -1625.00000
v 375.00000 419.02057 -1625.00000
v 437.50000 388.13489 -1625.00000
v 500.00000 365.66342 -1625.00000
v 562.50000 345.40567 -1625.00000
v 625.00000 333.21182 -1625.00000
v 687.50000 333.63528 -1625.00000
v 750.00000 342.97061 -1625.00000
v 812.50000 349.09540 -1625.00000
v 875.00000 342.64758 -1625.00000
v 937.50000 325.73816 -1625.00000
v 1000.00000 308.46384 -1625.00000
v 1062.50000 302.47958 -1625.00000
v 1125.00000 298.37909 -1625.00000
v 1187.50000 295.86011 -1625.00000
v 1250.00000 295.86285 -1625.00000
v 1312.50000 287.12674 -1625.00000
v 1375.00000 287.09448 -1625.00000
v 1437.50000 280.16833 -1625.00000
v 1500.00000 255.92111 -1625.00000
v 1562.50000 233.42880 -1625.00000
v 1625.00000 214.91748 -1625.00000
v 1687.50000 198.56223 -1625.00000
v 1750.00000 180.85390 -1625.00000
v 1812.50000 166.85957 -1625.00000
v 1875.00000 154.94919 -1625.00000
v 1937.50000 144.02525 -1625.00000
v 2000.00000 132.53238 -1625.00000
v -2000.00000 127.03141 -1562.50000
v -1937.50000 136.27684 -1562.50000
v -1875.00000 144.53813 -1562.50000
v -1812.50000 154.45415 -1562.50000
v -1750.00000 162.53033 -1562.50000
v -1687.50000 172.24937 -1562.50000
v -1625.00000 185.15141 -1562.50000
v -1562.50000 194.30597 -1562.50000
v -1500.00000 203.85191 -1562.50000
v -1437.50000 209.85410 -1562.50000
v -1375.00000 227.63701 -1562.50000
v -1312.50000 254.63643 -1562.50000
v -1250.00000 287.55338 -1562.50000
v -1187.50000 328.65622 -1562.50000
v -1125.00000 378.79593 -1562.50000
v -1062.50000 434.85663 -1562.50000
v -1000.00000 489.89349 -1562.50000
v -937.50000 528.59900 -1562.50000
v -875.00000 535.41003 -1562.50000
v -812.50000 531.62427 -1562.50000
v -750.00000 520.26025 -1562.50000
v -687.50000 513.63605 -1562.50000
v -625.00000 506.44336 -1562.50000
v -562.50000 503.21103 -1562.50000
v -500.00000 516.82257 -1562.50000
v -437.50000 549.41382 -1562.50000
v -375.00000 578.36328 -1562.50000
v -312.50000 592.49255 -1562.50000
v -250.00000 612.59595 -1562.50000
v -187.50000 606.39111 -1562.50000
v -125.00000 586.84125 -1562.50000
v -62.50000 570.25787 -1562.50000
v 0.00000 550.95746 -1562.50000
v 62.50000 532.64996 -1562.50000
v 125.00000 506.97733 -1562.50000
v 187.50000 498.05328 -1562.50000
v 250.00000 491.73721 -1562.50000
v 312.50000 473.56433 -1562.50000
v 375.00000 435.55017 -1562.50000
v 437.50000 402.22528 -1562.50000
v 500.00000 382.49176 -1562.50000
v 562.50000 365.12964 -1562.50000
v 625.00000 356.16940 -1562.50000
v 687.50000 360.77094 -1562.50000
v 750.00000 373.54559 -1562.50000
v 812.50000 382.01392 -1562.50000
v 875.00000 373.87714 -1562.50000
v 937.50000 358.06412 -1562.50000
v 1000.00000 352.41031 -1562.50000
v 1062.50000 347.74597 -1562.50000
v 1125.00000 342.81760 -1562.50000
v 1187.50000 330.21277 -1562.50000
v 1250.00000 329.16797 -1562.50000
v 1312.50000 319.44089 -1562.50000
v 1375.00000 312.94434 -1562.50000
v 1437.50000 301.01910 -1562.50000
v 1500.00000 276.29865 -1562.50000
v 1562.50000 251.97371 -1562.50000
v 1625.00000 229.10449 -1562.50000
v 1687.50000 210.08266 -1562.50000
v 1750.00000 196.38802 -1562.50000
v 1812.50000 181.74559 -1562.50000
v 1875.00000 168.84155 -1562.50000
v 1937.50000 157.36865 -1562.50000
v 2000.00000 144.74242 -1562.50000
v -2000.00000 139.16692 -1500.00000
v -1937.50000 148.61467 -1500.00000
v -1875.00000 156.69376 -1500.00000
v -1812.50000 168.53392 -1500.00000
v -1750.00000 180.85097 -1500.00000
v -1687.50000 192.14771 -1500.00000
v -1625.00000 205.39806 -1500.00000
v -1562.50000 214.80139 -1500.00000
v -1500.00000 226.32526 -1500.00000
v -1437.50000 240.71075 -1500.00000
v -1375.00000 251.89420 -1500.00000
v -1312.50000 282.69647 -1500.00000
v -1250.00000 318.55173 -1500.00000
v -1187.50000 362.06137 -1500.00000
v -1125.00000 413.33167 -1500.00000
v -1062.50000 469.23700 -1500.00000
v -1000.00000 523.35901 -1500.00000
v -937.50000 568.11047 -1500.00000
v -875.00000 572.23163 -1500.00000
v -812.50000 558.23260 -1500.00000
v -750.00000 547.19415 -1500.00000
v -687.50000 545.09747 -1500.00000
v -625.00000 539.01184 -1500.00000
v -562.50000 535.97241 -1500.00000
v -500.00000 554.71973 -1500.00000
v -437.50000 597.61816 -1500.00000
v -375.00000 638.44324 -1500.00000
v -312.50000 653.02893 -1500.00000
v -250.00000 670.61462 -1500.00000
v -187.50000 663.67065 -1500.00000
v -125.00000 642.18036 -1500.00000
v -62.50000 622.06732 -1500.00000
v 0.00000 603.58649 -1500.00000
v 62.50000 584.66132 -1500.00000
v 125.00000 559.32007 -1500.00000
v 187.50000 539.14490 -1500.00000
v 250.00000 521.41486 -1500.00000
v 312.50000 486.02744 -1500.00000
v 375.00000 449.44058 -1500.00000
v 437.50000 415.98758 -1500.00000
v 500.00000 395.71143 -1500.00000
v 562.50000 382.26804 -1500.00000
v 625.00000 378.07611 -1500.00000
v 687.50000 388.72400 -1500.00000
v 750.00000 406.56961 -1500.00000
v 812.50000 416.67377 -1500.00000
v 875.00000 406.52341 -1500.00000
v 937.50000 396.01093 -1500.00000
v 1000.00000 387.18958 -1500.00000
v 1062.50000 379.56366 -1500.00000
v 1125.00000 375.71387 -1500.00000
v 1187.50000 360.96933 -1500.00000
v 1250.00000 357.12381 -1500.00000
v 1312.50000 346.94067 -1500.00000
v 1375.00000 338.54681 -1500.00000
v 1437.50000 325.27820 -1500.00000
v 1500.00000 299.25272 -1500.00000
v 1562.50000 273.79507 -1500.00000
v 1625.00000 249.89682 -1500.00000
v 1687.50000 231.72884 -1500.00000
v 1750.00000 214.52565 -1500.00000
v 1812.50000 198.11839 -1500.00000
v 1875.00000 183.31889 -1500.00000
v 1937.50000 170.53154 -1500.00000
v 2000.00000 156.77180 -1500.00000
v -2000.00000 152.54105 -1437.50000
v -1937.50000 162.88889 -1437.50000
v -1875.00000 169.76958 -1437.50000
v -1812.50000 180.77524 -1437.50000
v -1750.00000 194.77119 -1437.50000
v -1687.50000 209.69351 -1437.50000
v -1625.00000 223.60573 -1437.50000
v -1562.50000 234.79076 -1437.50000
v -1500.00000 246.76193 -1437.50000
v -1437.50000 267.39526 -1437.50000
v -1375.00000 279.78333 -1437.50000
v -1312.50000 310.73154 -1437.50000
v -1250.00000 348.30789 -1437.50000
v -1187.50000 393.37610 -1437.50000
v -1125.00000 446.12717 -1437.50000
v -1062.50000 502.67691 -1437.50000
v -1000.00000 555.93622 -1437.50000
v -937.50000 598.77130 -1437.50000
v -875.00000 606.47656 -1437.50000
v -812.50000 591.63068 -1437.50000
v -750.00000 585.58002 -1437.50000
v -687.50000 585.39044 -1437.50000
v -625.00000 580.47839 -1437.50000
v -562.50000 582.11914 -1437.50000
v -500.00000 605.94556 -1437.50000
v -437.50000 643.86218 -1437.50000
v -375.00000 683.99683 -1437.50000
v -312.50000 702.71582 -1437.50000
v -250.00000 712.21973 -1437.50000
v -187.50000 704.13690 -1437.50000
v -125.00000 682.43195 -1437.50000
v -62.50000 660.96869 -1437.50000
v 0.00000 645.70422 -1437.50000
v 62.50000 628.62183 -1437.50000
v 125.00000 595.40936 -1437.50000
v 187.50000 560.67499 -1437.50000
v 250.00000 522.99951 -1437.50000
v 312.50000 485.84912 -1437.50000
v 375.00000 454.76315 -1437.50000
v 437.50000 427.09296 -1437.50000
v 500.00000 407.43842 -1437.50000
v 562.50000 399.09808 -1437.50000
v 625.00000 402.72729 -1437.50000
v 687.50000 421.31543 -1437.50000
v 750.00000 441.80673 -1437.50000
v 812.50000 447.11371 -1437.50000
v 875.00000 439.32288 -1437.50000
v 937.50000 424.85306 -1437.50000
v 1000.00000 415.30496 -1437.50000
v 1062.50000 407.82761 -1437.50000
v 1125.00000 401.45062 -1437.50000
v 1187.50000 385.78854 -1437.50000
v 1250.00000 380.17166 -1437.50000
v 1312.50000 370.87997 -1437.50000
v 1375.00000 363.34030 -1437.50000
v 1437.50000 347.81146 -1437.50000
v 1500.00000 321.78027 -1437.50000
v 1562.50000 295.16367 -1437.50000
v 1625.00000 269.51102 -1437.50000
v 1687.50000 243.70567 -1437.50000
v 1750.00000 221.02426 -1437.50000
v 1812.50000 201.98622 -1437.50000
v 1875.00000 186.59232 -1437.50000
v 1937.50000 175.16350 -1437.50000
v 2000.00000 165.47681 -1437.50000
v -2000.00000 169.49762 -1375.00000
v -1937.50000 182.07455 -1375.00000
v -1875.00000 187.80748 -1375.00000
v -1812.50000 197.70934 -1375.00000
v -1750.00000 210.56676 -1375.00000
v -1687.50000 223.93889 -1375.00000
v -1625.00000 236.51035 -1375.00000
v -1562.50000 249.16299 -1375.00000
v -1500.00000 264.48672 -1375.00000
v -1437.50000 286.72604 -1375.00000
v -1375.00000 305.93924 -1375.00000
v -1312.50000 337.92963 -1375.00000
v -1250.00000 374.88495 -1375.00000
v -1187.50000 418.65878 -1375.00000
v -1125.00000 469.97858 -1375.00000
v -1062.50000 525.71942 -1375.00000
v -1000.00000 579.49237 -1375.00000
v -937.50000 624.09894 -1375.00000
v -875.00000 639.95837 -1375.00000
v -812.50000 633.70837 -1375.00000
v -750.00000 631.49646 -1375.00000
v -687.50000 626.92383 -1375.00000
v -625.00000 622.08765 -1375.00000
v -562.50000 629.12067 -1375.00000
v -500.00000 659.10699 -1375.00000
v -437.50000 692.08392 -1375.00000
v -375.00000 717.07745 -1375.00000
v -312.50000 733.59979 -1375.00000
v -250.00000 715.93774 -1375.00000
v -187.50000 705.40320 -1375.00000
v -125.00000 699.54498 -1375.00000
v -62.50000 683.38580 -1375.00000
v 0.00000 672.40875 -1375.00000
v 62.50000 636.94171 -1375.00000
v 125.00000 589.90485 -1375.00000
v 187.50000 548.48096 -1375.00000
v 250.00000 505.83810 -1375.00000
v 312.50000 468.53366 -1375.00000
v 375.00000 439.00714 -1375.00000
v 437.50000 415.80679 -1375.00000
v 500.00000 401.62625 -1375.00000
v 562.50000 410.42416 -1375.00000
v 625.00000 427.85312 -1375.00000
v 687.50000 452.69101 -1375.00000
v 750.00000 469.78079 -1375.00000
v 812.50000 471.52798 -1375.00000
v 875.00000 465.18924 -1375.00000
v 937.50000 450.84781 -1375.00000
v 1000.00000 442.39182 -1375.00000
v 1062.50000 433.72556 -1375.00000
v 1125.00000 421.44086 -1375.00000
v 1187.50000 407.33112 -1375.00000
v 1250.00000 399.86752 -1375.00000
v 1312.50000 389.33572 -1375.00000
v 1375.00000 375.97931 -1375.00000
v 1437.50000 355.88565 -1375.00000
v 1500.00000 330.38049 -1375.00000
v 1562.50000 300.55063 -1375.00000
v 1625.00000 271.18134 -1375.00000
v 1687.50000 244.58932 -1375.00000
v 1750.00000 220.86197 -1375.00000
v 1812.50000 200.19881 -1375.00000
v 1875.00000 183.11331 -1375.00000
v 1937.50000 172.06750 -1375.00000
v 2000.00000 166.71213 -1375.00000
v -2000.00000 189.94760 -1312.50000
v -1937.50000 204.80830 -1312.50000
v -1875.00000 210.32251 -1312.50000
v -1812.50000 219.11273 -1312.50000
v -1750.00000 229.44478 -1312.50000
v -1687.50000 239.66360 -1312.50000
v -1625.00000 249.11723 -1312.50000
v -1562.50000 259.06393 -1312.50000
v -1500.00000 270.71408 -1312.50000
v -1437.50000 285.89786 -1312.50000
v -1375.00000 305.44824 -1312.50000
v -1312.50000 342.21210 -1312.50000
v -1250.00000 385.27591 -1312.50000
v -1187.50000 433.68338 -1312.50000
v -1125.00000 485.89447 -1312.50000
v -1062.50000 539.27557 -1312.50000
v -1000.00000 590.38416 -1312.50000
v -937.50000 635.64569 -1312.50000
v -875.00000 670.24841 -1312.50000
v -812.50000 678.31720 -1312.50000
v -750.00000 676.65149 -1312.50000
v -687.50000 666.58008 -1312.50000
v -625.00000 664.59235 -1312.50000
v -562.50000 676.50305 -1312.50000
v -500.00000 702.05914 -1312.50000
v -437.50000 725.19702 -1312.50000
v -375.00000 739.84930 -1312.50000
v -312.50000 722.89050 -1312.50000
v -250.00000 702.09149 -1312.50000
v -187.50000 696.72931 -1312.50000
v -125.00000 693.41412 -1312.50000
v -62.50000 681.07721 -1312.50000
v 0.00000 661.52795 -1312.50000
v 62.50000 614.61542 -1312.50000
v 125.00000 567.75250 -1312.50000
v 187.50000 519.34039 -1312.50000
v 250.00000 473.26132 -1312.50000
v 312.50000 434.07709 -1312.50000
v 375.00000 407.81161 -1312.50000
v 437.50000 391.08002 -1312.50000
v 500.00000 383.87744 -1312.50000
v 562.50000 396.06461 -1312.50000
v 625.00000 415.34274 -1312.50000
v 687.50000 439.40149 -1312.50000
v 750.00000 459.23953 -1312.50000
v 812.50000 471.85043 -1312.50000
v 875.00000 480.24564 -1312.50000
v 937.50000 473.79645 -1312.50000
v 1000.00000 466.71686 -1312.50000
v 1062.50000 454.62747 -1312.50000
v 1125.00000 438.54559 -1312.50000
v 1187.50000 428.80682 -1312.50000
v 1250.00000 414.35309 -1312.50000
v 1312.50000 392.81784 -1312.50000
v 1375.00000 371.99805 -1312.50000
v 1437.50000 351.21713 -1312.50000
v 1500.00000 324.72656 -1312.50000
v 1562.50000 295.55573 -1312.50000
v 1625.00000 264.11792 -1312.50000
v 1687.50000 239.16757 -1312.50000
v 1750.00000 216.81181 -1312.50000
v 1812.50000 196.69742 -1312.50000
v 1875.00000 179.62114 -1312.50000
v 1937.50000 168.98633 -1312.50000
v 2000.00000 164.83842 -1312.50000
v -2000.00000 209.63936 -1250.00000
v -1937.50000 225.78764 -1250.00000
v -1875.00000 232.48239 -1250.00000
v -1812.50000 241.37216 -1250.00000
v -1750.00000 251.51860 -1250.00000
v -1687.50000 260.87537 -1250.00000
v -1625.00000 268.21973 -1250.00000
v -1562.50000 276.08035 -1250.00000
v -1500.00000 285.33490 -1250.00000
v -1437.50000 293.94464 -1250.00000
v -1375.00000 311.98901 -1250.00000
v -1312.50000 342.54059 -1250.00000
v -1250.00000 384.15997 -1250.00000
v -1187.50000 435.79129 -1250.00000
v -1125.00000 491.98926 -1250.00000
v -1062.50000 547.21313 -1250.00000
v -1000.00000 598.79028 -1250.00000
v -937.50000 646.03876 -1250.00000
v -875.00000 688.19055 -1250.00000
v -812.50000 716.64227 -1250.00000
v -750.00000 711.67560 -1250.00000
v -687.50000 696.40045 -1250.00000
v -625.00000 694.93591 -1250.00000
v -562.50000 708.73010 -1250.00000
v -500.00000 727.59528 -1250.00000
v -437.50000 744.99646 -1250.00000
v -375.00000 734.76807 -1250.00000
v -312.50000 718.02417 -1250.00000
v -250.00000 702.54822 -1250.00000
v -187.50000 699.27692 -1250.00000
v -125.00000 689.43811 -1250.00000
v -62.50000 669.94891 -1250.00000
v 0.00000 636.65515 -1250.00000
v 62.50000 581.58380 -1250.00000
v 125.00000 534.10291 -1250.00000
v 187.50000 483.16098 -1250.00000
v 250.00000 436.31799 -1250.00000
v 312.50000 401.07471 -1250.00000
v 375.00000 383.04636 -1250.00000
v 437.50000 378.29376 -1250.00000
v 500.00000 377.88672 -1250.00000
v 562.50000 392.09418 -1250.00000
v 625.00000 413.26782 -1250.00000
v 687.50000 439.07809 -1250.00000
v 750.00000 459.05707 -1250.00000
v 812.50000 470.99414 -1250.00000
v 875.00000 476.35376 -1250.00000
v 937.50000 471.00040 -1250.00000
v 1000.00000 469.51819 -1250.00000
v 1062.50000 464.92181 -1250.00000
v 1125.00000 454.90567 -1250.00000
v 1187.50000 444.96701 -1250.00000
v 1250.00000 417.54349 -1250.00000
v 1312.50000 388.02789 -1250.00000
v 1375.00000 356.58798 -1250.00000
v 1437.50000 332.95157 -1250.00000
v 1500.00000 306.66592 -1250.00000
v 1562.50000 277.53461 -1250.00000
v 1625.00000 246.56584 -1250.00000
v 1687.50000 223.10027 -1250.00000
v 1750.00000 207.15010 -1250.00000
v 1812.50000 192.68872 -1250.00000
v 1875.00000 178.90150 -1250.00000
v 1937.50000 169.41135 -1250.00000
v 2000.00000 165.29503 -1250.00000
v -2000.00000 223.20016 -1187.50000
v -1937.50000 238.12057 -1187.50000
v -1875.00000 250.88768 -1187.50000
v -1812.50000 262.06393 -1187.50000
v -1750.00000 275.30212 -1187.50000
v -1687.50000 287.05075 -1187.50000
v -1625.00000 295.32254 -1187.50000
v -1562.50000 304.55634 -1187.50000
v -1500.00000 309.25143 -1187.50000
v -1437.50000 309.99347 -1187.50000
v -1375.00000 329.57990 -1187.50000
v -1312.50000 354.10208 -1187.50000
v -1250.00000 388.04031 -1187.50000
v -1187.50000 434.53241 -1187.50000
v -1125.00000 489.37939 -1187.50000
v -1062.50000 545.16028 -1187.50000
v -1000.00000 598.19244 -1187.50000
v -937.50000 649.02148 -1187.50000
v -875.00000 696.85950 -1187.50000
v -812.50000 735.49841 -1187.50000
v -750.00000 735.34729 -1187.50000
v -687.50000 722.89124 -1187.50000
v -625.00000 723.15680 -1187.50000
v -562.50000 734.89069 -1187.50000
v -500.00000 748.98407 -1187.50000
v -437.50000 740.51184 -1187.50000
v -375.00000 728.27643 -1187.50000
v -312.50000 720.33551 -1187.50000
v -250.00000 711.30780 -1187.50000
v -187.50000 711.85754 -1187.50000
v -125.00000 692.91162 -1187.50000
v -62.50000 657.65472 -1187.50000
v 0.00000 610.93939 -1187.50000
v 62.50000 548.39166 -1187.50000
v 125.00000 497.95554 -1187.50000
v 187.50000 446.11447 -1187.50000
v 250.00000 403.98227 -1187.50000
v 312.50000 379.65042 -1187.50000
v 375.00000 371.78003 -1187.50000
v 437.50000 375.52646 -1187.50000
v 500.00000 385.74814 -1187.50000
v 562.50000 410.13239 -1187.50000
v 625.00000 434.70734 -1187.50000
v 687.50000 456.25906 -1187.50000
v 750.00000 469.19537 -1187.50000
v 812.50000 474.08670 -1187.50000
v 875.00000 466.49789 -1187.50000
v 937.50000 460.75189 -1187.50000
v 1000.00000 459.26447 -1187.50000
v 1062.50000 462.78381 -1187.50000
v 1125.00000 461.84601 -1187.50000
v 1187.50000 441.12659 -1187.50000
v 1250.00000 407.34918 -1187.50000
v 1312.50000 372.95782 -1187.50000
v 1375.00000 339.74185 -1187.50000
v 1437.50000 305.34625 -1187.50000
v 1500.00000 284.40387 -1187.50000
v 1562.50000 260.36960 -1187.50000
v 1625.00000 234.40892 -1187.50000
v 1687.50000 212.72147 -1187.50000
v 1750.00000 203.12598 -1187.50000
v 1812.50000 192.65157 -1187.50000
v 1875.00000 180.53821 -1187.50000
v 1937.50000 171.04333 -1187.50000
v 2000.00000 166.50555 -1187.50000
v -2000.00000 225.10617 -1125.00000
v -1937.50000 231.06772 -1125.00000
v -1875.00000 243.06801 -1125.00000
v -1812.50000 261.68579 -1125.00000
v -1750.00000 281.01672 -1125.00000
v -1687.50000 300.15158 -1125.00000
v -1625.00000 316.48584 -1125.00000
v -1562.50000 330.74002 -1125.00000
v -1500.00000 337.19046 -1125.00000
v -1437.50000 342.16660 -1125.00000
v -1375.00000 353.25583 -1125.00000
v -1312.50000 372.45721 -1125.00000
v -1250.00000 398.79016 -1125.00000
v -1187.50000 437.52200 -1125.00000
v -1125.00000 487.49319 -1125.00000
v -1062.50000 541.23926 -1125.00000
v -1000.00000 593.49817 -1125.00000
v -937.50000 643.44696 -1125.00000
v -875.00000 689.80640 -1125.00000
v -812.50000 726.43079 -1125.00000
v -750.00000 734.40631 -1125.00000
v -687.50000 742.00366 -1125.00000
v -625.00000 746.78455 -1125.00000
v -562.50000 754.46002 -1125.00000
v -500.00000 751.11029 -1125.00000
v -437.50000 737.41321 -1125.00000
v -375.00000 729.80237 -1125.00000
v -312.50000 726.86902 -1125.00000
v -250.00000 718.03253 -1125.00000
v -187.50000 709.26630 -1125.00000
v -125.00000 673.74890 -1125.00000
v -62.50000 628.30688 -1125.00000
v 0.00000 575.24823 -1125.00000
v 62.50000 512.92688 -1125.00000
v 125.00000 466.88486 -1125.00000
v 187.50000 424.13190 -1125.00000
v 250.00000 392.78787 -1125.00000
v 312.50000 377.10446 -1125.00000
v 375.00000 373.69962 -1125.00000
v 437.50000 383.29291 -1125.00000
v 500.00000 402.22034 -1125.00000
v 562.50000 429.29312 -1125.00000
v 625.00000 455.30527 -1125.00000
v 687.50000 472.31699 -1125.00000
v 750.00000 478.21539 -1125.00000
v 812.50000 472.39496 -1125.00000
v 875.00000 464.61240 -1125.00000
v 937.50000 460.09570 -1125.00000
v 1000.00000 459.51114 -1125.00000
v 1062.50000 463.18295 -1125.00000
v 1125.00000 451.93735 -1125.00000
v 1187.50000 426.40851 -1125.00000
v 1250.00000 387.76120 -1125.00000
v 1312.50000 351.08524 -1125.00000
v 1375.00000 319.39325 -1125.00000
v 1437.50000 288.77765 -1125.00000
v 1500.00000 262.12717 -1125.00000
v 1562.50000 245.64832 -1125.00000
v 1625.00000 225.63957 -1125.00000
v 1687.50000 208.34535 -1125.00000
v 1750.00000 198.98257 -1125.00000
v 1812.50000 189.18382 -1125.00000
v 1875.00000 178.06049 -1125.00000
v 1937.50000 169.54013 -1125.00000
v 2000.00000 165.75470 -1125.00000
v -2000.00000 223.52312 -1062.50000
v -1937.50000 229.39737 -1062.50000
v -1875.00000 242.36378 -1062.50000
v -1812.50000 261.37000 -1062.50000
v -1750.00000 282.26617 -1062.50000
v -1687.50000 301.16574 -1062.50000
v -1625.00000 319.06329 -1062.50000
v -1562.50000 342.03723 -1062.50000
v -1500.00000 369.20901 -1062.50000
v -1437.50000 375.79877 -1062.50000
v -1375.00000 378.74478 -1062.50000
v -1312.50000 391.29822 -1062.50000
v -1250.00000 414.40131 -1062.50000
v -1187.50000 449.26602 -1062.50000
v -1125.00000 493.92688 -1062.50000
v -1062.50000 541.14288 -1062.50000
v -1000.00000 586.74725 -1062.50000
v -937.50000 630.45752 -1062.50000
v -875.00000 670.63983 -1062.50000
v -812.50000 702.29376 -1062.50000
v -750.00000 719.03302 -1062.50000
v -687.50000 732.71820 -1062.50000
v -625.00000 750.41876 -1062.50000
v -562.50000 760.33435 -1062.50000
v -500.00000 744.43286 -1062.50000
v -437.50000 739.34900 -1062.50000
v -375.00000 737.67780 -1062.50000
v -312.50000 722.83002 -1062.50000
v -250.00000 705.26843 -1062.50000
v -187.50000 682.69995 -1062.50000
v -125.00000 643.59998 -1062.50000
v -62.50000 596.06647 -1062.50000
v 0.00000 557.17389 -1062.50000
v 62.50000 510.39618 -1062.50000
v 125.00000 477.69812 -1062.50000
v 187.50000 444.80432 -1062.50000
v 250.00000 415.22134 -1062.50000
v 312.50000 397.99020 -1062.50000
v 375.00000 396.39285 -1062.50000
v 437.50000 411.96027 -1062.50000
v 500.00000 432.81247 -1062.50000
v 562.50000 460.14240 -1062.50000
v 625.00000 479.23743 -1062.50000
v 687.50000 489.80399 -1062.50000
v 750.00000 490.25748 -1062.50000
v 812.50000 486.73740 -1062.50000
v 875.00000 477.71759 -1062.50000
v 937.50000 468.78171 -1062.50000
v 1000.00000 460.67648 -1062.50000
v 1062.50000 453.07602 -1062.50000
v 1125.00000 437.65109 -1062.50000
v 1187.50000 413.50494 -1062.50000
v 1250.00000 382.94510 -1062.50000
v 1312.50000 350.55011 -1062.50000
v 1375.00000 321.90512 -1062.50000
v 1437.50000 294.20892 -1062.50000
v 1500.00000 264.24402 -1062.50000
v 1562.50000 245.85310 -1062.50000
v 1625.00000 227.31274 -1062.50000
v 1687.50000 210.42421 -1062.50000
v 1750.00000 198.09657 -1062.50000
v 1812.50000 189.18538 -1062.50000
v 1875.00000 178.91811 -1062.50000
v 1937.50000 170.60631 -1062.50000
v 2000.00000 166.52623 -1062.50000
v -2000.00000 228.19933 -1000.00000
v -1937.50000 236.90143 -1000.00000
v -1875.00000 249.94643 -1000.00000
v -1812.50000 267.59500 -1000.00000
v -1750.00000 287.17621 -1000.00000
v -1687.50000 304.17734 -1000.00000
v -1625.00000 317.74622 -1000.00000
v -1562.50000 335.69934 -1000.00000
v -1500.00000 362.75235 -1000.00000
v -1437.50000 390.15720 -1000.00000
v -1375.00000 400.08990 -1000.00000
v -1312.50000 408.38516 -1000.00000
v -1250.00000 431.85727 -1000.00000
v -1187.50000 467.02390 -1000.00000
v -1125.00000 507.45090 -1000.00000
v -1062.50000 545.63159 -1000.00000
v -1000.00000 581.10046 -1000.00000
v -937.50000 617.30389 -1000.00000
v -875.00000 651.96057 -1000.00000
v -812.50000 679.73474 -1000.00000
v -750.00000 700.95435 -1000.00000
v -687.50000 722.96667 -1000.00000
v -625.00000 747.22968 -1000.00000
v -562.50000 747.20148 -1000.00000
v -500.00000 724.73499 -1000.00000
v -437.50000 725.28052 -1000.00000
v -375.00000 731.04535 -1000.00000
v -312.50000 715.74542 -1000.00000
v -250.00000 696.98334 -1000.00000
v -187.50000 671.09991 -1000.00000
v -125.00000 636.37750 -1000.00000
v -62.50000 598.07172 -1000.00000
v 0.00000 564.21356 -1000.00000
v 62.50000 534.83612 -1000.00000
v 125.00000 510.59543 -1000.00000
v 187.50000 488.16196 -1000.00000
v 250.00000 462.64517 -1000.00000
v 312.50000 446.53275 -1000.00000
v 375.00000 443.82288 -1000.00000
v 437.50000 456.66867 -1000.00000
v 500.00000 469.48535 -1000.00000
v 562.50000 492.22089 -1000.00000
v 625.00000 502.48825 -1000.00000
v 687.50000 510.04602 -1000.00000
v 750.00000 514.60034 -1000.00000
v 812.50000 501.64572 -1000.00000
v 875.00000 471.96738 -1000.00000
v 937.50000 447.00867 -1000.00000
v 1000.00000 432.79587 -1000.00000
v 1062.50000 421.38889 -1000.00000
v 1125.00000 407.15173 -1000.00000
v 1187.50000 384.18582 -1000.00000
v 1250.00000 370.67719 -1000.00000
v 1312.50000 344.57788 -1000.00000
v 1375.00000 319.56943 -1000.00000
v 1437.50000 295.50455 -1000.00000
v 1500.00000 271.40823 -1000.00000
v 1562.50000 249.00365 -1000.00000
v 1625.00000 231.80191 -1000.00000
v 1687.50000 211.25789 -1000.00000
v 1750.00000 195.81781 -1000.00000
v 1812.50000 185.87990 -1000.00000
v 1875.00000 178.25668 -1000.00000
v 1937.50000 172.03279 -1000.00000
v 2000.00000 168.24344 -1000.00000
v -2000.00000 239.62933 -937.50000
v -1937.50000 252.11958 -937.50000
v -1875.00000 266.71671 -937.50000
v -1812.50000 283.92935 -937.50000
v -1750.00000 300.06906 -937.50000
v -1687.50000 311.49487 -937.50000
v -1625.00000 319.46960 -937.50000
v -1562.50000 332.32849 -937.50000
v -1500.00000 355.28821 -937.50000
v -1437.50000 379.69418 -937.50000
v -1375.00000 394.16882 -937.50000
v -1312.50000 402.31339 -937.50000
v -1250.00000 426.79337 -937.50000
v -1187.50000 465.42319 -937.50000
v -1125.00000 507.27188 -937.50000
v -1062.50000 542.35272 -937.50000
v -1000.00000 571.65808 -937.50000
v -937.50000 604.51593 -937.50000
v -875.00000 639.49884 -937.50000
v -812.50000 667.34851 -937.50000
v -750.00000 690.17645 -937.50000
v -687.50000 714.63361 -937.50000
v -625.00000 738.06207 -937.50000
v -562.50000 725.39386 -937.50000
v -500.00000 706.32727 -937.50000
v -437.50000 709.29498 -937.50000
v -375.00000 711.84601 -937.50000
v -312.50000 719.12115 -937.50000
v -250.00000 711.91113 -937.50000
v -187.50000 686.21985 -937.50000
v -125.00000 652.66895 -937.50000
v -62.50000 618.76489 -937.50000
v 0.00000 590.61426 -937.50000
v 62.50000 569.35272 -937.50000
v 125.00000 553.39508 -937.50000
v 187.50000 544.32178 -937.50000
v 250.00000 524.30798 -937.50000
v 312.50000 509.25262 -937.50000
v 375.00000 501.14383 -937.50000
v 437.50000 498.21231 -937.50000
v 500.00000 500.73514 -937.50000
v 562.50000 498.98587 -937.50000
v 625.00000 501.52979 -937.50000
v 687.50000 513.06775 -937.50000
v 750.00000 505.46570 -937.50000
v 812.50000 472.80408 -937.50000
v 875.00000 436.66922 -937.50000
v 937.50000 409.85452 -937.50000
v 1000.00000 394.60446 -937.50000
v 1062.50000 384.13159 -937.50000
v 1125.00000 375.10150 -937.50000
v 1187.50000 357.98700 -937.50000
v 1250.00000 350.76505 -937.50000
v 1312.50000 333.54349 -937.50000
v 1375.00000 311.79144 -937.50000
v 1437.50000 290.04611 -937.50000
v 1500.00000 268.48392 -937.50000
v 1562.50000 244.13272 -937.50000
v 1625.00000 225.63687 -937.50000
v 1687.50000 208.90414 -937.50000
v 1750.00000 196.94221 -937.50000
v 1812.50000 188.91023 -937.50000
v 1875.00000 181.08334 -937.50000
v 1937.50000 173.74796 -937.50000
v 2000.00000 169.58585 -937.50000
v -2000.00000 260.70184 -875.00000
v -1937.50000 276.93768 -875.00000
v -1875.00000 290.15356 -875.00000
v -1812.50000 304.63684 -875.00000
v -1750.00000 317.19977 -875.00000
v -1687.50000 322.69461 -875.00000
v -1625.00000 325.79993 -875.00000
v -1562.50000 335.73260 -875.00000
v -1500.00000 352.27368 -875.00000
v -1437.50000 370.38092 -875.00000
v -1375.00000 382.51337 -875.00000
v -1312.50000 391.65570 -875.00000
v -1250.00000 415.63586 -875.00000
v -1187.50000 456.65283 -875.00000
v -1125.00000 500.19092 -875.00000
v -1062.50000 535.93219 -875.00000
v -1000.00000 570.65448 -875.00000
v -937.50000 605.08167 -875.00000
v -875.00000 637.11115 -875.00000
v -812.50000 665.16107 -875.00000
v -750.00000 693.13538 -875.00000
v -687.50000 720.53632 -875.00000
v -625.00000 722.58813 -875.00000
v -562.50000 703.87323 -875.00000
v -500.00000 693.36725 -875.00000
v -437.50000 689.72864 -875.00000
v -375.00000 684.83929 -875.00000
v -312.50000 695.38531 -875.00000
v -250.00000 709.75964 -875.00000
v -187.50000 690.80688 -875.00000
v -125.00000 663.58002 -875.00000
v -62.50000 640.65137 -875.00000
v 0.00000 618.22278 -875.00000
v 62.50000 605.91034 -875.00000
v 125.00000 599.30292 -875.00000
v 187.50000 598.45062 -875.00000
v 250.00000 580.89630 -875.00000
v 312.50000 563.99780 -875.00000
v 375.00000 542.04163 -875.00000
v 437.50000 520.20471 -875.00000
v 500.00000 497.21127 -875.00000
v 562.50000 478.62097 -875.00000
v 625.00000 482.31680 -875.00000
v 687.50000 489.93771 -875.00000
v 750.00000 469.36121 -875.00000
v 812.50000 433.86502 -875.00000
v 875.00000 401.14185 -875.00000
v 937.50000 378.75787 -875.00000
v 1000.00000 365.58240 -875.00000
v 1062.50000 356.71884 -875.00000
v 1125.00000 351.35883 -875.00000
v 1187.50000 342.15765 -875.00000
v 1250.00000 331.72830 -875.00000
v 1312.50000 314.91052 -875.00000
v 1375.00000 295.23691 -875.00000
v 1437.50000 275.51337 -875.00000
v 1500.00000 256.12283 -875.00000
v 1562.50000 235.54443 -875.00000
v 1625.00000 215.56819 -875.00000
v 1687.50000 203.94609 -875.00000
v 1750.00000 194.27841 -875.00000
v 1812.50000 187.52400 -875.00000
v 1875.00000 180.15839 -875.00000
v 1937.50000 173.25606 -875.00000
v 2000.00000 169.40434 -875.00000
v -2000.00000 287.60648 -812.50000
v -1937.50000 307.54532 -812.50000
v -1875.00000 319.40079 -812.50000
v -1812.50000 330.02246 -812.50000
v -1750.00000 338.45221 -812.50000
v -1687.50000 340.59543 -812.50000
v -1625.00000 339.36868 -812.50000
v -1562.50000 348.38873 -812.50000
v -1500.00000 361.88617 -812.50000
v -1437.50000 373.58914 -812.50000
v -1375.00000 379.02103 -812.50000
v -1312.50000 385.18692 -812.50000
v -1250.00000 407.23602 -812.50000
v -1187.50000 447.01138 -812.50000
v -1125.00000 487.96756 -812.50000
v -1062.50000 523.37024 -812.50000
v -1000.00000 561.00842 -812.50000
v -937.50000 599.61182 -812.50000
v -875.00000 636.36627 -812.50000
v -812.50000 656.44562 -812.50000
v -750.00000 681.09003 -812.50000
v -687.50000 705.66101 -812.50000
v -625.00000 709.20160 -812.50000
v -562.50000 696.69995 -812.50000
v -500.00000 683.98981 -812.50000
v -437.50000 670.02197 -812.50000
v -375.00000 660.55933 -812.50000
v -312.50000 669.03729 -812.50000
v -250.00000 683.81464 -812.50000
v -187.50000 665.60156 -812.50000
v -125.00000 645.99670 -812.50000
v -62.50000 641.05139 -812.50000
v 0.00000 640.05322 -812.50000
v 62.50000 632.94055 -812.50000
v 125.00000 633.30164 -812.50000
v 187.50000 636.03479 -812.50000
v 250.00000 615.62549 -812.50000
v 312.50000 585.73663 -812.50000
v 375.00000 549.09479 -812.50000
v 437.50000 511.69220 -812.50000
v 500.00000 481.30594 -812.50000
v 562.50000 468.85062 -812.50000
v 625.00000 469.19919 -812.50000
v 687.50000 463.05530 -812.50000
v 750.00000 435.40012 -812.50000
v 812.50000 403.98987 -812.50000
v 875.00000 379.00827 -812.50000
v 937.50000 362.08539 -812.50000
v 1000.00000 350.57312 -812.50000
v 1062.50000 341.43750 -812.50000
v 1125.00000 335.18604 -812.50000
v 1187.50000 333.83139 -812.50000
v 1250.00000 332.64603 -812.50000
v 1312.50000 321.62631 -812.50000
v 1375.00000 299.92065 -812.50000
v 1437.50000 278.24588 -812.50000
v 1500.00000 258.53729 -812.50000
v 1562.50000 240.41328 -812.50000
v 1625.00000 222.74202 -812.50000
v 1687.50000 208.16148 -812.50000
v 1750.00000 199.85956 -812.50000
v 1812.50000 194.05313 -812.50000
v 1875.00000 188.02374 -812.50000
v 1937.50000 179.16002 -812.50000
v 2000.00000 172.09372 -812.50000
v -2000.00000 307.42633 -750.00000
v -1937.50000 333.07758 -750.00000
v -1875.00000 350.23792 -750.00000
v -1812.50000 359.35550 -750.00000
v -1750.00000 364.95517 -750.00000
v -1687.50000 368.33936 -750.00000
v -1625.00000 364.89011 -750.00000
v -1562.50000 369.11295 -750.00000
v -1500.00000 378.41684 -750.00000
v -1437.50000 381.30011 -750.00000
v -1375.00000 379.45490 -750.00000
v -1312.50000 386.52304 -750.00000
v -1250.00000 409.77304 -750.00000
v -1187.50000 449.43726 -750.00000
v -1125.00000 489.99570 -750.00000
v -1062.50000 521.02625 -750.00000
v -1000.00000 555.03546 -750.00000
v -937.50000 588.92889 -750.00000
v -875.00000 617.08820 -750.00000
v -812.50000 622.64801 -750.00000
v -750.00000 646.33026 -750.00000
v -687.50000 678.21075 -750.00000
v -625.00000 701.35822 -750.00000
v -562.50000 689.03442 -750.00000
v -500.00000 670.63354 -750.00000
v -437.50000 655.33740 -750.00000
v -375.00000 648.49292 -750.00000
v -312.50000 652.89355 -750.00000
v -250.00000 663.25378 -750.00000
v -187.50000 650.16632 -750.00000
v -125.00000 638.11224 -750.00000
v -62.50000 635.38062 -750.00000
v 0.00000 638.80798 -750.00000
v 62.50000 639.04822 -750.00000
v 125.00000 641.46661 -750.00000
v 187.50000 646.82697 -750.00000
v 250.00000 638.27869 -750.00000
v 312.50000 613.85669 -750.00000
v 375.00000 576.75775 -750.00000
v 437.50000 529.68860 -750.00000
v 500.00000 491.74811 -750.00000
v 562.50000 474.19958 -750.00000
v 625.00000 467.90262 -750.00000
v 687.50000 452.16000 -750.00000
v 750.00000 425.16422 -750.00000
v 812.50000 397.61282 -750.00000
v 875.00000 376.06113 -750.00000
v 937.50000 358.85336 -750.00000
v 1000.00000 344.48724 -750.00000
v 1062.50000 333.48080 -750.00000
v 1125.00000 326.38773 -750.00000
v 1187.50000 323.94598 -750.00000
v 1250.00000 319.37772 -750.00000
v 1312.50000 313.03879 -750.00000
v 1375.00000 300.81271 -750.00000
v 1437.50000 284.58337 -750.00000
v 1500.00000 268.06259 -750.00000
v 1562.50000 251.42599 -750.00000
v 1625.00000 235.07961 -750.00000
v 1687.50000 219.34341 -750.00000
v 1750.00000 206.43457 -750.00000
v 1812.50000 200.88609 -750.00000
v 1875.00000 195.51541 -750.00000
v 1937.50000 186.16328 -750.00000
v 2000.00000 178.84969 -750.00000
v -2000.00000 291.73126 -687.50000
v -1937.50000 318.88208 -687.50000
v -1875.00000 350.27289 -687.50000
v -1812.50000 380.35724 -687.50000
v -1750.00000 394.33621 -687.50000
v -1687.50000 400.42648 -687.50000
v -1625.00000 395.69308 -687.50000
v -1562.50000 394.92026 -687.50000
v -1500.00000 398.92593 -687.50000
v -1437.50000 389.75613 -687.50000
v -1375.00000 385.75128 -687.50000
v -1312.50000 396.67041 -687.50000
v -1250.00000 421.87280 -687.50000
v -1187.50000 460.30759 -687.50000
v -1125.00000 500.69675 -687.50000
v -1062.50000 529.45764 -687.50000
v -1000.00000 558.89307 -687.50000
v -937.50000 587.02148 -687.50000
v -875.00000 592.15723 -687.50000
v -812.50000 594.01965 -687.50000
v -750.00000 614.95905 -687.50000
v -687.50000 647.09601 -687.50000
v -625.00000 680.25739 -687.50000
v -562.50000 685.43463 -687.50000
v -500.00000 659.74701 -687.50000
v -437.50000 651.49371 -687.50000
v -375.00000 648.38287 -687.50000
v -312.50000 655.04907 -687.50000
v -250.00000 670.76636 -687.50000
v -187.50000 665.34595 -687.50000
v -125.00000 652.92657 -687.50000
v -62.50000 650.45111 -687.50000
v 0.00000 654.80487 -687.50000
v 62.50000 657.39514 -687.50000
v 125.00000 665.34137 -687.50000
v 187.50000 678.33008 -687.50000
v 250.00000 684.23468 -687.50000
v 312.50000 672.12567 -687.50000
v 375.00000 642.13373 -687.50000
v 437.50000 593.16272 -687.50000
v 500.00000 540.46204 -687.50000
v 562.50000 507.70044 -687.50000
v 625.00000 499.02267 -687.50000
v 687.50000 480.01376 -687.50000
v 750.00000 453.35904 -687.50000
v 812.50000 421.81113 -687.50000
v 875.00000 396.47769 -687.50000
v 937.50000 376.14389 -687.50000
v 1000.00000 357.08554 -687.50000
v 1062.50000 340.03296 -687.50000
v 1125.00000 328.55283 -687.50000
v 1187.50000 319.58252 -687.50000
v 1250.00000 310.58548 -687.50000
v 1312.50000 301.11078 -687.50000
v 1375.00000 290.04736 -687.50000
v 1437.50000 277.71686 -687.50000
v 1500.00000 264.08829 -687.50000
v 1562.50000 249.19667 -687.50000
v 1625.00000 234.02043 -687.50000
v 1687.50000 220.75290 -687.50000
v 1750.00000 210.50462 -687.50000
v 1812.50000 201.31197 -687.50000
v 1875.00000 191.58368 -687.50000
v 1937.50000 184.03194 -687.50000
v 2000.00000 180.68773 -687.50000
v -2000.00000 274.38080 -625.00000
v -1937.50000 297.36969 -625.00000
v -1875.00000 331.00351 -625.00000
v -1812.50000 369.18478 -625.00000
v -1750.00000 404.86786 -625.00000
v -1687.50000 427.90662 -625.00000
v -1625.00000 422.77454 -625.00000
v -1562.50000 422.43607 -625.00000
v -1500.00000 422.87515 -625.00000
v -1437.50000 405.22437 -625.00000
v -1375.00000 401.82462 -625.00000
v -1312.50000 414.55829 -625.00000
v -1250.00000 440.16556 -625.00000
v -1187.50000 473.67938 -625.00000
v -1125.00000 506.96445 -625.00000
v -1062.50000 533.90747 -625.00000
v -1000.00000 555.50885 -625.00000
v -937.50000 575.42932 -625.00000
v -875.00000 578.78143 -625.00000
v -812.50000 581.26685 -625.00000
v -750.00000 597.57361 -625.00000
v -687.50000 629.90833 -625.00000
v -625.00000 666.98901 -625.00000
v -562.50000 667.07294 -625.00000
v -500.00000 645.05945 -625.00000
v -437.50000 649.00983 -625.00000
v -375.00000 658.34485 -625.00000
v -312.50000 675.62830 -625.00000
v -250.00000 698.44269 -625.00000
v -187.50000 704.14502 -625.00000
v -125.00000 699.58673 -625.00000
v -62.50000 703.02686 -625.00000
v 0.00000 712.14270 -625.00000
v 62.50000 723.95673 -625.00000
v 125.00000 741.99982 -625.00000
v 187.50000 759.72534 -625.00000
v 250.00000 768.58691 -625.00000
v 312.50000 762.54492 -625.00000
v 375.00000 733.89264 -625.00000
v 437.50000 688.21844 -625.00000
v 500.00000 628.47168 -625.00000
v 562.50000 582.24750 -625.00000
v 625.00000 559.62238 -625.00000
v 687.50000 531.14679 -625.00000
v 750.00000 502.62912 -625.00000
v 812.50000 465.82700 -625.00000
v 875.00000 437.42249 -625.00000
v 937.50000 417.46558 -625.00000
v 1000.00000 396.94501 -625.00000
v 1062.50000 372.25314 -625.00000
v 1125.00000 354.40649 -625.00000
v 1187.50000 339.13513 -625.00000
v 1250.00000 325.08456 -625.00000
v 1312.50000 312.55661 -625.00000
v 1375.00000 298.98343 -625.00000
v 1437.50000 284.91507 -625.00000
v 1500.00000 270.45639 -625.00000
v 1562.50000 255.86418 -625.00000
v 1625.00000 240.51645 -625.00000
v 1687.50000 225.45357 -625.00000
v 1750.00000 212.97801 -625.00000
v 1812.50000 202.99878 -625.00000
v 1875.00000 194.07468 -625.00000
v 1937.50000 186.81537 -625.00000
v 2000.00000 182.41908 -625.00000
v -2000.00000 264.72812 -562.50000
v -1937.50000 280.31332 -562.50000
v -1875.00000 311.98926 -562.50000
v -1812.50000 352.96567 -562.50000
v -1750.00000 394.82120 -562.50000
v -1687.50000 428.86581 -562.50000
v -1625.00000 445.26660 -562.50000
v -1562.50000 441.57693 -562.50000
v -1500.00000 445.66446 -562.50000
v -1437.50000 428.77625 -562.50000
v -1375.00000 426.99350 -562.50000
v -1312.50000 438.63538 -562.50000
v -1250.00000 465.65472 -562.50000
v -1187.50000 495.12936 -562.50000
v -1125.00000 518.14886 -562.50000
v -1062.50000 531.85968 -562.50000
v -1000.00000 545.33398 -562.50000
v -937.50000 562.54376 -562.50000
v -875.00000 575.29053 -562.50000
v -812.50000 586.68958 -562.50000
v -750.00000 608.44403 -562.50000
v -687.50000 641.50153 -562.50000
v -625.00000 667.06000 -562.50000
v -562.50000 646.95758 -562.50000
v -500.00000 635.00281 -562.50000
v -437.50000 642.82922 -562.50000
v -375.00000 671.88190 -562.50000
v -312.50000 707.47211 -562.50000
v -250.00000 740.32275 -562.50000
v -187.50000 765.54089 -562.50000
v -125.00000 776.48517 -562.50000
v -62.50000 790.77106 -562.50000
v 0.00000 808.18024 -562.50000
v 62.50000 831.26184 -562.50000
v 125.00000 857.12769 -562.50000
v 187.50000 877.07275 -562.50000
v 250.00000 883.74744 -562.50000
v 312.50000 875.30737 -562.50000
v 375.00000 844.48181 -562.50000
v 437.50000 801.43768 -562.50000
v 500.00000 740.89697 -562.50000
v 562.50000 686.13928 -562.50000
v 625.00000 643.03094 -562.50000
v 687.50000 600.99866 -562.50000
v 750.00000 566.96405 -562.50000
v 812.50000 525.91669 -562.50000
v 875.00000 496.66772 -562.50000
v 937.50000 478.33646 -562.50000
v 1000.00000 457.99509 -562.50000
v 1062.50000 427.95822 -562.50000
v 1125.00000 409.28351 -562.50000
v 1187.50000 384.87906 -562.50000
v 1250.00000 362.98071 -562.50000
v 1312.50000 345.22571 -562.50000
v 1375.00000 327.73718 -562.50000
v 1437.50000 311.73694 -562.50000
v 1500.00000 295.68738 -562.50000
v 1562.50000 280.51422 -562.50000
v 1625.00000 264.40619 -562.50000
v 1687.50000 247.55075 -562.50000
v 1750.00000 231.84543 -562.50000
v 1812.50000 218.91586 -562.50000
v 1875.00000 207.93484 -562.50000
v 1937.50000 198.50938 -562.50000
v 2000.00000 190.47784 -562.50000
v -2000.00000 263.03812 -500.00000
v -1937.50000 276.17508 -500.00000
v -1875.00000 305.68283 -500.00000
v -1812.50000 346.94360 -500.00000
v -1750.00000 393.88251 -500.00000
v -1687.50000 434.19348 -500.00000
v -1625.00000 465.10452 -500.00000
v -1562.50000 464.62296 -500.00000
v -1500.00000 470.71231 -500.00000
v -1437.50000 458.07489 -500.00000
v -1375.00000 457.76981 -500.00000
v -1312.50000 469.34976 -500.00000
v -1250.00000 497.90604 -500.00000
v -1187.50000 521.81042 -500.00000
v -1125.00000 529.38080 -500.00000
v -1062.50000 528.07135 -500.00000
v -1000.00000 536.75299 -500.00000
v -937.50000 559.17749 -500.00000
v -875.00000 583.22144 -500.00000
v -812.50000 605.82062 -500.00000
v -750.00000 639.32111 -500.00000
v -687.50000 670.21796 -500.00000
v -625.00000 662.13788 -500.00000
v -562.50000 643.43494 -500.00000
v -500.00000 637.42694 -500.00000
v -437.50000 651.38617 -500.00000
v -375.00000 688.47632 -500.00000
v -312.50000 743.26447 -500.00000
v -250.00000 791.11597 -500.00000
v -187.50000 837.22272 -500.00000
v -125.00000 864.74554 -500.00000
v -62.50000 889.88885 -500.00000
v 0.00000 915.68585 -500.00000
v 62.50000 947.23114 -500.00000
v 125.00000 977.88074 -500.00000
v 187.50000 999.63300 -500.00000
v 250.00000 1006.13824 -500.00000
v 312.50000 994.04364 -500.00000
v 375.00000 962.00946 -500.00000
v 437.50000 921.26740 -500.00000
v 500.00000 861.41156 -500.00000
v 562.50000 800.26929 -500.00000
v 625.00000 734.61176 -500.00000
v 687.50000 681.33716 -500.00000
v 750.00000 638.05420 -500.00000
v 812.50000 594.28528 -500.00000
v 875.00000 565.11877 -500.00000
v 937.50000 547.32434 -500.00000
v 1000.00000 526.82758 -500.00000
v 1062.50000 496.95288 -500.00000
v 1125.00000 476.58646 -500.00000
v 1187.50000 448.46667 -500.00000
v 1250.00000 420.86349 -500.00000
v 1312.50000 400.10815 -500.00000
v 1375.00000 386.38553 -500.00000
v 1437.50000 369.55664 -500.00000
v 1500.00000 348.21500 -500.00000
v 1562.50000 322.90723 -500.00000
v 1625.00000 305.42569 -500.00000
v 1687.50000 286.67023 -500.00000
v 1750.00000 268.01056 -500.00000
v 1812.50000 251.56963 -500.00000
v 1875.00000 237.14909 -500.00000
v 1937.50000 224.28810 -500.00000
v 2000.00000 210.60602 -500.00000
v -2000.00000 276.02054 -437.50000
v -1937.50000 292.61087 -437.50000
v -1875.00000 323.80508 -437.50000
v -1812.50000 362.86575 -437.50000
v -1750.00000 407.06360 -437.50000
v -1687.50000 446.23822 -437.50000
v -1625.00000 483.06973 -437.50000
v -1562.50000 495.42215 -437.50000
v -1500.00000 502.21384 -437.50000
v -1437.50000 493.08716 -437.50000
v -1375.00000 494.50290 -437.50000
v -1312.50000 507.66519 -437.50000
v -1250.00000 535.19385 -437.50000
v -1187.50000 548.20825 -437.50000
v -1125.00000 533.43243 -437.50000
v -1062.50000 527.84906 -437.50000
v -1000.00000 534.36646 -437.50000
v -937.50000 554.24200 -437.50000
v -875.00000 583.85492 -437.50000
v -812.50000 616.07306 -437.50000
v -750.00000 657.78888 -437.50000
v -687.50000 695.73517 -437.50000
v -625.00000 681.26538 -437.50000
v -562.50000 663.17566 -437.50000
v -500.00000 659.74487 -437.50000
v -437.50000 685.10437 -437.50000
v -375.00000 732.71161 -437.50000
v -312.50000 792.19324 -437.50000
v -250.00000 854.54865 -437.50000
v -187.50000 903.02338 -437.50000
v -125.00000 946.53802 -437.50000
v -62.50000 980.21204 -437.50000
v 0.00000 1012.63080 -437.50000
v 62.50000 1050.36731 -437.50000
v 125.00000 1085.62390 -437.50000
v 187.50000 1110.41248 -437.50000
v 250.00000 1119.12549 -437.50000
v 312.50000 1106.49353 -437.50000
v 375.00000 1076.38599 -437.50000
v 437.50000 1039.45227 -437.50000
v 500.00000 980.87012 -437.50000
v 562.50000 905.31561 -437.50000
v 625.00000 828.61011 -437.50000
v 687.50000 762.23352 -437.50000
v 750.00000 709.24487 -437.50000
v 812.50000 663.02637 -437.50000
v 875.00000 632.87421 -437.50000
v 937.50000 613.41833 -437.50000
v 1000.00000 592.54187 -437.50000
v 1062.50000 567.52197 -437.50000
v 1125.00000 542.24219 -437.50000
v 1187.50000 515.72711 -437.50000
v 1250.00000 495.41534 -437.50000
v 1312.50000 477.59009 -437.50000
v 1375.00000 457.80057 -437.50000
v 1437.50000 435.34891 -437.50000
v 1500.00000 414.73810 -437.50000
v 1562.50000 389.67331 -437.50000
v 1625.00000 363.63531 -437.50000
v 1687.50000 342.87314 -437.50000
v 1750.00000 319.91296 -437.50000
v 1812.50000 298.92941 -437.50000
v 1875.00000 279.88370 -437.50000
v 1937.50000 262.97574 -437.50000
v 2000.00000 243.31390 -437.50000
v -2000.00000 318.54904 -375.00000
v -1937.50000 338.74738 -375.00000
v -1875.00000 366.38477 -375.00000
v -1812.50000 401.36957 -375.00000
v -1750.00000 437.96405 -375.00000
v -1687.50000 471.08835 -375.00000
v -1625.00000 495.90112 -375.00000
v -1562.50000 519.08154 -375.00000
v -1500.00000 537.22278 -375.00000
v -1437.50000 533.73761 -375.00000
v -1375.00000 539.66284 -375.00000
v -1312.50000 552.68408 -375.00000
v -1250.00000 575.51501 -375.00000
v -1187.50000 568.67926 -375.00000
v -1125.00000 543.51166 -375.00000
v -1062.50000 532.35553 -375.00000
v -1000.00000 535.85681 -375.00000
v -937.50000 549.52167 -375.00000
v -875.00000 575.80188 -375.00000
v -812.50000 617.99823 -375.00000
v -750.00000 664.17914 -375.00000
v -687.50000 712.52838 -375.00000
v -625.00000 716.76569 -375.00000
v -562.50000 704.13788 -375.00000
v -500.00000 705.85400 -375.00000
v -437.50000 737.11902 -375.00000
v -375.00000 787.09937 -375.00000
v -312.50000 845.18018 -375.00000
v -250.00000 904.25824 -375.00000
v -187.50000 958.02423 -375.00000
v -125.00000 1012.41223 -375.00000
v -62.50000 1052.11365 -375.00000
v 0.00000 1088.55322 -375.00000
v 62.50000 1130.77710 -375.00000
v 125.00000 1171.30164 -375.00000
v 187.50000 1200.20447 -375.00000
v 250.00000 1212.29919 -375.00000
v 312.50000 1202.74146 -375.00000
v 375.00000 1178.90710 -375.00000
v 437.50000 1147.41296 -375.00000
v 500.00000 1084.22717 -375.00000
v 562.50000 1004.16541 -375.00000
v 625.00000 922.48993 -375.00000
v 687.50000 842.94617 -375.00000
v 750.00000 778.95404 -375.00000
v 812.50000 728.91046 -375.00000
v 875.00000 695.82239 -375.00000
v 937.50000 673.24756 -375.00000
v 1000.00000 653.11328 -375.00000
v 1062.50000 632.79468 -375.00000
v 1125.00000 612.17328 -375.00000
v 1187.50000 592.49030 -375.00000
v 1250.00000 574.90942 -375.00000
v 1312.50000 555.08618 -375.00000
v 1375.00000 533.39008 -375.00000
v 1437.50000 510.98495 -375.00000
v 1500.00000 489.32471 -375.00000
v 1562.50000 464.10818 -375.00000
v 1625.00000 430.49979 -375.00000
v 1687.50000 407.37051 -375.00000
v 1750.00000 378.39560 -375.00000
v 1812.50000 351.72980 -375.00000
v 1875.00000 327.55432 -375.00000
v 1937.50000 306.83875 -375.00000
v 2000.00000 282.62799 -375.00000
v -2000.00000 355.95593 -312.50000
v -1937.50000 386.38077 -312.50000
v -1875.00000 412.22778 -312.50000
v -1812.50000 444.23584 -312.50000
v -1750.00000 474.96213 -312.50000
v -1687.50000 495.93634 -312.50000
v -1625.00000 509.79309 -312.50000
v -1562.50000 527.05725 -312.50000
v -1500.00000 554.92047 -312.50000
v -1437.50000 573.77740 -312.50000
v -1375.00000 588.52850 -312.50000
v -1312.50000 600.42358 -312.50000
v -1250.00000 617.02704 -312.50000
v -1187.50000 600.29285 -312.50000
v -1125.00000 567.93274 -312.50000
v -1062.50000 549.73981 -312.50000
v -1000.00000 550.68524 -312.50000
v -937.50000 563.31512 -312.50000
v -875.00000 586.11621 -312.50000
v -812.50000 622.39777 -312.50000
v -750.00000 667.97382 -312.50000
v -687.50000 720.98285 -312.50000
v -625.00000 755.38080 -312.50000
v -562.50000 753.39160 -312.50000
v -500.00000 757.15546 -312.50000
v -437.50000 788.62598 -312.50000
v -375.00000 835.80035 -312.50000
v -312.50000 883.52563 -312.50000
v -250.00000 926.52966 -312.50000
v -187.50000 982.49213 -312.50000
v -125.00000 1039.70837 -312.50000
v -62.50000 1092.52026 -312.50000
v 0.00000 1133.81702 -312.50000
v 62.50000 1173.61438 -312.50000
v 125.00000 1214.47620 -312.50000
v 187.50000 1249.36279 -312.50000
v 250.00000 1271.84326 -312.50000
v 312.50000 1273.14990 -312.50000
v 375.00000 1260.30249 -312.50000
v 437.50000 1232.09180 -312.50000
v 500.00000 1169.48706 -312.50000
v 562.50000 1096.32275 -312.50000
v 625.00000 1012.97705 -312.50000
v 687.50000 924.90747 -312.50000
v 750.00000 850.07098 -312.50000
v 812.50000 794.43536 -312.50000
v 875.00000 756.85620 -312.50000
v 937.50000 730.93103 -312.50000
v 1000.00000 712.29523 -312.50000
v 1062.50000 695.90546 -312.50000
v 1125.00000 680.37512 -312.50000
v 1187.50000 666.66687 -312.50000
v 1250.00000 651.66956 -312.50000
v 1312.50000 633.18817 -312.50000
v 1375.00000 613.73981 -312.50000
v 1437.50000 592.51801 -312.50000
v 1500.00000 568.99915 -312.50000
v 1562.50000 536.56464 -312.50000
v 1625.00000 499.17853 -312.50000
v 1687.50000 469.48456 -312.50000
v 1750.00000 433.43539 -312.50000
v 1812.50000 400.88348 -312.50000
v 1875.00000 371.81726 -312.50000
v 1937.50000 347.74710 -312.50000
v 2000.00000 320.35779 -312.50000
v -2000.00000 395.22281 -250.00000
v -1937.50000 425.30225 -250.00000
v -1875.00000 452.27390 -250.00000
v -1812.50000 483.59674 -250.00000
v -1750.00000 509.40582 -250.00000
v -1687.50000 519.97772 -250.00000
v -1625.00000 527.21436 -250.00000
v -1562.50000 544.08105 -250.00000
v -1500.00000 565.97937 -250.00000
v -1437.50000 591.74615 -250.00000
v -1375.00000 627.56146 -250.00000
v -1312.50000 643.39398 -250.00000
v -1250.00000 653.55505 -250.00000
v -1187.50000 631.81104 -250.00000
v -1125.00000 601.09991 -250.00000
v -1062.50000 582.84790 -250.00000
v -1000.00000 581.20178 -250.00000
v -937.50000 589.95837 -250.00000
v -875.00000 612.98242 -250.00000
v -812.50000 651.22778 -250.00000
v -750.00000 695.33173 -250.00000
v -687.50000 743.71069 -250.00000
v -625.00000 782.49969 -250.00000
v -562.50000 789.77008 -250.00000
v -500.00000 790.04370 -250.00000
v -437.50000 812.37189 -250.00000
v -375.00000 845.56262 -250.00000
v -312.50000 880.39795 -250.00000
v -250.00000 924.62378 -250.00000
v -187.50000 975.22351 -250.00000
v -125.00000 1032.27136 -250.00000
v -62.50000 1084.28857 -250.00000
v 0.00000 1120.10315 -250.00000
v 62.50000 1154.05701 -250.00000
v 125.00000 1191.56458 -250.00000
v 187.50000 1226.47119 -250.00000
v 250.00000 1254.59717 -250.00000
v 312.50000 1287.79883 -250.00000
v 375.00000 1302.06885 -250.00000
v 437.50000 1287.67590 -250.00000
v 500.00000 1238.99524 -250.00000
v 562.50000 1173.05139 -250.00000
v 625.00000 1090.89453 -250.00000
v 687.50000 1004.57196 -250.00000
v 750.00000 924.42926 -250.00000
v 812.50000 863.23907 -250.00000
v 875.00000 821.34125 -250.00000
v 937.50000 793.50848 -250.00000
v 1000.00000 775.56494 -250.00000
v 1062.50000 761.83057 -250.00000
v 1125.00000 750.54132 -250.00000
v 1187.50000 740.76025 -250.00000
v 1250.00000 728.40704 -250.00000
v 1312.50000 712.08838 -250.00000
v 1375.00000 694.51483 -250.00000
v 1437.50000 673.25690 -250.00000
v 1500.00000 646.31195 -250.00000
v 1562.50000 602.18054 -250.00000
v 1625.00000 562.04095 -250.00000
v 1687.50000 522.06995 -250.00000
v 1750.00000 477.54248 -250.00000
v 1812.50000 438.13611 -250.00000
v 1875.00000 403.48810 -250.00000
v 1937.50000 375.23694 -250.00000
v 2000.00000 347.93405 -250.00000
v -2000.00000 408.90927 -187.50000
v -1937.50000 428.27924 -187.50000
v -1875.00000 456.41071 -187.50000
v -1812.50000 493.59299 -187.50000
v -1750.00000 529.38806 -187.50000
v -1687.50000 546.71155 -187.50000
v -1625.00000 553.20624 -187.50000
v -1562.50000 566.02728 -187.50000
v -1500.00000 580.47388 -187.50000
v -1437.50000 600.78925 -187.50000
v -1375.00000 633.94733 -187.50000
v -1312.50000 657.22461 -187.50000
v -1250.00000 663.81073 -187.50000
v -1187.50000 647.96667 -187.50000
v -1125.00000 628.65881 -187.50000
v -1062.50000 617.36206 -187.50000
v -1000.00000 618.59839 -187.50000
v -937.50000 628.29565 -187.50000
v -875.00000 651.91467 -187.50000
v -812.50000 694.16992 -187.50000
v -750.00000 735.32391 -187.50000
v -687.50000 775.29651 -187.50000
v -625.00000 801.29114 -187.50000
v -562.50000 800.12531 -187.50000
v -500.00000 798.94775 -187.50000
v -437.50000 813.69073 -187.50000
v -375.00000 846.72925 -187.50000
v -312.50000 882.98273 -187.50000
v -250.00000 928.76971 -187.50000
v -187.50000 977.88177 -187.50000
v -125.00000 1028.17065 -187.50000
v -62.50000 1057.03430 -187.50000
v 0.00000 1071.77014 -187.50000
v 62.50000 1092.54309 -187.50000
v 125.00000 1122.17371 -187.50000
v 187.50000 1154.08777 -187.50000
v 250.00000 1182.26050 -187.50000
v 312.50000 1229.07617 -187.50000
v 375.00000 1264.06726 -187.50000
v 437.50000 1286.50488 -187.50000
v 500.00000 1273.53296 -187.50000
v 562.50000 1218.84912 -187.50000
v 625.00000 1148.73291 -187.50000
v 687.50000 1071.70032 -187.50000
v 750.00000 996.10364 -187.50000
v 812.50000 932.68311 -187.50000
v 875.00000 889.00092 -187.50000
v 937.50000 861.07892 -187.50000
v 1000.00000 842.63226 -187.50000
v 1062.50000 830.15753 -187.50000
v 1125.00000 821.48181 -187.50000
v 1187.50000 813.65033 -187.50000
v 1250.00000 803.32776 -187.50000
v 1312.50000 788.87219 -187.50000
v 1375.00000 772.23462 -187.50000
v 1437.50000 749.53986 -187.50000
v 1500.00000 715.65637 -187.50000
v 1562.50000 656.65216 -187.50000
v 1625.00000 603.49280 -187.50000
v 1687.50000 545.92896 -187.50000
v 1750.00000 493.09821 -187.50000
v 1812.50000 444.49524 -187.50000
v 1875.00000 402.01868 -187.50000
v 1937.50000 373.37695 -187.50000
v 2000.00000 359.17636 -187.50000
v -2000.00000 395.52682 -125.00000
v -1937.50000 415.39063 -125.00000
v -1875.00000 447.74713 -125.00000
v -1812.50000 479.86816 -125.00000
v -1750.00000 512.34015 -125.00000
v -1687.50000 531.62714 -125.00000
v -1625.00000 554.94580 -125.00000
v -1562.50000 573.91187 -125.00000
v -1500.00000 583.00098 -125.00000
v -1437.50000 590.52881 -125.00000
v -1375.00000 606.97644 -125.00000
v -1312.50000 621.72595 -125.00000
v -1250.00000 638.67297 -125.00000
v -1187.50000 650.69659 -125.00000
v -1125.00000 643.54993 -125.00000
v -1062.50000 638.85724 -125.00000
v -1000.00000 648.58356 -125.00000
v -937.50000 669.00354 -125.00000
v -875.00000 696.58673 -125.00000
v -812.50000 738.26080 -125.00000
v -750.00000 774.68884 -125.00000
v -687.50000 806.94110 -125.00000
v -625.00000 817.51965 -125.00000
v -562.50000 810.48419 -125.00000
v -500.00000 812.54126 -125.00000
v -437.50000 841.33038 -125.00000
v -375.00000 886.50323 -125.00000
v -312.50000 922.47260 -125.00000
v -250.00000 963.64185 -125.00000
v -187.50000 1005.52875 -125.00000
v -125.00000 1024.39453 -125.00000
v -62.50000 1014.56470 -125.00000
v 0.00000 1005.90857 -125.00000
v 62.50000 1013.42755 -125.00000
v 125.00000 1033.22388 -125.00000
v 187.50000 1059.36865 -125.00000
v 250.00000 1085.55408 -125.00000
v 312.50000 1140.60071 -125.00000
v 375.00000 1185.00403 -125.00000
v 437.50000 1224.27869 -125.00000
v 500.00000 1244.66296 -125.00000
v 562.50000 1229.53418 -125.00000
v 625.00000 1175.71387 -125.00000
v 687.50000 1112.45642 -125.00000
v 750.00000 1049.73621 -125.00000
v 812.50000 992.63110 -125.00000
v 875.00000 951.17700 -125.00000
v 937.50000 924.31671 -125.00000
v 1000.00000 904.98108 -125.00000
v 1062.50000 893.01306 -125.00000
v 1125.00000 885.48523 -125.00000
v 1187.50000 878.67218 -125.00000
v 1250.00000 870.36780 -125.00000
v 1312.50000 858.37579 -125.00000
v 1375.00000 842.63898 -125.00000
v 1437.50000 817.86908 -125.00000
v 1500.00000 763.21735 -125.00000
v 1562.50000 700.65289 -125.00000
v 1625.00000 638.20142 -125.00000
v 1687.50000 575.75360 -125.00000
v 1750.00000 517.15454 -125.00000
v 1812.50000 462.03772 -125.00000
v 1875.00000 415.12701 -125.00000
v 1937.50000 384.82654 -125.00000
v 2000.00000 369.10980 -125.00000
v -2000.00000 387.70636 -62.50000
v -1937.50000 401.51331 -62.50000
v -1875.00000 428.39197 -62.50000
v -1812.50000 450.79987 -62.50000
v -1750.00000 475.22348 -62.50000
v -1687.50000 497.54373 -62.50000
v -1625.00000 521.98480 -62.50000
v -1562.50000 544.33002 -62.50000
v -1500.00000 562.43573 -62.50000
v -1437.50000 569.98486 -62.50000
v -1375.00000 581.31732 -62.50000
v -1312.50000 592.05322 -62.50000
v -1250.00000 610.62915 -62.50000
v -1187.50000 633.55481 -62.50000
v -1125.00000 652.40857 -62.50000
v -1062.50000 654.27551 -62.50000
v -1000.00000 671.27844 -62.50000
v -937.50000 702.41040 -62.50000
v -875.00000 737.03748 -62.50000
v -812.50000 774.46411 -62.50000
v -750.00000 805.93353 -62.50000
v -687.50000 832.41956 -62.50000
v -625.00000 832.29187 -62.50000
v -562.50000 833.26935 -62.50000
v -500.00000 842.62445 -62.50000
v -437.50000 883.37842 -62.50000
v -375.00000 937.02460 -62.50000
v -312.50000 973.15326 -62.50000
v -250.00000 1005.29254 -62.50000
v -187.50000 1023.58118 -62.50000
v -125.00000 1001.66235 -62.50000
v -62.50000 970.87146 -62.50000
v 0.00000 945.46692 -62.50000
v 62.50000 935.34241 -62.50000
v 125.00000 940.10565 -62.50000
v 187.50000 955.33356 -62.50000
v 250.00000 978.37347 -62.50000
v 312.50000 1035.05359 -62.50000
v 375.00000 1083.95178 -62.50000
v 437.50000 1137.15076 -62.50000
v 500.00000 1175.71338 -62.50000
v 562.50000 1186.45544 -62.50000
v 625.00000 1157.21240 -62.50000
v 687.50000 1101.51978 -62.50000
v 750.00000 1047.30273 -62.50000
v 812.50000 1009.71509 -62.50000
v 875.00000 986.27740 -62.50000
v 937.50000 966.49615 -62.50000
v 1000.00000 949.56549 -62.50000
v 1062.50000 940.02893 -62.50000
v 1125.00000 933.05408 -62.50000
v 1187.50000 928.05444 -62.50000
v 1250.00000 922.46234 -62.50000
v 1312.50000 914.41339 -62.50000
v 1375.00000 900.90894 -62.50000
v 1437.50000 873.62915 -62.50000
v 1500.00000 809.55255 -62.50000
v 1562.50000 753.93536 -62.50000
v 1625.00000 687.05493 -62.50000
v 1687.50000 619.72839 -62.50000
v 1750.00000 554.05426 -62.50000
v 1812.50000 494.39380 -62.50000
v 1875.00000 451.99872 -62.50000
v 1937.50000 419.26791 -62.50000
v 2000.00000 394.36270 -62.50000
v -2000.00000 385.46915 0.00000
v -1937.50000 393.53381 0.00000
v -1875.00000 409.70782 0.00000
v -1812.50000 425.67786 0.00000
v -1750.00000 445.17505 0.00000
v -1687.50000 467.20297 0.00000
v -1625.00000 491.27792 0.00000
v -1562.50000 515.81970 0.00000
v -1500.00000 539.83960 0.00000
v -1437.50000 556.95349 0.00000
v -1375.00000 567.89893 0.00000
v -1312.50000 578.08893 0.00000
v -1250.00000 593.13092 0.00000
v -1187.50000 616.17572 0.00000
v -1125.00000 642.48126 0.00000
v -1062.50000 668.06549 0.00000
v -1000.00000 692.70972 0.00000
v -937.50000 723.88367 0.00000
v -875.00000 757.68396 0.00000
v -812.50000 788.75116 0.00000
v -750.00000 814.07227 0.00000
v -687.50000 827.89014 0.00000
v -625.00000 834.69940 0.00000
v -562.50000 849.28076 0.00000
v -500.00000 871.72168 0.00000
v -437.50000 915.56165 0.00000
v -375.00000 971.22430 0.00000
v -312.50000 1021.08063 0.00000
v -250.00000 1044.58740 0.00000
v -187.50000 1021.66803 0.00000
v -125.00000 977.94971 0.00000
v -62.50000 935.74475 0.00000
v 0.00000 901.10345 0.00000
v 62.50000 876.01312 0.00000
v 125.00000 862.83344 0.00000
v 187.50000 860.95941 0.00000
v 250.00000 879.07764 0.00000
v 312.50000 927.06091 0.00000
v 375.00000 974.89056 0.00000
v 437.50000 1036.50891 0.00000
v 500.00000 1089.98560 0.00000
v 562.50000 1117.00085 0.00000
v 625.00000 1105.36426 0.00000
v 687.50000 1051.19836 0.00000
v 750.00000 994.78113 0.00000
v 812.50000 955.94781 0.00000
v 875.00000 942.93414 0.00000
v 937.50000 934.52191 0.00000
v 1000.00000 923.57196 0.00000
v 1062.50000 916.43048 0.00000
v 1125.00000 911.62408 0.00000
v 1187.50000 916.58020 0.00000
v 1250.00000 935.76086 0.00000
v 1312.50000 947.34180 0.00000
v 1375.00000 942.71973 0.00000
v 1437.50000 906.79364 0.00000
v 1500.00000 849.55774 0.00000
v 1562.50000 799.01929 0.00000
v 1625.00000 731.77490 0.00000
v 1687.50000 662.69971 0.00000
v 1750.00000 595.54602 0.00000
v 1812.50000 539.71906 0.00000
v 1875.00000 499.35577 0.00000
v 1937.50000 461.27850 0.00000
v 2000.00000 429.25964 0.00000
v -2000.00000 391.06033 62.50000
v -1937.50000 403.09296 62.50000
v -1875.00000 417.29510 62.50000
v -1812.50000 427.32840 62.50000
v -1750.00000 443.33990 62.50000
v -1687.50000 462.76077 62.50000
v -1625.00000 484.10309 62.50000
v -1562.50000 506.42322 62.50000
v -1500.00000 532.04852 62.50000
v -1437.50000 559.17047 62.50000
v -1375.00000 573.80505 62.50000
v -1312.50000 586.75690 62.50000
v -1250.00000 602.17633 62.50000
v -1187.50000 621.64136 62.50000
v -1125.00000 643.14038 62.50000
v -1062.50000 668.57056 62.50000
v -1000.00000 696.73639 62.50000
v -937.50000 721.34357 62.50000
v -875.00000 740.58014 62.50000
v -812.50000 764.40912 62.50000
v -750.00000 787.49438 62.50000
v -687.50000 806.86951 62.50000
v -625.00000 819.84009 62.50000
v -562.50000 840.12988 62.50000
v -500.00000 875.56995 62.50000
v -437.50000 929.50928 62.50000
v -375.00000 992.28882 62.50000
v -312.50000 1046.30408 62.50000
v -250.00000 1056.61218 62.50000
v -187.50000 1014.71790 62.50000
v -125.00000 965.09259 62.50000
v -62.50000 914.65900 62.50000
v 0.00000 871.90875 62.50000
v 62.50000 839.44659 62.50000
v 125.00000 814.91193 62.50000
v 187.50000 797.83105 62.50000
v 250.00000 803.21185 62.50000
v 312.50000 833.36542 62.50000
v 375.00000 872.35437 62.50000
v 437.50000 933.94513 62.50000
v 500.00000 997.26111 62.50000
v 562.50000 1038.62036 62.50000
v 625.00000 1042.40491 62.50000
v 687.50000 993.66138 62.50000
v 750.00000 937.10266 62.50000
v 812.50000 893.06067 62.50000
v 875.00000 876.78833 62.50000
v 937.50000 875.07263 62.50000
v 1000.00000 870.02911 62.50000
v 1062.50000 865.43628 62.50000
v 1125.00000 866.13055 62.50000
v 1187.50000 871.67676 62.50000
v 1250.00000 896.39355 62.50000
v 1312.50000 922.02063 62.50000
v 1375.00000 931.36548 62.50000
v 1437.50000 915.00977 62.50000
v 1500.00000 868.70441 62.50000
v 1562.50000 824.15796 62.50000
v 1625.00000 760.96777 62.50000
v 1687.50000 696.38074 62.50000
v 1750.00000 635.56036 62.50000
v 1812.50000 586.79498 62.50000
v 1875.00000 547.19940 62.50000
v 1937.50000 506.92984 62.50000
v 2000.00000 471.82150 62.50000
v -2000.00000 408.81583 125.00000
v -1937.50000 424.39984 125.00000
v -1875.00000 436.57446 125.00000
v -1812.50000 446.87952 125.00000
v -1750.00000 465.47623 125.00000
v -1687.50000 487.27429 125.00000
v -1625.00000 508.50146 125.00000
v -1562.50000 530.81274 125.00000
v -1500.00000 561.04254 125.00000
v -1437.50000 594.66901 125.00000
v -1375.00000 601.57550 125.00000
v -1312.50000 610.75885 125.00000
v -1250.00000 621.24866 125.00000
v -1187.50000 628.94635 125.00000
v -1125.00000 637.28174 125.00000
v -1062.50000 655.31421 125.00000
v -1000.00000 681.47272 125.00000
v -937.50000 706.41827 125.00000
v -875.00000 727.28766 125.00000
v -812.50000 749.29663 125.00000
v -750.00000 772.23010 125.00000
v -687.50000 797.14746 125.00000
v -625.00000 817.38983 125.00000
v -562.50000 845.33740 125.00000
v -500.00000 888.04132 125.00000
v -437.50000 944.74158 125.00000
v -375.00000 1005.21362 125.00000
v -312.50000 1055.52881 125.00000
v -250.00000 1051.58032 125.00000
v -187.50000 1009.49017 125.00000
v -125.00000 962.93994 125.00000
v -62.50000 915.20709 125.00000
v 0.00000 869.41235 125.00000
v 62.50000 828.19678 125.00000
v 125.00000 794.11035 125.00000
v 187.50000 770.26550 125.00000
v 250.00000 762.31995 125.00000
v 312.50000 771.71277 125.00000
v 375.00000 791.83301 125.00000
v 437.50000 841.69153 125.00000
v 500.00000 906.60449 125.00000
v 562.50000 958.32886 125.00000
v 625.00000 978.21539 125.00000
v 687.50000 938.40143 125.00000
v 750.00000 882.37061 125.00000
v 812.50000 836.20221 125.00000
v 875.00000 812.70996 125.00000
v 937.50000 812.70642 125.00000
v 1000.00000 814.07922 125.00000
v 1062.50000 815.93384 125.00000
v 1125.00000 822.72827 125.00000
v 1187.50000 824.18732 125.00000
v 1250.00000 848.76093 125.00000
v 1312.50000 878.01428 125.00000
v 1375.00000 892.00146 125.00000
v 1437.50000 884.34814 125.00000
v 1500.00000 855.79700 125.00000
v 1562.50000 817.91577 125.00000
v 1625.00000 767.60956 125.00000
v 1687.50000 716.49542 125.00000
v 1750.00000 669.10803 125.00000
v 1812.50000 628.46460 125.00000
v 1875.00000 592.90631 125.00000
v 1937.50000 551.57275 125.00000
v 2000.00000 514.20050 125.00000
v -2000.00000 437.39749 187.50000
v -1937.50000 448.63483 187.50000
v -1875.00000 463.89520 187.50000
v -1812.50000 478.37442 187.50000
v -1750.00000 498.84070 187.50000
v -1687.50000 523.31183 187.50000
v -1625.00000 544.18549 187.50000
v -1562.50000 565.55829 187.50000
v -1500.00000 599.31494 187.50000
v -1437.50000 638.08093 187.50000
v -1375.00000 649.33240 187.50000
v -1312.50000 650.85193 187.50000
v -1250.00000 650.64478 187.50000
v -1187.50000 649.24872 187.50000
v -1125.00000 658.74030 187.50000
v -1062.50000 679.46289 187.50000
v -1000.00000 705.96655 187.50000
v -937.50000 732.13690 187.50000
v -875.00000 759.44623 187.50000
v -812.50000 784.34155 187.50000
v -750.00000 808.27631 187.50000
v -687.50000 831.16351 187.50000
v -625.00000 852.24121 187.50000
v -562.50000 884.18713 187.50000
v -500.00000 927.71918 187.50000
v -437.50000 976.09003 187.50000
v -375.00000 1023.19904 187.50000
v -312.50000 1059.99988 187.50000
v -250.00000 1052.69849 187.50000
v -187.50000 1016.54614 187.50000
v -125.00000 972.82300 187.50000
v -62.50000 927.80096 187.50000
v 0.00000 886.28406 187.50000
v 62.50000 846.88037 187.50000
v 125.00000 807.26740 187.50000
v 187.50000 772.58972 187.50000
v 250.00000 750.52460 187.50000
v 312.50000 742.15649 187.50000
v 375.00000 742.90814 187.50000
v 437.50000 771.91547 187.50000
v 500.00000 827.68646 187.50000
v 562.50000 882.66095 187.50000
v 625.00000 916.62488 187.50000
v 687.50000 890.59570 187.50000
v 750.00000 836.40820 187.50000
v 812.50000 792.42395 187.50000
v 875.00000 762.82733 187.50000
v 937.50000 757.84406 187.50000
v 1000.00000 763.29224 187.50000
v 1062.50000 772.43451 187.50000
v 1125.00000 781.93994 187.50000
v 1187.50000 777.51489 187.50000
v 1250.00000 796.51959 187.50000
v 1312.50000 827.54773 187.50000
v 1375.00000 847.32416 187.50000
v 1437.50000 844.50415 187.50000
v 1500.00000 826.24799 187.50000
v 1562.50000 801.38831 187.50000
v 1625.00000 769.89148 187.50000
v 1687.50000 732.74786 187.50000
v 1750.00000 695.08948 187.50000
v 1812.50000 655.14172 187.50000
v 1875.00000 614.65063 187.50000
v 1937.50000 580.03632 187.50000
v 2000.00000 551.05286 187.50000
v -2000.00000 450.08975 250.00000
v -1937.50000 466.71509 250.00000
v -1875.00000 489.90955 250.00000
v -1812.50000 511.47464 250.00000
v -1750.00000 534.05176 250.00000
v -1687.50000 563.32178 250.00000
v -1625.00000 586.78375 250.00000
v -1562.50000 607.11420 250.00000
v -1500.00000 639.12415 250.00000
v -1437.50000 677.45813 250.00000
v -1375.00000 700.82611 250.00000
v -1312.50000 704.08966 250.00000
v -1250.00000 703.06903 250.00000
v -1187.50000 706.60040 250.00000
v -1125.00000 720.79767 250.00000
v -1062.50000 744.37598 250.00000
v -1000.00000 773.37866 250.00000
v -937.50000 803.17590 250.00000
v -875.00000 837.46576 250.00000
v -812.50000 862.10754 250.00000
v -750.00000 879.96246 250.00000
v -687.50000 896.29761 250.00000
v -625.00000 910.85175 250.00000
v -562.50000 936.00562 250.00000
v -500.00000 971.17163 250.00000
v -437.50000 1008.62048 250.00000
v -375.00000 1037.32532 250.00000
v -312.50000 1045.64355 250.00000
v -250.00000 1032.35156 250.00000
v -187.50000 1025.46667 250.00000
v -125.00000 998.25574 250.00000
v -62.50000 959.01691 250.00000
v 0.00000 915.09595 250.00000
v 62.50000 870.28186 250.00000
v 125.00000 827.14691 250.00000
v 187.50000 786.98157 250.00000
v 250.00000 749.63403 250.00000
v 312.50000 728.87958 250.00000
v 375.00000 720.06787 250.00000
v 437.50000 729.51611 250.00000
v 500.00000 769.25061 250.00000
v 562.50000 818.97137 250.00000
v 625.00000 859.13080 250.00000
v 687.50000 850.76282 250.00000
v 750.00000 802.23999 250.00000
v 812.50000 757.51202 250.00000
v 875.00000 721.59119 250.00000
v 937.50000 707.94775 250.00000
v 1000.00000 715.82617 250.00000
v 1062.50000 732.20306 250.00000
v 1125.00000 744.65173 250.00000
v 1187.50000 739.82288 250.00000
v 1250.00000 750.17120 250.00000
v 1312.50000 778.00403 250.00000
v 1375.00000 802.51971 250.00000
v 1437.50000 809.65393 250.00000
v 1500.00000 799.79950 250.00000
v 1562.50000 778.63617 250.00000
v 1625.00000 758.77667 250.00000
v 1687.50000 731.59241 250.00000
v 1750.00000 695.86176 250.00000
v 1812.50000 655.06769 250.00000
v 1875.00000 612.56354 250.00000
v 1937.50000 573.08942 250.00000
v 2000.00000 536.72906 250.00000
v -2000.00000 465.35339 312.50000
v -1937.50000 487.56641 312.50000
v -1875.00000 512.47601 312.50000
v -1812.50000 537.48401 312.50000
v -1750.00000 562.20325 312.50000
v -1687.50000 592.76599 312.50000
v -1625.00000 625.79285 312.50000
v -1562.50000 647.95050 312.50000
v -1500.00000 675.97064 312.50000
v -1437.50000 711.88788 312.50000
v -1375.00000 747.55603 312.50000
v -1312.50000 762.62195 312.50000
v -1250.00000 768.55231 312.50000
v -1187.50000 786.91022 312.50000
v -1125.00000 807.16785 312.50000
v -1062.50000 834.69574 312.50000
v -1000.00000 867.41406 312.50000
v -937.50000 900.25061 312.50000
v -875.00000 935.28522 312.50000
v -812.50000 954.31500 312.50000
v -750.00000 962.91290 312.50000
v -687.50000 970.27759 312.50000
v -625.00000 972.94666 312.50000
v -562.50000 986.71570 312.50000
v -500.00000 997.38385 312.50000
v -437.50000 1003.17188 312.50000
v -375.00000 1014.21594 312.50000
v -312.50000 1018.68909 312.50000
v -250.00000 1007.76691 312.50000
v -187.50000 1006.29016 312.50000
v -125.00000 1017.68652 312.50000
v -62.50000 993.92908 312.50000
v 0.00000 950.93066 312.50000
v 62.50000 897.99670 312.50000
v 125.00000 844.27448 312.50000
v 187.50000 798.01196 312.50000
v 250.00000 757.82764 312.50000
v 312.50000 722.39545 312.50000
v 375.00000 707.46149 312.50000
v 437.50000 705.98865 312.50000
v 500.00000 734.49493 312.50000
v 562.50000 774.43762 312.50000
v 625.00000 807.79248 312.50000
v 687.50000 801.48682 312.50000
v 750.00000 761.38660 312.50000
v 812.50000 717.04480 312.50000
v 875.00000 674.88458 312.50000
v 937.50000 653.44373 312.50000
v 1000.00000 665.45941 312.50000
v 1062.50000 691.62451 312.50000
v 1125.00000 713.29877 312.50000
v 1187.50000 718.25665 312.50000
v 1250.00000 723.15973 312.50000
v 1312.50000 741.04443 312.50000
v 1375.00000 765.49927 312.50000
v 1437.50000 783.19586 312.50000
v 1500.00000 772.83795 312.50000
v 1562.50000 749.24445 312.50000
v 1625.00000 724.48248 312.50000
v 1687.50000 699.54926 312.50000
v 1750.00000 664.85303 312.50000
v 1812.50000 627.16608 312.50000
v 1875.00000 584.12543 312.50000
v 1937.50000 542.79199 312.50000
v 2000.00000 503.81339 312.50000
v -2000.00000 475.69385 375.00000
v -1937.50000 492.38205 375.00000
v -1875.00000 503.60413 375.00000
v -1812.50000 525.33032 375.00000
v -1750.00000 559.64331 375.00000
v -1687.50000 598.77881 375.00000
v -1625.00000 637.67963 375.00000
v -1562.50000 672.08154 375.00000
v -1500.00000 702.67432 375.00000
v -1437.50000 739.78455 375.00000
v -1375.00000 781.61322 375.00000
v -1312.50000 813.29547 375.00000
v -1250.00000 827.41254 375.00000
v -1187.50000 857.92621 375.00000
v -1125.00000 885.49298 375.00000
v -1062.50000 918.05322 375.00000
v -1000.00000 953.69318 375.00000
v -937.50000 987.16711 375.00000
v -875.00000 1017.76532 375.00000
v -812.50000 1029.83240 375.00000
v -750.00000 1030.90796 375.00000
v -687.50000 1027.62915 375.00000
v -625.00000 1008.07440 375.00000
v -562.50000 975.20508 375.00000
v -500.00000 952.13153 375.00000
v -437.50000 952.78394 375.00000
v -375.00000 968.45880 375.00000
v -312.50000 981.76025 375.00000
v -250.00000 978.46240 375.00000
v -187.50000 977.43732 375.00000
v -125.00000 996.94586 375.00000
v -62.50000 1005.51489 375.00000
v 0.00000 963.49377 375.00000
v 62.50000 904.87512 375.00000
v 125.00000 838.91058 375.00000
v 187.50000 777.61676 375.00000
v 250.00000 727.47583 375.00000
v 312.50000 693.87274 375.00000
v 375.00000 682.39166 375.00000
v 437.50000 681.59558 375.00000
v 500.00000 708.74127 375.00000
v 562.50000 744.02155 375.00000
v 625.00000 761.03229 375.00000
v 687.50000 752.56580 375.00000
v 750.00000 718.93182 375.00000
v 812.50000 673.78436 375.00000
v 875.00000 628.80890 375.00000
v 937.50000 610.32410 375.00000
v 1000.00000 623.74884 375.00000
v 1062.50000 649.85358 375.00000
v 1125.00000 680.66296 375.00000
v 1187.50000 703.81097 375.00000
v 1250.00000 714.53400 375.00000
v 1312.50000 726.78412 375.00000
v 1375.00000 747.25763 375.00000
v 1437.50000 764.92432 375.00000
v 1500.00000 747.96606 375.00000
v 1562.50000 720.66455 375.00000
v 1625.00000 692.23053 375.00000
v 1687.50000 663.82355 375.00000
v 1750.00000 626.57587 375.00000
v 1812.50000 586.44165 375.00000
v 1875.00000 545.83521 375.00000
v 1937.50000 508.34653 375.00000
v 2000.00000 472.19794 375.00000
v -2000.00000 444.48785 437.50000
v -1937.50000 454.95712 437.50000
v -1875.00000 461.81390 437.50000
v -1812.50000 483.77689 437.50000
v -1750.00000 518.40198 437.50000
v -1687.50000 557.72028 437.50000
v -1625.00000 596.98578 437.50000
v -1562.50000 637.00885 437.50000
v -1500.00000 680.08508 437.50000
v -1437.50000 727.09253 437.50000
v -1375.00000 778.34241 437.50000
v -1312.50000 828.82214 437.50000
v -1250.00000 861.54138 437.50000
v -1187.50000 891.90796 437.50000
v -1125.00000 924.71362 437.50000
v -1062.50000 962.90070 437.50000
v -1000.00000 1001.24384 437.50000
v -937.50000 1033.72046 437.50000
v -875.00000 1056.42932 437.50000
v -812.50000 1061.13672 437.50000
v -750.00000 1048.49585 437.50000
v -687.50000 1010.34766 437.50000
v -625.00000 958.41693 437.50000
v -562.50000 908.27722 437.50000
v -500.00000 878.16040 437.50000
v -437.50000 882.91248 437.50000
v -375.00000 908.25879 437.50000
v -312.50000 932.66833 437.50000
v -250.00000 937.28198 437.50000
v -187.50000 936.34796 437.50000
v -125.00000 956.20074 437.50000
v -62.50000 986.79730 437.50000
v 0.00000 959.64441 437.50000
v 62.50000 897.66687 437.50000
v 125.00000 822.10321 437.50000
v 187.50000 746.99445 437.50000
v 250.00000 684.91974 437.50000
v 312.50000 639.55334 437.50000
v 375.00000 625.39130 437.50000
v 437.50000 631.08008 437.50000
v 500.00000 653.93872 437.50000
v 562.50000 683.19513 437.50000
v 625.00000 693.02295 437.50000
v 687.50000 680.91449 437.50000
v 750.00000 648.32825 437.50000
v 812.50000 608.89191 437.50000
v 875.00000 575.99670 437.50000
v 937.50000 571.52527 437.50000
v 1000.00000 593.78046 437.50000
v 1062.50000 626.51178 437.50000
v 1125.00000 659.05994 437.50000
v 1187.50000 684.98792 437.50000
v 1250.00000 706.85004 437.50000
v 1312.50000 725.51337 437.50000
v 1375.00000 749.19708 437.50000
v 1437.50000 751.48920 437.50000
v 1500.00000 725.63690 437.50000
v 1562.50000 696.18695 437.50000
v 1625.00000 665.51935 437.50000
v 1687.50000 635.31494 437.50000
v 1750.00000 595.20880 437.50000
v 1812.50000 552.96729 437.50000
v 1875.00000 513.00598 437.50000
v 1937.50000 477.49252 437.50000
v 2000.00000 442.35599 437.50000
v -2000.00000 407.81363 500.00000
v -1937.50000 413.91220 500.00000
v -1875.00000 418.63800 500.00000
v -1812.50000 438.13098 500.00000
v -1750.00000 469.22760 500.00000
v -1687.50000 505.58798 500.00000
v -1625.00000 545.32367 500.00000
v -1562.50000 589.73053 500.00000
v -1500.00000 638.09949 500.00000
v -1437.50000 690.17719 500.00000
v -1375.00000 745.82300 500.00000
v -1312.50000 786.86273 500.00000
v -1250.00000 816.53094 500.00000
v -1187.50000 846.23578 500.00000
v -1125.00000 883.06049 500.00000
v -1062.50000 926.57397 500.00000
v -1000.00000 968.11688 500.00000
v -937.50000 999.41150 500.00000
v -875.00000 1015.16858 500.00000
v -812.50000 1011.84729 500.00000
v -750.00000 989.21765 500.00000
v -687.50000 942.19684 500.00000
v -625.00000 879.40741 500.00000
v -562.50000 819.82410 500.00000
v -500.00000 787.91028 500.00000
v -437.50000 800.73090 500.00000
v -375.00000 838.28888 500.00000
v -312.50000 874.82526 500.00000
v -250.00000 885.32849 500.00000
v -187.50000 883.94128 500.00000
v -125.00000 906.35284 500.00000
v -62.50000 944.56348 500.00000
v 0.00000 941.80029 500.00000
v 62.50000 884.99182 500.00000
v 125.00000 803.39294 500.00000
v 187.50000 715.76862 500.00000
v 250.00000 639.77136 500.00000
v 312.50000 583.42529 500.00000
v 375.00000 556.95599 500.00000
v 437.50000 563.47229 500.00000
v 500.00000 584.43658 500.00000
v 562.50000 610.27588 500.00000
v 625.00000 617.57147 500.00000
v 687.50000 604.49994 500.00000
v 750.00000 576.31677 500.00000
v 812.50000 549.48657 500.00000
v 875.00000 535.72174 500.00000
v 937.50000 544.45630 500.00000
v 1000.00000 570.42468 500.00000
v 1062.50000 611.03668 500.00000
v 1125.00000 654.11267 500.00000
v 1187.50000 684.58728 500.00000
v 1250.00000 692.11340 500.00000
v 1312.50000 708.05811 500.00000
v 1375.00000 730.70667 500.00000
v 1437.50000 741.54913 500.00000
v 1500.00000 713.86816 500.00000
v 1562.50000 680.41766 500.00000
v 1625.00000 647.11896 500.00000
v 1687.50000 615.38385 500.00000
v 1750.00000 572.41425 500.00000
v 1812.50000 527.02087 500.00000
v 1875.00000 483.88565 500.00000
v 1937.50000 447.94138 500.00000
v 2000.00000 412.39072 500.00000
v -2000.00000 379.76883 562.50000
v -1937.50000 383.88660 562.50000
v -1875.00000 389.85239 562.50000
v -1812.50000 405.30875 562.50000
v -1750.00000 429.30029 562.50000
v -1687.50000 460.27127 562.50000
v -1625.00000 497.52930 562.50000
v -1562.50000 541.57159 562.50000
v -1500.00000 590.73151 562.50000
v -1437.50000 643.99835 562.50000
v -1375.00000 690.56030 562.50000
v -1312.50000 719.75256 562.50000
v -1250.00000 741.08923 562.50000
v -1187.50000 764.96753 562.50000
v -1125.00000 800.57465 562.50000
v -1062.50000 847.03998 562.50000
v -1000.00000 889.40442 562.50000
v -937.50000 920.00696 562.50000
v -875.00000 933.87964 562.50000
v -812.50000 929.70343 562.50000
v -750.00000 906.83838 562.50000
v -687.50000 855.71002 562.50000
v -625.00000 787.67725 562.50000
v -562.50000 726.69910 562.50000
v -500.00000 698.80206 562.50000
v -437.50000 718.44647 562.50000
v -375.00000 765.54907 562.50000
v -312.50000 813.26105 562.50000
v -250.00000 829.66901 562.50000
v -187.50000 836.99292 562.50000
v -125.00000 853.48877 562.50000
v -62.50000 891.22748 562.50000
v 0.00000 902.70905 562.50000
v 62.50000 864.07855 562.50000
v 125.00000 783.97107 562.50000
v 187.50000 688.84857 562.50000
v 250.00000 598.95880 562.50000
v 312.50000 531.31702 562.50000
v 375.00000 490.44012 562.50000
v 437.50000 486.68323 562.50000
v 500.00000 505.65433 562.50000
v 562.50000 528.97015 562.50000
v 625.00000 536.42029 562.50000
v 687.50000 527.18835 562.50000
v 750.00000 511.53583 562.50000
v 812.50000 506.45096 562.50000
v 875.00000 513.61511 562.50000
v 937.50000 530.50842 562.50000
v 1000.00000 563.65759 562.50000
v 1062.50000 608.65460 562.50000
v 1125.00000 648.77393 562.50000
v 1187.50000 668.88239 562.50000
v 1250.00000 671.10632 562.50000
v 1312.50000 686.65033 562.50000
v 1375.00000 711.06787 562.50000
v 1437.50000 731.07684 562.50000
v 1500.00000 710.98822 562.50000
v 1562.50000 667.37115 562.50000
v 1625.00000 629.43640 562.50000
v 1687.50000 586.30542 562.50000
v 1750.00000 536.94458 562.50000
v 1812.50000 488.43820 562.50000
v 1875.00000 445.43854 562.50000
v 1937.50000 411.64044 562.50000
v 2000.00000 380.88953 562.50000
v -2000.00000 366.21613 625.00000
v -1937.50000 370.49921 625.00000
v -1875.00000 377.04169 625.00000
v -1812.50000 390.10153 625.00000
v -1750.00000 410.26605 625.00000
v -1687.50000 434.39240 625.00000
v -1625.00000 463.77283 625.00000
v -1562.50000 502.86810 625.00000
v -1500.00000 549.79822 625.00000
v -1437.50000 593.53833 625.00000
v -1375.00000 626.08655 625.00000
v -1312.50000 645.41852 625.00000
v -1250.00000 655.79248 625.00000
v -1187.50000 671.32001 625.00000
v -1125.00000 704.34540 625.00000
v -1062.50000 751.60193 625.00000
v -1000.00000 791.60425 625.00000
v -937.50000 821.16180 625.00000
v -875.00000 835.36597 625.00000
v -812.50000 833.77930 625.00000
v -750.00000 815.78033 625.00000
v -687.50000 767.81451 625.00000
v -625.00000 703.39001 625.00000
v -562.50000 652.81445 625.00000
v -500.00000 633.10199 625.00000
v -437.50000 652.13367 625.00000
v -375.00000 698.31726 625.00000
v -312.50000 751.76538 625.00000
v -250.00000 778.78717 625.00000
v -187.50000 790.60150 625.00000
v -125.00000 795.97504 625.00000
v -62.50000 829.10339 625.00000
v 0.00000 854.14154 625.00000
v 62.50000 833.82269 625.00000
v 125.00000 763.65161 625.00000
v 187.50000 667.97583 625.00000
v 250.00000 568.52704 625.00000
v 312.50000 487.85965 625.00000
v 375.00000 435.93921 625.00000
v 437.50000 414.07770 625.00000
v 500.00000 424.37451 625.00000
v 562.50000 444.46033 625.00000
v 625.00000 454.46075 625.00000
v 687.50000 455.24899 625.00000
v 750.00000 459.25323 625.00000
v 812.50000 476.56644 625.00000
v 875.00000 500.25067 625.00000
v 937.50000 532.10913 625.00000
v 1000.00000 574.19080 625.00000
v 1062.50000 616.49139 625.00000
v 1125.00000 646.08459 625.00000
v 1187.50000 653.42432 625.00000
v 1250.00000 658.22473 625.00000
v 1312.50000 673.64825 625.00000
v 1375.00000 699.35291 625.00000
v 1437.50000 723.19354 625.00000
v 1500.00000 706.46838 625.00000
v 1562.50000 654.95685 625.00000
v 1625.00000 611.49152 625.00000
v 1687.50000 552.27869 625.00000
v 1750.00000 495.41046 625.00000
v 1812.50000 444.89038 625.00000
v 1875.00000 403.18207 625.00000
v 1937.50000 373.87091 625.00000
v 2000.00000 349.09122 625.00000
v -2000.00000 358.90814 687.50000
v -1937.50000 366.47083 687.50000
v -1875.00000 371.29163 687.50000
v -1812.50000 384.85535 687.50000
v -1750.00000 407.40530 687.50000
v -1687.50000 432.93347 687.50000
v -1625.00000 458.86902 687.50000
v -1562.50000 484.07617 687.50000
v -1500.00000 509.32593 687.50000
v -1437.50000 536.74249 687.50000
v -1375.00000 561.89435 687.50000
v -1312.50000 574.49548 687.50000
v -1250.00000 575.54657 687.50000
v -1187.50000 581.33295 687.50000
v -1125.00000 609.01184 687.50000
v -1062.50000 652.39917 687.50000
v -1000.00000 685.74518 687.50000
v -937.50000 712.86536 687.50000
v -875.00000 729.78925 687.50000
v -812.50000 734.40240 687.50000
v -750.00000 728.69342 687.50000
v -687.50000 696.87250 687.50000
v -625.00000 647.14270 687.50000
v -562.50000 614.39948 687.50000
v -500.00000 603.53625 687.50000
v -437.50000 614.54474 687.50000
v -375.00000 647.21594 687.50000
v -312.50000 695.56934 687.50000
v -250.00000 732.63629 687.50000
v -187.50000 752.91919 687.50000
v -125.00000 755.01654 687.50000
v -62.50000 775.12024 687.50000
v 0.00000 799.33685 687.50000
v 62.50000 793.32587 687.50000
v 125.00000 743.90851 687.50000
v 187.50000 654.17499 687.50000
v 250.00000 552.50916 687.50000
v 312.50000 459.86331 687.50000
v 375.00000 396.51465 687.50000
v 437.50000 362.98566 687.50000
v 500.00000 357.93204 687.50000
v 562.50000 370.63663 687.50000
v 625.00000 383.90524 687.50000
v 687.50000 398.04880 687.50000
v 750.00000 420.15509 687.50000
v 812.50000 451.16797 687.50000
v 875.00000 491.61523 687.50000
v 937.50000 539.97894 687.50000
v 1000.00000 587.00226 687.50000
v 1062.50000 623.37134 687.50000
v 1125.00000 643.08734 687.50000
v 1187.50000 648.78619 687.50000
v 1250.00000 658.63086 687.50000
v 1312.50000 682.15265 687.50000
v 1375.00000 712.69281 687.50000
v 1437.50000 726.84705 687.50000
v 1500.00000 686.67627 687.50000
v 1562.50000 634.56036 687.50000
v 1625.00000 577.78516 687.50000
v 1687.50000 512.06183 687.50000
v 1750.00000 451.70956 687.50000
v 1812.50000 400.67688 687.50000
v 1875.00000 360.96060 687.50000
v 1937.50000 336.32236 687.50000
v 2000.00000 318.75803 687.50000
v -2000.00000 344.65738 750.00000
v -1937.50000 357.56635 750.00000
v -1875.00000 358.46524 750.00000
v -1812.50000 370.73309 750.00000
v -1750.00000 394.50891 750.00000
v -1687.50000 420.83826 750.00000
v -1625.00000 438.40546 750.00000
v -1562.50000 448.04999 750.00000
v -1500.00000 461.04489 750.00000
v -1437.50000 481.47751 750.00000
v -1375.00000 503.60352 750.00000
v -1312.50000 513.58038 750.00000
v -1250.00000 510.17963 750.00000
v -1187.50000 506.72897 750.00000
v -1125.00000 525.98169 750.00000
v -1062.50000 564.21332 750.00000
v -1000.00000 606.87836 750.00000
v -937.50000 635.03113 750.00000
v -875.00000 653.83240 750.00000
v -812.50000 662.27728 750.00000
v -750.00000 659.22925 750.00000
v -687.50000 646.87299 750.00000
v -625.00000 632.40887 750.00000
v -562.50000 610.04663 750.00000
v -500.00000 600.83014 750.00000
v -437.50000 608.01691 750.00000
v -375.00000 630.11499 750.00000
v -312.50000 663.10901 750.00000
v -250.00000 694.22107 750.00000
v -187.50000 720.38721 750.00000
v -125.00000 727.51385 750.00000
v -62.50000 737.69220 750.00000
v 0.00000 748.45538 750.00000
v 62.50000 752.17932 750.00000
v 125.00000 723.95911 750.00000
v 187.50000 648.05090 750.00000
v 250.00000 552.18182 750.00000
v 312.50000 455.32864 750.00000
v 375.00000 379.75870 750.00000
v 437.50000 339.54730 750.00000
v 500.00000 326.91827 750.00000
v 562.50000 330.35974 750.00000
v 625.00000 342.29636 750.00000
v 687.50000 362.74979 750.00000
v 750.00000 392.59424 750.00000
v 812.50000 434.77087 750.00000
v 875.00000 488.13000 750.00000
v 937.50000 542.85736 750.00000
v 1000.00000 589.12946 750.00000
v 1062.50000 623.71350 750.00000
v 1125.00000 645.19678 750.00000
v 1187.50000 657.10248 750.00000
v 1250.00000 678.49066 750.00000
v 1312.50000 710.17389 750.00000
v 1375.00000 731.06561 750.00000
v 1437.50000 704.99542 750.00000
v 1500.00000 652.26959 750.00000
v 1562.50000 596.03796 750.00000
v 1625.00000 533.88867 750.00000
v 1687.50000 466.85822 750.00000
v 1750.00000 406.69882 750.00000
v 1812.50000 356.66003 750.00000
v 1875.00000 319.66583 750.00000
v 1937.50000 300.26132 750.00000
v 2000.00000 290.16800 750.00000
v -2000.00000 325.82507 812.50000
v -1937.50000 337.75299 812.50000
v -1875.00000 336.41422 812.50000
v -1812.50000 347.10645 812.50000
v -1750.00000 368.28851 812.50000
v -1687.50000 394.45874 812.50000
v -1625.00000 413.65909 812.50000
v -1562.50000 418.18860 812.50000
v -1500.00000 424.54605 812.50000
v -1437.50000 438.60260 812.50000
v -1375.00000 457.29773 812.50000
v -1312.50000 464.70764 812.50000
v -1250.00000 460.44229 812.50000
v -1187.50000 451.81613 812.50000
v -1125.00000 465.82748 812.50000
v -1062.50000 504.20129 812.50000
v -1000.00000 534.57648 812.50000
v -937.50000 558.78937 812.50000
v -875.00000 578.70703 812.50000
v -812.50000 593.10803 812.50000
v -750.00000 599.56635 812.50000
v -687.50000 605.05157 812.50000
v -625.00000 609.93561 812.50000
v -562.50000 613.59521 812.50000
v -500.00000 612.83020 812.50000
v -437.50000 622.56134 812.50000
v -375.00000 638.94427 812.50000
v -312.50000 653.73688 812.50000
v -250.00000 670.04364 812.50000
v -187.50000 691.26715 812.50000
v -125.00000 703.02405 812.50000
v -62.50000 711.93060 812.50000
v 0.00000 710.36157 812.50000
v 62.50000 711.77100 812.50000
v 125.00000 704.18799 812.50000
v 187.50000 645.97394 812.50000
v 250.00000 565.28241 812.50000
v 312.50000 479.10757 812.50000
v 375.00000 403.03391 812.50000
v 437.50000 352.27826 812.50000
v 500.00000 330.44440 812.50000
v 562.50000 330.01907 812.50000
v 625.00000 341.88513 812.50000
v 687.50000 366.23502 812.50000
v 750.00000 403.96408 812.50000
v 812.50000 452.90494 812.50000
v 875.00000 507.16919 812.50000
v 937.50000 558.62262 812.50000
v 1000.00000 601.89886 812.50000
v 1062.50000 635.47864 812.50000
v 1125.00000 658.59424 812.50000
v 1187.50000 677.37604 812.50000
v 1250.00000 707.58380 812.50000
v 1312.50000 734.64124 812.50000
v 1375.00000 708.05457 812.50000
v 1437.50000 665.47241 812.50000
v 1500.00000 605.11969 812.50000
v 1562.50000 542.75220 812.50000
v 1625.00000 482.93884 812.50000
v 1687.50000 417.50394 812.50000
v 1750.00000 360.19629 812.50000
v 1812.50000 314.17603 812.50000
v 1875.00000 280.99457 812.50000
v 1937.50000 268.15646 812.50000
v 2000.00000 263.41113 812.50000
v -2000.00000 306.40784 875.00000
v -1937.50000 315.99655 875.00000
v -1875.00000 316.87839 875.00000
v -1812.50000 327.57819 875.00000
v -1750.00000 345.98328 875.00000
v -1687.50000 369.01889 875.00000
v -1625.00000 391.40411 875.00000
v -1562.50000 399.82211 875.00000
v -1500.00000 405.09906 875.00000
v -1437.50000 414.47800 875.00000
v -1375.00000 427.19794 875.00000
v -1312.50000 427.67749 875.00000
v -1250.00000 423.00974 875.00000
v -1187.50000 415.39618 875.00000
v -1125.00000 422.25195 875.00000
v -1062.50000 447.52631 875.00000
v -1000.00000 473.62253 875.00000
v -937.50000 494.84186 875.00000
v -875.00000 513.52905 875.00000
v -812.50000 530.82520 875.00000
v -750.00000 538.17719 875.00000
v -687.50000 547.49512 875.00000
v -625.00000 562.87457 875.00000
v -562.50000 585.43890 875.00000
v -500.00000 610.82275 875.00000
v -437.50000 633.76233 875.00000
v -375.00000 650.10614 875.00000
v -312.50000 658.19623 875.00000
v -250.00000 665.22601 875.00000
v -187.50000 674.93958 875.00000
v -125.00000 684.31268 875.00000
v -62.50000 692.66785 875.00000
v 0.00000 686.34283 875.00000
v 62.50000 681.77008 875.00000
v 125.00000 686.52325 875.00000
v 187.50000 647.88007 875.00000
v 250.00000 587.26184 875.00000
v 312.50000 519.40320 875.00000
v 375.00000 453.31577 875.00000
v 437.50000 397.50937 875.00000
v 500.00000 367.30298 875.00000
v 562.50000 364.31653 875.00000
v 625.00000 379.37448 875.00000
v 687.50000 410.61795 875.00000
v 750.00000 452.07742 875.00000
v 812.50000 498.33844 875.00000
v 875.00000 542.97467 875.00000
v 937.50000 583.93243 875.00000
v 1000.00000 620.73187 875.00000
v 1062.50000 651.12915 875.00000
v 1125.00000 675.11353 875.00000
v 1187.50000 700.49384 875.00000
v 1250.00000 727.42499 875.00000
v 1312.50000 717.90143 875.00000
v 1375.00000 670.79462 875.00000
v 1437.50000 614.57495 875.00000
v 1500.00000 550.74585 875.00000
v 1562.50000 479.51447 875.00000
v 1625.00000 427.91269 875.00000
v 1687.50000 365.95465 875.00000
v 1750.00000 314.90427 875.00000
v 1812.50000 275.62698 875.00000
v 1875.00000 248.33017 875.00000
v 1937.50000 241.45305 875.00000
v 2000.00000 238.36943 875.00000
v -2000.00000 289.10916 937.50000
v -1937.50000 295.83627 937.50000
v -1875.00000 300.67981 937.50000
v -1812.50000 312.17422 937.50000
v -1750.00000 328.39496 937.50000
v -1687.50000 349.57730 937.50000
v -1625.00000 371.56183 937.50000
v -1562.50000 386.65109 937.50000
v -1500.00000 391.37711 937.50000
v -1437.50000 399.91122 937.50000
v -1375.00000 409.25528 937.50000
v -1312.50000 402.37531 937.50000
v -1250.00000 397.13556 937.50000
v -1187.50000 393.21420 937.50000
v -1125.00000 390.58951 937.50000
v -1062.50000 404.58771 937.50000
v -1000.00000 427.41562 937.50000
v -937.50000 447.55832 937.50000
v -875.00000 463.97513 937.50000
v -812.50000 480.49512 937.50000
v -750.00000 484.30835 937.50000
v -687.50000 490.68747 937.50000
v -625.00000 504.47104 937.50000
v -562.50000 529.95374 937.50000
v -500.00000 565.11835 937.50000
v -437.50000 604.26941 937.50000
v -375.00000 640.56732 937.50000
v -312.50000 664.97693 937.50000
v -250.00000 672.82886 937.50000
v -187.50000 675.64642 937.50000
v -125.00000 680.95148 937.50000
v -62.50000 683.96851 937.50000
v 0.00000 673.47449 937.50000
v 62.50000 665.73065 937.50000
v 125.00000 662.73401 937.50000
v 187.50000 650.79218 937.50000
v 250.00000 610.20435 937.50000
v 312.50000 559.95264 937.50000
v 375.00000 507.20074 937.50000
v 437.50000 459.13254 937.50000
v 500.00000 434.09283 937.50000
v 562.50000 431.39514 937.50000
v 625.00000 445.90662 937.50000
v 687.50000 476.04138 937.50000
v 750.00000 509.62054 937.50000
v 812.50000 543.70197 937.50000
v 875.00000 574.77649 937.50000
v 937.50000 600.01898 937.50000
v 1000.00000 625.58838 937.50000
v 1062.50000 654.45618 937.50000
v 1125.00000 683.84283 937.50000
v 1187.50000 708.06519 937.50000
v 1250.00000 704.08130 937.50000
v 1312.50000 678.83673 937.50000
v 1375.00000 627.19379 937.50000
v 1437.50000 557.29254 937.50000
v 1500.00000 492.97916 937.50000
v 1562.50000 418.75540 937.50000
v 1625.00000 365.06403 937.50000
v 1687.50000 318.54590 937.50000
v 1750.00000 276.10599 937.50000
v 1812.50000 241.63626 937.50000
v 1875.00000 220.84239 937.50000
v 1937.50000 220.81738 937.50000
v 2000.00000 219.41266 937.50000
v -2000.00000 273.56323 1000.00000
v -1937.50000 279.67169 1000.00000
v -1875.00000 287.26944 1000.00000
v -1812.50000 299.65884 1000.00000
v -1750.00000 316.75748 1000.00000
v -1687.50000 338.41992 1000.00000
v -1625.00000 358.53748 1000.00000
v -1562.50000 374.88458 1000.00000
v -1500.00000 375.58313 1000.00000
v -1437.50000 383.93896 1000.00000
v -1375.00000 394.56204 1000.00000
v -1312.50000 388.36810 1000.00000
v -1250.00000 383.25189 1000.00000
v -1187.50000 382.47440 1000.00000
v -1125.00000 380.28433 1000.00000
v -1062.50000 384.60452 1000.00000
v -1000.00000 395.29492 1000.00000
v -937.50000 414.14975 1000.00000
v -875.00000 428.95374 1000.00000
v -812.50000 440.28970 1000.00000
v -750.00000 439.02847 1000.00000
v -687.50000 441.96588 1000.00000
v -625.00000 451.28244 1000.00000
v -562.50000 470.85843 1000.00000
v -500.00000 504.83609 1000.00000
v -437.50000 550.45667 1000.00000
v -375.00000 600.63574 1000.00000
v -312.50000 643.63721 1000.00000
v -250.00000 675.46954 1000.00000
v -187.50000 687.83990 1000.00000
v -125.00000 693.95898 1000.00000
v -62.50000 687.10504 1000.00000
v 0.00000 670.42462 1000.00000
v 62.50000 654.60425 1000.00000
v 125.00000 640.87830 1000.00000
v 187.50000 633.32379 1000.00000
v 250.00000 614.27979 1000.00000
v 312.50000 585.66510 1000.00000
v 375.00000 551.68286 1000.00000
v 437.50000 520.32349 1000.00000
v 500.00000 508.37860 1000.00000
v 562.50000 510.90479 1000.00000
v 625.00000 525.42590 1000.00000
v 687.50000 549.96710 1000.00000
v 750.00000 570.21124 1000.00000
v 812.50000 586.18091 1000.00000
v 875.00000 599.17938 1000.00000
v 937.50000 615.74274 1000.00000
v 1000.00000 641.65906 1000.00000
v 1062.50000 673.89276 1000.00000
v 1125.00000 693.44733 1000.00000
v 1187.50000 680.00171 1000.00000
v 1250.00000 658.13391 1000.00000
v 1312.50000 623.57526 1000.00000
v 1375.00000 571.48260 1000.00000
v 1437.50000 494.98630 1000.00000
v 1500.00000 430.14938 1000.00000
v 1562.50000 364.62518 1000.00000
v 1625.00000 308.73862 1000.00000
v 1687.50000 275.68613 1000.00000
v 1750.00000 243.10129 1000.00000
v 1812.50000 212.60742 1000.00000
v 1875.00000 199.58350 1000.00000
v 1937.50000 199.90878 1000.00000
v 2000.00000 199.60281 1000.00000
v -2000.00000 256.02975 1062.50000
v -1937.50000 265.80548 1062.50000
v -1875.00000 274.67172 1062.50000
v -1812.50000 288.08966 1062.50000
v -1750.00000 305.60614 1062.50000
v -1687.50000 325.95972 1062.50000
v -1625.00000 346.72626 1062.50000
v -1562.50000 363.09821 1062.50000
v -1500.00000 360.81668 1062.50000
v -1437.50000 368.72272 1062.50000
v -1375.00000 380.74002 1062.50000
v -1312.50000 382.16086 1062.50000
v -1250.00000 377.28036 1062.50000
v -1187.50000 379.57202 1062.50000
v -1125.00000 379.92474 1062.50000
v -1062.50000 382.55334 1062.50000
v -1000.00000 390.19678 1062.50000
v -937.50000 401.04562 1062.50000
v -875.00000 408.13184 1062.50000
v -812.50000 409.10178 1062.50000
v -750.00000 400.96487 1062.50000
v -687.50000 402.64041 1062.50000
v -625.00000 409.17245 1062.50000
v -562.50000 419.53696 1062.50000
v -500.00000 447.95297 1062.50000
v -437.50000 493.66580 1062.50000
v -375.00000 550.59467 1062.50000
v -312.50000 607.81818 1062.50000
v -250.00000 659.34735 1062.50000
v -187.50000 699.57074 1062.50000
v -125.00000 713.55328 1062.50000
v -62.50000 701.52155 1062.50000
v 0.00000 679.13940 1062.50000
v 62.50000 651.33398 1062.50000
v 125.00000 632.66730 1062.50000
v 187.50000 622.76379 1062.50000
v 250.00000 611.78479 1062.50000
v 312.50000 597.58038 1062.50000
v 375.00000 580.93005 1062.50000
v 437.50000 568.30231 1062.50000
v 500.00000 573.12170 1062.50000
v 562.50000 585.78351 1062.50000
v 625.00000 602.12329 1062.50000
v 687.50000 619.71021 1062.50000
v 750.00000 626.87323 1062.50000
v 812.50000 625.61047 1062.50000
v 875.00000 623.13483 1062.50000
v 937.50000 639.29492 1062.50000
v 1000.00000 661.43573 1062.50000
v 1062.50000 663.59064 1062.50000
v 1125.00000 652.28717 1062.50000
v 1187.50000 629.31415 1062.50000
v 1250.00000 599.06384 1062.50000
v 1312.50000 559.79657 1062.50000
v 1375.00000 506.56430 1062.50000
v 1437.50000 430.93118 1062.50000
v 1500.00000 370.34033 1062.50000
v 1562.50000 316.46783 1062.50000
v 1625.00000 271.68497 1062.50000
v 1687.50000 238.42047 1062.50000
v 1750.00000 213.01465 1062.50000
v 1812.50000 193.65961 1062.50000
v 1875.00000 180.78976 1062.50000
v 1937.50000 180.47612 1062.50000
v 2000.00000 179.51244 1062.50000
v -2000.00000 242.56683 1125.00000
v -1937.50000 252.59625 1125.00000
v -1875.00000 261.88541 1125.00000
v -1812.50000 277.58734 1125.00000
v -1750.00000 296.37485 1125.00000
v -1687.50000 316.70636 1125.00000
v -1625.00000 336.17383 1125.00000
v -1562.50000 348.09958 1125.00000
v -1500.00000 348.48917 1125.00000
v -1437.50000 356.55502 1125.00000
v -1375.00000 369.18301 1125.00000
v -1312.50000 373.76892 1125.00000
v -1250.00000 370.68979 1125.00000
v -1187.50000 374.95776 1125.00000
v -1125.00000 383.26773 1125.00000
v -1062.50000 388.63330 1125.00000
v -1000.00000 398.97900 1125.00000
v -937.50000 402.28207 1125.00000
v -875.00000 394.47977 1125.00000
v -812.50000 383.61972 1125.00000
v -750.00000 368.19504 1125.00000
v -687.50000 369.12405 1125.00000
v -625.00000 375.95169 1125.00000
v -562.50000 379.85126 1125.00000
v -500.00000 401.03336 1125.00000
v -437.50000 441.20728 1125.00000
v -375.00000 498.47607 1125.00000
v -312.50000 563.70453 1125.00000
v -250.00000 627.86475 1125.00000
v -187.50000 682.51709 1125.00000
v -125.00000 720.03412 1125.00000
v -62.50000 728.79840 1125.00000
v 0.00000 708.38806 1125.00000
v 62.50000 674.93494 1125.00000
v 125.00000 646.38000 1125.00000
v 187.50000 630.33630 1125.00000
v 250.00000 621.12469 1125.00000
v 312.50000 610.17816 1125.00000
v 375.00000 603.08105 1125.00000
v 437.50000 600.09308 1125.00000
v 500.00000 611.87354 1125.00000
v 562.50000 642.15540 1125.00000
v 625.00000 667.00934 1125.00000
v 687.50000 677.20386 1125.00000
v 750.00000 672.82361 1125.00000
v 812.50000 658.94360 1125.00000
v 875.00000 645.09943 1125.00000
v 937.50000 635.54767 1125.00000
v 1000.00000 625.92255 1125.00000
v 1062.50000 615.17413 1125.00000
v 1125.00000 595.08612 1125.00000
v 1187.50000 565.54358 1125.00000
v 1250.00000 530.81641 1125.00000
v 1312.50000 491.10663 1125.00000
v 1375.00000 443.47360 1125.00000
v 1437.50000 378.46030 1125.00000
v 1500.00000 328.16434 1125.00000
v 1562.50000 282.96008 1125.00000
v 1625.00000 245.23476 1125.00000
v 1687.50000 216.97789 1125.00000
v 1750.00000 195.15445 1125.00000
v 1812.50000 178.60097 1125.00000
v 1875.00000 168.22513 1125.00000
v 1937.50000 165.45682 1125.00000
v 2000.00000 162.88802 1125.00000
v -2000.00000 228.95796 1187.50000
v -1937.50000 237.75723 1187.50000
v -1875.00000 247.38699 1187.50000
v -1812.50000 263.87042 1187.50000
v -1750.00000 283.41760 1187.50000
v -1687.50000 304.46255 1187.50000
v -1625.00000 324.62488 1187.50000
v -1562.50000 331.63492 1187.50000
v -1500.00000 334.72754 1187.50000
v -1437.50000 345.12772 1187.50000
v -1375.00000 359.16626 1187.50000
v -1312.50000 358.57950 1187.50000
v -1250.00000 357.13196 1187.50000
v -1187.50000 362.19540 1187.50000
v -1125.00000 368.40799 1187.50000
v -1062.50000 372.36407 1187.50000
v -1000.00000 389.67307 1187.50000
v -937.50000 395.99802 1187.50000
v -875.00000 379.78592 1187.50000
v -812.50000 360.79285 1187.50000
v -750.00000 340.59286 1187.50000
v -687.50000 340.10474 1187.50000
v -625.00000 347.36185 1187.50000
v -562.50000 348.11075 1187.50000
v -500.00000 362.89038 1187.50000
v -437.50000 396.07568 1187.50000
v -375.00000 449.22809 1187.50000
v -312.50000 514.66418 1187.50000
v -250.00000 583.27350 1187.50000
v -187.50000 646.11902 1187.50000
v -125.00000 697.58545 1187.50000
v -62.50000 735.92114 1187.50000
v 0.00000 739.88324 1187.50000
v 62.50000 708.74762 1187.50000
v 125.00000 674.66595 1187.50000
v 187.50000 649.59546 1187.50000
v 250.00000 636.13837 1187.50000
v 312.50000 627.25629 1187.50000
v 375.00000 631.13074 1187.50000
v 437.50000 638.72314 1187.50000
v 500.00000 655.81836 1187.50000
v 562.50000 683.39014 1187.50000
v 625.00000 707.83575 1187.50000
v 687.50000 712.59448 1187.50000
v 750.00000 687.58917 1187.50000
v 812.50000 651.79718 1187.50000
v 875.00000 618.34448 1187.50000
v 937.50000 594.25458 1187.50000
v 1000.00000 573.56396 1187.50000
v 1062.50000 553.80945 1187.50000
v 1125.00000 527.06219 1187.50000
v 1187.50000 492.81418 1187.50000
v 1250.00000 456.03589 1187.50000
v 1312.50000 418.01440 1187.50000
v 1375.00000 383.25510 1187.50000
v 1437.50000 346.37732 1187.50000
v 1500.00000 303.79837 1187.50000
v 1562.50000 264.38351 1187.50000
v 1625.00000 231.22972 1187.50000
v 1687.50000 205.76440 1187.50000
v 1750.00000 185.13138 1187.50000
v 1812.50000 169.66536 1187.50000
v 1875.00000 160.82837 1187.50000
v 1937.50000 156.25681 1187.50000
v 2000.00000 152.74464 1187.50000
v -2000.00000 213.76228 1250.00000
v -1937.50000 221.81485 1250.00000
v -1875.00000 232.31654 1250.00000
v -1812.50000 248.98161 1250.00000
v -1750.00000 269.09439 1250.00000
v -1687.50000 290.73413 1250.00000
v -1625.00000 311.14383 1250.00000
v -1562.50000 312.42990 1250.00000
v -1500.00000 317.04614 1250.00000
v -1437.50000 328.59076 1250.00000
v -1375.00000 341.73383 1250.00000
v -1312.50000 337.82285 1250.00000
v -1250.00000 335.10986 1250.00000
v -1187.50000 340.52969 1250.00000
v -1125.00000 343.74594 1250.00000
v -1062.50000 345.73969 1250.00000
v -1000.00000 365.04871 1250.00000
v -937.50000 381.06183 1250.00000
v -875.00000 361.63965 1250.00000
v -812.50000 338.16599 1250.00000
v -750.00000 317.08160 1250.00000
v -687.50000 315.81256 1250.00000
v -625.00000 320.42322 1250.00000
v -562.50000 319.69189 1250.00000
v -500.00000 330.69489 1250.00000
v -437.50000 356.68237 1250.00000
v -375.00000 402.21902 1250.00000
v -312.50000 462.27621 1250.00000
v -250.00000 529.77112 1250.00000
v -187.50000 597.42401 1250.00000
v -125.00000 660.34070 1250.00000
v -62.50000 711.86951 1250.00000
v 0.00000 748.78033 1250.00000
v 62.50000 740.61206 1250.00000
v 125.00000 707.96753 1250.00000
v 187.50000 679.43207 1250.00000
v 250.00000 660.43280 1250.00000
v 312.50000 651.55157 1250.00000
v 375.00000 660.35797 1250.00000
v 437.50000 675.20380 1250.00000
v 500.00000 695.35437 1250.00000
v 562.50000 722.25922 1250.00000
v 625.00000 721.39600 1250.00000
v 687.50000 691.16254 1250.00000
v 750.00000 648.55475 1250.00000
v 812.50000 606.93311 1250.00000
v 875.00000 569.91547 1250.00000
v 937.50000 539.10175 1250.00000
v 1000.00000 511.68219 1250.00000
v 1062.50000 486.72153 1250.00000
v 1125.00000 454.97589 1250.00000
v 1187.50000 421.91278 1250.00000
v 1250.00000 390.82394 1250.00000
v 1312.50000 360.74048 1250.00000
v 1375.00000 336.15158 1250.00000
v 1437.50000 314.17447 1250.00000
v 1500.00000 289.74426 1250.00000
v 1562.50000 256.88834 1250.00000
v 1625.00000 227.19662 1250.00000
v 1687.50000 203.12300 1250.00000
v 1750.00000 182.42934 1250.00000
v 1812.50000 166.03496 1250.00000
v 1875.00000 156.29324 1250.00000
v 1937.50000 151.61223 1250.00000
v 2000.00000 148.05763 1250.00000
v -2000.00000 197.69957 1312.50000
v -1937.50000 205.60971 1312.50000
v -1875.00000 217.32024 1312.50000
v -1812.50000 233.72029 1312.50000
v -1750.00000 253.78595 1312.50000
v -1687.50000 275.47421 1312.50000
v -1625.00000 288.79208 1312.50000
v -1562.50000 297.38913 1312.50000
v -1500.00000 302.88724 1312.50000
v -1437.50000 313.06561 1312.50000
v -1375.00000 320.74091 1312.50000
v -1312.50000 312.81097 1312.50000
v -1250.00000 306.82474 1312.50000
v -1187.50000 312.58420 1312.50000
v -1125.00000 316.21884 1312.50000
v -1062.50000 318.86115 1312.50000
v -1000.00000 338.38843 1312.50000
v -937.50000 360.00729 1312.50000
v -875.00000 339.77438 1312.50000
v -812.50000 314.13397 1312.50000
v -750.00000 294.65121 1312.50000
v -687.50000 293.88141 1312.50000
v -625.00000 294.64621 1312.50000
v -562.50000 294.20215 1312.50000
v -500.00000 304.31592 1312.50000
v -437.50000 324.41507 1312.50000
v -375.00000 359.54681 1312.50000
v -312.50000 410.75177 1312.50000
v -250.00000 474.16891 1312.50000
v -187.50000 543.54742 1312.50000
v -125.00000 612.54315 1312.50000
v -62.50000 673.51495 1312.50000
v 0.00000 718.94745 1312.50000
v 62.50000 743.25970 1312.50000
v 125.00000 731.33539 1312.50000
v 187.50000 707.42987 1312.50000
v 250.00000 689.46490 1312.50000
v 312.50000 683.65417 1312.50000
v 375.00000 695.04480 1312.50000
v 437.50000 711.42261 1312.50000
v 500.00000 722.14093 1312.50000
v 562.50000 701.16266 1312.50000
v 625.00000 670.22321 1312.50000
v 687.50000 632.60284 1312.50000
v 750.00000 587.74310 1312.50000
v 812.50000 540.15070 1312.50000
v 875.00000 505.83035 1312.50000
v 937.50000 472.73523 1312.50000
v 1000.00000 444.18445 1312.50000
v 1062.50000 419.11911 1312.50000
v 1125.00000 387.55789 1312.50000
v 1187.50000 356.96570 1312.50000
v 1250.00000 332.46304 1312.50000
v 1312.50000 308.80273 1312.50000
v 1375.00000 290.51965 1312.50000
v 1437.50000 273.71545 1312.50000
v 1500.00000 257.60413 1312.50000
v 1562.50000 239.57080 1312.50000
v 1625.00000 220.18922 1312.50000
v 1687.50000 198.54077 1312.50000
v 1750.00000 179.68301 1312.50000
v 1812.50000 164.85416 1312.50000
v 1875.00000 155.41737 1312.50000
v 1937.50000 149.75017 1312.50000
v 2000.00000 145.04347 1312.50000
v -2000.00000 180.81601 1375.00000
v -1937.50000 190.34096 1375.00000
v -1875.00000 202.67239 1375.00000
v -1812.50000 218.85590 1375.00000
v -1750.00000 238.08075 1375.00000
v -1687.50000 254.96144 1375.00000
v -1625.00000 271.80801 1375.00000
v -1562.50000 280.46555 1375.00000
v -1500.00000 281.28839 1375.00000
v -1437.50000 288.88217 1375.00000
v -1375.00000 299.35822 1375.00000
v -1312.50000 285.96857 1375.00000
v -1250.00000 277.10059 1375.00000
v -1187.50000 283.33994 1375.00000
v -1125.00000 290.14609 1375.00000
v -1062.50000 295.66534 1375.00000
v -1000.00000 314.24213 1375.00000
v -937.50000 335.25378 1375.00000
v -875.00000 321.41800 1375.00000
v -812.50000 297.50876 1375.00000
v -750.00000 280.39688 1375.00000
v -687.50000 278.88089 1375.00000
v -625.00000 274.24762 1375.00000
v -562.50000 274.13098 1375.00000
v -500.00000 284.42737 1375.00000
v -437.50000 301.26425 1375.00000
v -375.00000 326.71844 1375.00000
v -312.50000 367.01215 1375.00000
v -250.00000 423.94916 1375.00000
v -187.50000 492.43161 1375.00000
v -125.00000 563.47760 1375.00000
v -62.50000 628.82965 1375.00000
v 0.00000 683.13708 1375.00000
v 62.50000 721.21661 1375.00000
v 125.00000 733.86566 1375.00000
v 187.50000 726.68036 1375.00000
v 250.00000 717.39160 1375.00000
v 312.50000 716.32477 1375.00000
v 375.00000 727.47589 1375.00000
v 437.50000 723.15424 1375.00000
v 500.00000 686.66571 1375.00000
v 562.50000 643.98260 1375.00000
v 625.00000 599.22534 1375.00000
v 687.50000 553.08539 1375.00000
v 750.00000 508.34467 1375.00000
v 812.50000 459.69736 1375.00000
v 875.00000 429.89511 1375.00000
v 937.50000 400.04636 1375.00000
v 1000.00000 375.11301 1375.00000
v 1062.50000 353.90186 1375.00000
v 1125.00000 328.07809 1375.00000
v 1187.50000 299.27615 1375.00000
v 1250.00000 282.53445 1375.00000
v 1312.50000 263.67847 1375.00000
v 1375.00000 249.18329 1375.00000
v 1437.50000 235.40674 1375.00000
v 1500.00000 222.17667 1375.00000
v 1562.50000 208.75809 1375.00000
v 1625.00000 195.46680 1375.00000
v 1687.50000 181.20711 1375.00000
v 1750.00000 168.47208 1375.00000
v 1812.50000 160.62749 1375.00000
v 1875.00000 151.29852 1375.00000
v 1937.50000 145.51015 1375.00000
v 2000.00000 141.19159 1375.00000
v -2000.00000 164.06383 1437.50000
v -1937.50000 176.04622 1437.50000
v -1875.00000 188.54514 1437.50000
v -1812.50000 204.33546 1437.50000
v -1750.00000 220.38339 1437.50000
v -1687.50000 235.45149 1437.50000
v -1625.00000 254.07393 1437.50000
v -1562.50000 260.03012 1437.50000
v -1500.00000 258.81714 1437.50000
v -1437.50000 263.63266 1437.50000
v -1375.00000 274.85324 1437.50000
v -1312.50000 260.12695 1437.50000
v -1250.00000 250.45653 1437.50000
v -1187.50000 257.06216 1437.50000
v -1125.00000 266.29816 1437.50000
v -1062.50000 274.02814 1437.50000
v -1000.00000 291.55380 1437.50000
v -937.50000 309.74683 1437.50000
v -875.00000 299.88126 1437.50000
v -812.50000 280.40140 1437.50000
v -750.00000 269.01263 1437.50000
v -687.50000 265.25128 1437.50000
v -625.00000 258.99625 1437.50000
v -562.50000 258.94910 1437.50000
v -500.00000 269.61273 1437.50000
v -437.50000 285.69849 1437.50000
v -375.00000 307.29428 1437.50000
v -312.50000 339.65903 1437.50000
v -250.00000 389.24963 1437.50000
v -187.50000 453.90317 1437.50000
v -125.00000 523.09778 1437.50000
v -62.50000 588.30573 1437.50000
v 0.00000 645.16235 1437.50000
v 62.50000 690.41705 1437.50000
v 125.00000 717.48743 1437.50000
v 187.50000 735.13086 1437.50000
v 250.00000 741.84784 1437.50000
v 312.50000 740.19897 1437.50000
v 375.00000 723.08472 1437.50000
v 437.50000 681.53809 1437.50000
v 500.00000 630.20374 1437.50000
v 562.50000 573.75311 1437.50000
v 625.00000 517.91418 1437.50000
v 687.50000 465.70139 1437.50000
v 750.00000 422.26666 1437.50000
v 812.50000 384.00180 1437.50000
v 875.00000 353.69748 1437.50000
v 937.50000 332.66910 1437.50000
v 1000.00000 312.96368 1437.50000
v 1062.50000 295.95398 1437.50000
v 1125.00000 277.07718 1437.50000
v 1187.50000 253.89034 1437.50000
v 1250.00000 241.89494 1437.50000
v 1312.50000 227.89188 1437.50000
v 1375.00000 216.36714 1437.50000
v 1437.50000 204.91110 1437.50000
v 1500.00000 193.62701 1437.50000
v 1562.50000 182.66849 1437.50000
v 1625.00000 171.61473 1437.50000
v 1687.50000 160.01530 1437.50000
v 1750.00000 151.25414 1437.50000
v 1812.50000 146.57053 1437.50000
v 1875.00000 139.94217 1437.50000
v 1937.50000 136.23314 1437.50000
v 2000.00000 135.64978 1437.50000
v -2000.00000 148.87091 1500.00000
v -1937.50000 162.02228 1500.00000
v -1875.00000 174.78969 1500.00000
v -1812.50000 189.31583 1500.00000
v -1750.00000 201.98967 1500.00000
v -1687.50000 214.79288 1500.00000
v -1625.00000 231.52512 1500.00000
v -1562.50000 239.03929 1500.00000
v -1500.00000 237.00130 1500.00000
v -1437.50000 240.15868 1500.00000
v -1375.00000 249.62961 1500.00000
v -1312.50000 236.50490 1500.00000
v -1250.00000 228.86453 1500.00000
v -1187.50000 234.95224 1500.00000
v -1125.00000 243.43698 1500.00000
v -1062.50000 250.93945 1500.00000
v -1000.00000 267.39203 1500.00000
v -937.50000 284.36963 1500.00000
v -875.00000 284.21326 1500.00000
v -812.50000 269.64246 1500.00000
v -750.00000 261.50955 1500.00000
v -687.50000 255.08267 1500.00000
v -625.00000 249.01685 1500.00000
v -562.50000 249.54671 1500.00000
v -500.00000 259.21347 1500.00000
v -437.50000 275.88248 1500.00000
v -375.00000 297.63934 1500.00000
v -312.50000 325.75647 1500.00000
v -250.00000 369.10474 1500.00000
v -187.50000 428.79465 1500.00000
v -125.00000 494.25580 1500.00000
v -62.50000 557.19238 1500.00000
v 0.00000 613.39063 1500.00000
v 62.50000 659.28497 1500.00000
v 125.00000 692.65863 1500.00000
v 187.50000 718.33765 1500.00000
v 250.00000 725.62115 1500.00000
v 312.50000 710.45245 1500.00000
v 375.00000 680.11328 1500.00000
v 437.50000 627.29657 1500.00000
v 500.00000 565.78168 1500.00000
v 562.50000 501.09998 1500.00000
v 625.00000 440.09274 1500.00000
v 687.50000 388.79803 1500.00000
v 750.00000 352.50531 1500.00000
v 812.50000 324.85785 1500.00000
v 875.00000 298.50781 1500.00000
v 937.50000 284.98572 1500.00000
v 1000.00000 268.67120 1500.00000
v 1062.50000 253.86423 1500.00000
v 1125.00000 239.08397 1500.00000
v 1187.50000 222.02347 1500.00000
v 1250.00000 214.36906 1500.00000
v 1312.50000 205.19925 1500.00000
v 1375.00000 195.79373 1500.00000
v 1437.50000 186.02936 1500.00000
v 1500.00000 176.13362 1500.00000
v 1562.50000 165.60886 1500.00000
v 1625.00000 155.73518 1500.00000
v 1687.50000 148.74498 1500.00000
v 1750.00000 142.60860 1500.00000
v 1812.50000 137.02267 1500.00000
v 1875.00000 130.97723 1500.00000
v 1937.50000 127.20266 1500.00000
v 2000.00000 127.58516 1500.00000
v -2000.00000 135.41988 1562.50000
v -1937.50000 148.42471 1562.50000
v -1875.00000 160.68987 1562.50000
v -1812.50000 172.45624 1562.50000
v -1750.00000 183.44217 1562.50000
v -1687.50000 195.14391 1562.50000
v -1625.00000 204.75394 1562.50000
v -1562.50000 215.96269 1562.50000
v -1500.00000 216.15392 1562.50000
v -1437.50000 219.24519 1562.50000
v -1375.00000 223.64693 1562.50000
v -1312.50000 216.62209 1562.50000
v -1250.00000 212.56857 1562.50000
v -1187.50000 216.81525 1562.50000
v -1125.00000 221.88220 1562.50000
v -1062.50000 227.60316 1562.50000
v -1000.00000 243.48459 1562.50000
v -937.50000 260.96066 1562.50000
v -875.00000 273.59464 1562.50000
v -812.50000 265.78928 1562.50000
v -750.00000 257.62793 1562.50000
v -687.50000 250.38489 1562.50000
v -625.00000 245.52206 1562.50000
v -562.50000 247.07108 1562.50000
v -500.00000 254.97668 1562.50000
v -437.50000 269.19031 1562.50000
v -375.00000 289.75513 1562.50000
v -312.50000 319.15924 1562.50000
v -250.00000 363.50220 1562.50000
v -187.50000 421.63666 1562.50000
v -125.00000 484.42557 1562.50000
v -62.50000 545.10071 1562.50000
v 0.00000 599.92883 1562.50000
v 62.50000 646.05353 1562.50000
v 125.00000 675.02454 1562.50000
v 187.50000 690.69916 1562.50000
v 250.00000 682.60333 1562.50000
v 312.50000 666.34637 1562.50000
v 375.00000 627.70392 1562.50000
v 437.50000 567.18195 1562.50000
v 500.00000 500.58209 1562.50000
v 562.50000 435.77866 1562.50000
v 625.00000 380.31509 1562.50000
v 687.50000 339.98346 1562.50000
v 750.00000 313.45905 1562.50000
v 812.50000 291.29422 1562.50000
v 875.00000 270.48462 1562.50000
v 937.50000 259.95764 1562.50000
v 1000.00000 245.16429 1562.50000
v 1062.50000 231.55733 1562.50000
v 1125.00000 219.23544 1562.50000
v 1187.50000 209.19080 1562.50000
v 1250.00000 203.41251 1562.50000
v 1312.50000 197.68135 1562.50000
v 1375.00000 189.19951 1562.50000
v 1437.50000 179.23615 1562.50000
v 1500.00000 167.82581 1562.50000
v 1562.50000 157.44806 1562.50000
v 1625.00000 150.51996 1562.50000
v 1687.50000 142.99399 1562.50000
v 1750.00000 136.63464 1562.50000
v 1812.50000 130.52637 1562.50000
v 1875.00000 125.41380 1562.50000
v 1937.50000 122.32186 1562.50000
v 2000.00000 118.37632 1562.50000
v -2000.00000 124.10197 1625.00000
v -1937.50000 135.59335 1625.00000
v -1875.00000 146.17130 1625.00000
v -1812.50000 155.95859 1625.00000
v -1750.00000 165.05191 1625.00000
v -1687.50000 174.92346 1625.00000
v -1625.00000 181.88394 1625.00000
v -1562.50000 188.92676 1625.00000
v -1500.00000 191.22310 1625.00000
v -1437.50000 193.64934 1625.00000
v -1375.00000 200.11932 1625.00000
v -1312.50000 201.12262 1625.00000
v -1250.00000 200.63869 1625.00000
v -1187.50000 202.49971 1625.00000
v -1125.00000 203.58041 1625.00000
v -1062.50000 207.38960 1625.00000
v -1000.00000 222.46854 1625.00000
v -937.50000 240.40538 1625.00000
v -875.00000 257.34372 1625.00000
v -812.50000 267.30032 1625.00000
v -750.00000 262.53769 1625.00000
v -687.50000 254.80267 1625.00000
v -625.00000 247.05879 1625.00000
v -562.50000 240.97330 1625.00000
v -500.00000 246.92242 1625.00000
v -437.50000 260.83868 1625.00000
v -375.00000 282.81448 1625.00000
v -312.50000 318.01645 1625.00000
v -250.00000 367.19351 1625.00000
v -187.50000 426.31967 1625.00000
v -125.00000 488.63803 1625.00000
v -62.50000 548.21509 1625.00000
v 0.00000 601.02844 1625.00000
v 62.50000 633.38751 1625.00000
v 125.00000 648.29968 1625.00000
v 187.50000 642.61554 1625.00000
v 250.00000 630.06317 1625.00000
v 312.50000 613.68909 1625.00000
v 375.00000 575.84003 1625.00000
v 437.50000 516.07025 1625.00000
v 500.00000 454.23254 1625.00000
v 562.50000 399.08176 1625.00000
v 625.00000 356.58334 1625.00000
v 687.50000 327.95166 1625.00000
v 750.00000 308.20599 1625.00000
v 812.50000 290.40488 1625.00000
v 875.00000 272.79248 1625.00000
v 937.50000 261.87131 1625.00000
v 1000.00000 248.53816 1625.00000
v 1062.50000 234.92305 1625.00000
v 1125.00000 223.11093 1625.00000
v 1187.50000 213.08463 1625.00000
v 1250.00000 206.26431 1625.00000
v 1312.50000 201.67720 1625.00000
v 1375.00000 194.02991 1625.00000
v 1437.50000 182.96219 1625.00000
v 1500.00000 171.36578 1625.00000
v 1562.50000 162.32520 1625.00000
v 1625.00000 152.21324 1625.00000
v 1687.50000 142.83182 1625.00000
v 1750.00000 134.07335 1625.00000
v 1812.50000 126.68729 1625.00000
v 1875.00000 121.65463 1625.00000
v 1937.50000 118.09731 1625.00000
v 2000.00000 113.11444 1625.00000
v -2000.00000 115.01523 1687.50000
v -1937.50000 123.67832 1687.50000
v -1875.00000 132.27745 1687.50000
v -1812.50000 140.30463 1687.50000
v -1750.00000 147.51685 1687.50000
v -1687.50000 155.51099 1687.50000
v -1625.00000 162.53291 1687.50000
v -1562.50000 170.14153 1687.50000
v -1500.00000 173.06865 1687.50000
v -1437.50000 176.64308 1687.50000
v -1375.00000 184.70279 1687.50000
v -1312.50000 188.67984 1687.50000
v -1250.00000 190.46132 1687.50000
v -1187.50000 190.52881 1687.50000
v -1125.00000 188.91109 1687.50000
v -1062.50000 191.54517 1687.50000
v -1000.00000 205.18413 1687.50000
v -937.50000 222.44557 1687.50000
v -875.00000 239.92578 1687.50000
v -812.50000 253.18539 1687.50000
v -750.00000 254.74681 1687.50000
v -687.50000 250.05739 1687.50000
v -625.00000 239.03676 1687.50000
v -562.50000 232.30179 1687.50000
v -500.00000 237.49950 1687.50000
v -437.50000 251.21933 1687.50000
v -375.00000 276.00766 1687.50000
v -312.50000 316.18594 1687.50000
v -250.00000 369.06073 1687.50000
v -187.50000 429.08722 1687.50000
v -125.00000 491.06552 1687.50000
v -62.50000 548.90454 1687.50000
v 0.00000 582.84698 1687.50000
v 62.50000 598.12323 1687.50000
v 125.00000 596.84875 1687.50000
v 187.50000 581.51996 1687.50000
v 250.00000 571.34601 1687.50000
v 312.50000 553.50537 1687.50000
v 375.00000 522.04102 1687.50000
v 437.50000 472.75311 1687.50000
v 500.00000 420.35678 1687.50000
v 562.50000 379.69366 1687.50000
v 625.00000 352.50806 1687.50000
v 687.50000 331.22009 1687.50000
v 750.00000 311.95135 1687.50000
v 812.50000 295.94586 1687.50000
v 875.00000 283.07550 1687.50000
v 937.50000 272.04761 1687.50000
v 1000.00000 263.61026 1687.50000
v 1062.50000 248.87050 1687.50000
v 1125.00000 236.06406 1687.50000
v 1187.50000 226.02255 1687.50000
v 1250.00000 217.30692 1687.50000
v 1312.50000 209.09125 1687.50000
v 1375.00000 198.07249 1687.50000
v 1437.50000 188.01363 1687.50000
v 1500.00000 179.43604 1687.50000
v 1562.50000 169.06067 1687.50000
v 1625.00000 157.68736 1687.50000
v 1687.50000 146.48003 1687.50000
v 1750.00000 135.65204 1687.50000
v 1812.50000 126.03885 1687.50000
v 1875.00000 119.02901 1687.50000
v 1937.50000 114.05653 1687.50000
v 2000.00000 108.54276 1687.50000
v -2000.00000 107.28658 1750.00000
v -1937.50000 112.33412 1750.00000
v -1875.00000 119.25109 1750.00000
v -1812.50000 125.78796 1750.00000
v -1750.00000 131.86523 1750.00000
v -1687.50000 138.77429 1750.00000
v -1625.00000 145.54637 1750.00000
v -1562.50000 153.01482 1750.00000
v -1500.00000 158.14355 1750.00000
v -1437.50000 163.56274 1750.00000
v -1375.00000 171.64943 1750.00000
v -1312.50000 176.95746 1750.00000
v -1250.00000 179.47635 1750.00000
v -1187.50000 178.76802 1750.00000
v -1125.00000 176.37889 1750.00000
v -1062.50000 178.56900 1750.00000
v -1000.00000 191.02019 1750.00000
v -937.50000 207.09825 1750.00000
v -875.00000 219.52386 1750.00000
v -812.50000 231.89101 1750.00000
v -750.00000 237.49522 1750.00000
v -687.50000 238.46895 1750.00000
v -625.00000 231.59262 1750.00000
v -562.50000 227.19479 1750.00000
v -500.00000 231.47302 1750.00000
v -437.50000 246.21559 1750.00000
v -375.00000 274.44852 1750.00000
v -312.50000 316.26492 1750.00000
v -250.00000 369.03299 1750.00000
v -187.50000 428.23697 1750.00000
v -125.00000 487.17978 1750.00000
v -62.50000 526.84283 1750.00000
v 0.00000 542.82452 1750.00000
v 62.50000 538.86292 1750.00000
v 125.00000 531.47919 1750.00000
v 187.50000 513.03107 1750.00000
v 250.00000 504.16904 1750.00000
v 312.50000 488.62854 1750.00000
v 375.00000 460.28592 1750.00000
v 437.50000 424.52881 1750.00000
v 500.00000 385.74976 1750.00000
v 562.50000 356.50629 1750.00000
v 625.00000 343.96408 1750.00000
v 687.50000 336.94928 1750.00000
v 750.00000 319.94769 1750.00000
v 812.50000 305.35507 1750.00000
v 875.00000 293.02042 1750.00000
v 937.50000 279.05771 1750.00000
v 1000.00000 269.40625 1750.00000
v 1062.50000 262.36264 1750.00000
v 1125.00000 248.80632 1750.00000
v 1187.50000 234.63426 1750.00000
v 1250.00000 219.88190 1750.00000
v 1312.50000 205.55038 1750.00000
v 1375.00000 193.02684 1750.00000
v 1437.50000 183.34792 1750.00000
v 1500.00000 176.89165 1750.00000
v 1562.50000 168.68713 1750.00000
v 1625.00000 157.60690 1750.00000
v 1687.50000 145.35756 1750.00000
v 1750.00000 133.36032 1750.00000
v 1812.50000 123.24882 1750.00000
v 1875.00000 115.66187 1750.00000
v 1937.50000 109.96682 1750.00000
v 2000.00000 104.01906 1750.00000
v -2000.00000 99.01028 1812.50000
v -1937.50000 103.59437 1812.50000
v -1875.00000 108.35702 1812.50000
v -1812.50000 113.34307 1812.50000
v -1750.00000 118.64000 1812.50000
v -1687.50000 125.25383 1812.50000
v -1625.00000 132.02579 1812.50000
v -1562.50000 139.29239 1812.50000
v -1500.00000 145.86676 1812.50000
v -1437.50000 152.58040 1812.50000
v -1375.00000 159.93016 1812.50000
v -1312.50000 164.68167 1812.50000
v -1250.00000 166.74368 1812.50000
v -1187.50000 165.78790 1812.50000
v -1125.00000 163.91434 1812.50000
v -1062.50000 166.04886 1812.50000
v -1000.00000 177.38190 1812.50000
v -937.50000 189.56628 1812.50000
v -875.00000 199.13879 1812.50000
v -812.50000 209.21321 1812.50000
v -750.00000 216.56833 1812.50000
v -687.50000 223.98930 1812.50000
v -625.00000 229.26855 1812.50000
v -562.50000 225.84206 1812.50000
v -500.00000 229.58763 1812.50000
v -437.50000 245.70200 1812.50000
v -375.00000 276.54880 1812.50000
v -312.50000 318.49939 1812.50000
v -250.00000 367.27356 1812.50000
v -187.50000 419.81796 1812.50000
v -125.00000 467.88083 1812.50000
v -62.50000 488.51624 1812.50000
v 0.00000 482.99146 1812.50000
v 62.50000 468.16937 1812.50000
v 125.00000 459.20459 1812.50000
v 187.50000 442.17697 1812.50000
v 250.00000 434.05176 1812.50000
v 312.50000 420.23083 1812.50000
v 375.00000 396.31281 1812.50000
v 437.50000 370.10074 1812.50000
v 500.00000 344.77756 1812.50000
v 562.50000 326.52121 1812.50000
v 625.00000 319.59500 1812.50000
v 687.50000 315.83862 1812.50000
v 750.00000 300.80246 1812.50000
v 812.50000 287.86661 1812.50000
v 875.00000 275.04684 1812.50000
v 937.50000 259.61093 1812.50000
v 1000.00000 247.19550 1812.50000
v 1062.50000 244.30363 1812.50000
v 1125.00000 232.40166 1812.50000
v 1187.50000 219.16898 1812.50000
v 1250.00000 205.58812 1812.50000
v 1312.50000 192.20319 1812.50000
v 1375.00000 180.32384 1812.50000
v 1437.50000 171.28668 1812.50000
v 1500.00000 164.33418 1812.50000
v 1562.50000 155.04881 1812.50000
v 1625.00000 144.08823 1812.50000
v 1687.50000 135.52852 1812.50000
v 1750.00000 126.59447 1812.50000
v 1812.50000 118.14526 1812.50000
v 1875.00000 110.36782 1812.50000
v 1937.50000 104.92247 1812.50000
v 2000.00000 99.26878 1812.50000
v -2000.00000 93.64055 1875.00000
v -1937.50000 98.19067 1875.00000
v -1875.00000 102.29219 1875.00000
v -1812.50000 104.72084 1875.00000
v -1750.00000 108.54054 1875.00000
v -1687.50000 115.02849 1875.00000
v -1625.00000 121.88050 1875.00000
v -1562.50000 129.09639 1875.00000
v -1500.00000 136.31995 1875.00000
v -1437.50000 143.43488 1875.00000
v -1375.00000 149.58464 1875.00000
v -1312.50000 153.17195 1875.00000
v -1250.00000 153.74557 1875.00000
v -1187.50000 152.39278 1875.00000
v -1125.00000 151.43452 1875.00000
v -1062.50000 153.88092 1875.00000
v -1000.00000 163.39557 1875.00000
v -937.50000 173.14189 1875.00000
v -875.00000 180.66971 1875.00000
v -812.50000 188.63052 1875.00000
v -750.00000 196.72142 1875.00000
v -687.50000 209.36346 1875.00000
v -625.00000 222.26038 1875.00000
v -562.50000 225.82510 1875.00000
v -500.00000 227.75255 1875.00000
v -437.50000 239.39487 1875.00000
v -375.00000 265.42392 1875.00000
v -312.50000 303.63644 1875.00000
v -250.00000 349.40582 1875.00000
v -187.50000 398.81628 1875.00000
v -125.00000 435.01224 1875.00000
v -62.50000 440.12662 1875.00000
v 0.00000 417.14667 1875.00000
v 62.50000 396.55066 1875.00000
v 125.00000 386.29987 1875.00000
v 187.50000 372.90176 1875.00000
v 250.00000 363.65558 1875.00000
v 312.50000 353.58484 1875.00000
v 375.00000 336.16943 1875.00000
v 437.50000 319.84177 1875.00000
v 500.00000 305.93964 1875.00000
v 562.50000 295.28635 1875.00000
v 625.00000 291.91183 1875.00000
v 687.50000 290.10886 1875.00000
v 750.00000 278.02280 1875.00000
v 812.50000 265.58237 1875.00000
v 875.00000 251.87883 1875.00000
v 937.50000 235.90079 1875.00000
v 1000.00000 221.71498 1875.00000
v 1062.50000 221.27428 1875.00000
v 1125.00000 212.07454 1875.00000
v 1187.50000 201.23563 1875.00000
v 1250.00000 189.81226 1875.00000
v 1312.50000 178.25560 1875.00000
v 1375.00000 167.21570 1875.00000
v 1437.50000 158.12204 1875.00000
v 1500.00000 149.87781 1875.00000
v 1562.50000 140.02097 1875.00000
v 1625.00000 130.70735 1875.00000
v 1687.50000 123.31455 1875.00000
v 1750.00000 116.69840 1875.00000
v 1812.50000 109.48631 1875.00000
v 1875.00000 103.62497 1875.00000
v 1937.50000 99.23069 1875.00000
v 2000.00000 94.80595 1875.00000
v -2000.00000 90.19503 1937.50000
v -1937.50000 92.97705 1937.50000
v -1875.00000 96.25819 1937.50000
v -1812.50000 99.74205 1937.50000
v -1750.00000 101.99329 1937.50000
v -1687.50000 107.75157 1937.50000
v -1625.00000 114.21851 1937.50000
v -1562.50000 121.29840 1937.50000
v -1500.00000 128.63420 1937.50000
v -1437.50000 135.55428 1937.50000
v -1375.00000 141.13824 1937.50000
v -1312.50000 144.48767 1937.50000
v -1250.00000 144.20016 1937.50000
v -1187.50000 142.40851 1937.50000
v -1125.00000 142.12160 1937.50000
v -1062.50000 144.79984 1937.50000
v -1000.00000 151.92494 1937.50000
v -937.50000 160.16893 1937.50000
v -875.00000 166.48476 1937.50000
v -812.50000 173.10600 1937.50000
v -750.00000 181.25281 1937.50000
v -687.50000 195.65311 1937.50000
v -625.00000 211.08757 1937.50000
v -562.50000 221.36147 1937.50000
v -500.00000 226.99594 1937.50000
v -437.50000 236.76376 1937.50000
v -375.00000 259.35614 1937.50000
v -312.50000 295.38663 1937.50000
v -250.00000 338.56393 1937.50000
v -187.50000 382.52344 1937.50000
v -125.00000 403.29950 1937.50000
v -62.50000 390.79852 1937.50000
v 0.00000 360.72122 1937.50000
v 62.50000 338.71930 1937.50000
v 125.00000 326.60901 1937.50000
v 187.50000 313.86771 1937.50000
v 250.00000 307.70767 1937.50000
v 312.50000 302.40332 1937.50000
v 375.00000 292.21704 1937.50000
v 437.50000 283.62585 1937.50000
v 500.00000 276.30737 1937.50000
v 562.50000 270.75842 1937.50000
v 625.00000 269.68918 1937.50000
v 687.50000 267.00616 1937.50000
v 750.00000 257.02478 1937.50000
v 812.50000 244.67638 1937.50000
v 875.00000 230.50273 1937.50000
v 937.50000 216.00507 1937.50000
v 1000.00000 204.24022 1937.50000
v 1062.50000 201.71518 1937.50000
v 1125.00000 193.87993 1937.50000
v 1187.50000 184.67784 1937.50000
v 1250.00000 174.95323 1937.50000
v 1312.50000 164.91861 1937.50000
v 1375.00000 154.99113 1937.50000
v 1437.50000 146.18375 1937.50000
v 1500.00000 137.44380 1937.50000
v 1562.50000 127.15381 1937.50000
v 1625.00000 120.58292 1937.50000
v 1687.50000 114.10307 1937.50000
v 1750.00000 108.65648 1937.50000
v 1812.50000 103.59916 1937.50000
v 1875.00000 97.99879 1937.50000
v 1937.50000 94.47824 1937.50000
v 2000.00000 91.54578 1937.50000
v -2000.00000 88.34824 2000.00000
v -1937.50000 89.75576 2000.00000
v -1875.00000 91.96296 2000.00000
v -1812.50000 94.82003 2000.00000
v -1750.00000 98.44709 2000.00000
v -1687.50000 102.87546 2000.00000
v -1625.00000 108.25258 2000.00000
v -1562.50000 114.34002 2000.00000
v -1500.00000 120.91089 2000.00000
v -1437.50000 127.51474 2000.00000
v -1375.00000 133.53687 2000.00000
v -1312.50000 138.20201 2000.00000
v -1250.00000 139.52852 2000.00000
v -1187.50000 138.06302 2000.00000
v -1125.00000 137.92911 2000.00000
v -1062.50000 140.00165 2000.00000
v -1000.00000 144.47485 2000.00000
v -937.50000 150.73553 2000.00000
v -875.00000 156.83061 2000.00000
v -812.50000 162.89459 2000.00000
v -750.00000 170.50977 2000.00000
v -687.50000 186.72527 2000.00000
v -625.00000 199.80931 2000.00000
v -562.50000 210.82492 2000.00000
v -500.00000 220.41502 2000.00000
v -437.50000 232.23199 2000.00000
v -375.00000 252.80185 2000.00000
v -312.50000 284.00867 2000.00000
v -250.00000 321.49527 2000.00000
v -187.50000 359.73776 2000.00000
v -125.00000 379.55777 2000.00000
v -62.50000 349.14108 2000.00000
v 0.00000 323.30576 2000.00000
v 62.50000 305.95099 2000.00000
v 125.00000 293.46777 2000.00000
v 187.50000 281.20837 2000.00000
v 250.00000 281.35968 2000.00000
v 312.50000 278.19290 2000.00000
v 375.00000 272.22220 2000.00000
v 437.50000 266.91071 2000.00000
v 500.00000 262.55579 2000.00000
v 562.50000 260.08255 2000.00000
v 625.00000 257.22034 2000.00000
v 687.50000 250.16446 2000.00000
v 750.00000 239.22260 2000.00000
v 812.50000 226.31587 2000.00000
v 875.00000 213.26094 2000.00000
v 937.50000 202.53342 2000.00000
v 1000.00000 194.73019 2000.00000
v 1062.50000 187.79221 2000.00000
v 1125.00000 179.63678 2000.00000
v 1187.50000 170.77930 2000.00000
v 1250.00000 161.56952 2000.00000
v 1312.50000 152.30592 2000.00000
v 1375.00000 143.57555 2000.00000
v 1437.50000 135.71220 2000.00000
v 1500.00000 128.19586 2000.00000
v 1562.50000 119.21545 2000.00000
v 1625.00000 112.43703 2000.00000
v 1687.50000 107.03834 2000.00000
v 1750.00000 102.45690 2000.00000
v 1812.50000 98.61729 2000.00000
v 1875.00000 94.97933 2000.00000
v 1937.50000 91.24683 2000.00000
v 2000.00000 89.73215 2000.00000
vt 0.000000 0.000000
vt 0.015625 0.000000
vt 0.031250 0.000000
vt 0.046875 0.000000
vt 0.062500 0.000000
vt 0.078125 0.000000
vt 0.093750 0.000000
vt 0.109375 0.000000
vt 0.125000 0.000000
vt 0.140625 0.000000
vt 0.156250 0.000000
vt 0.171875 0.000000
vt 0.187500 0.000000
vt 0.203125 0.000000
vt 0.218750 0.000000
vt 0.234375 0.000000
vt 0.250000 0.000000
vt 0.265625 0.000000
vt 0.281250 0.000000
vt 0.296875 0.000000
vt 0.312500 0.000000
vt 0.328125 0.000000
vt 0.343750 0.000000
vt 0.359375 0.000000
vt 0.375000 0.000000
vt 0.390625 0.000000
vt 0.406250 0.000000
vt 0.421875 0.000000
vt 0.437500 0.000000
vt 0.453125 0.000000
vt 0.468750 0.000000
vt 0.484375 0.000000
vt 0.500000 0.000000
vt 0.515625 0.000000
vt 0.531250 0.000000
vt 0.546875 0.000000
vt 0.562500 0.000000
vt 0.578125 0.000000
vt 0.593750 0.000000
vt 0.609375 0.000000
vt 0.625000 0.000000
vt 0.640625 0.000000
vt 0.656250 0.000000
vt 0.671875 0.000000
vt 0.687500 0.000000
vt 0.703125 0.000000
vt 0.718750 0.000000
vt 0.734375 0.000000
vt 0.750000 0.000000
vt 0.765625 0.000000
vt 0.781250 0.000000
vt 0.796875 0.000000
vt 0.812500 0.000000
vt 0.828125 0.000000
vt 0.843750 0.000000
vt 0.859375 0.000000
vt 0.875000 0.000000
vt 0.890625 0.000000
vt 0.906250 0.000000
vt 0.921875 0.000000
vt 0.937500 0.000000
vt 0.953125 0.000000
vt 0.968750 0.000000
vt 0.984375 0.000000
vt 1.000000 0.000000
vt 0.000000 0.015625
vt 0.015625 0.015625
vt 0.031250 0.015625
vt 0.046875 0.015625
vt 0.062500 0.015625
vt 0.078125 0.015625
vt 0.093750 0.015625
vt 0.109375 0.015625
vt 0.125000 0.015625
vt 0.140625 0.015625
vt 0.156250 0.015625
vt 0.171875 0.015625
vt 0.187500 0.015625
vt 0.203125 0.015625
vt 0.218750 0.015625
vt 0.234375 0.015625
vt 0.250000 0.015625
vt 0.265625 0.015625
vt 0.281250 0.015625
vt 0.296875 0.015625
vt 0.312500 0.015625
vt 0.328125 0.015625
vt 0.343750 0.015625
vt 0.359375 0.015625
vt 0.375000 0.015625
vt 0.390625 0.015625
vt 0.406250 0.015625
vt 0.421875 0.015625
vt 0.437500 0.015625
vt 0.453125 0.015625
vt 0.468750 0.015625
vt 0.484375 0.015625
vt 0.500000 0.015625
vt 0.515625 0.015625
vt 0.531250 0.015625
vt 0.546875 0.015625
vt 0.562500 0.015625
vt 0.578125 0.015625
vt 0.593750 0.015625
vt 0.609375 0.015625
vt 0.625000 0.015625
vt 0.640625 0.015625
vt 0.656250 0.015625
vt 0.671875 0.015625
vt 0.687500 0.015625
vt 0.703125 0.015625
vt 0.718750 0.015625
vt 0.734375 0.015625
vt 0.750000 0.015625
vt 0.765625 0.015625
vt 0.781250 0.015625
vt 0.796875 0.015625
vt 0.812500 0.015625
vt 0.828125 0.015625
vt 0.843750 0.015625
vt 0.859375 0.015625
vt 0.875000 0.015625
vt 0.890625 0.015625
vt 0.906250 0.015625
vt 0.921875 0.015625
vt 0.937500 0.015625
vt 0.953125 0.015625
vt 0.968750 0.015625
vt 0.984375 0.015625
vt 1.000000 0.015625
vt 0.000000 0.031250
vt 0.015625 0.031250
vt 0.031250 0.031250
vt 0.046875 0.031250
vt 0.062500 0.031250
vt 0.078125 0.031250
vt 0.093750 0.031250
vt 0.109375 0.031250
vt 0.125000 0.031250
vt 0.140625 0.031250
vt 0.156250 0.031250
vt 0.171875 0.031250
vt 0.187500 0.031250
vt 0.203125 0.031250
vt 0.218750 0.031250
vt 0.234375 0.031250
vt 0.250000 0.031250
vt 0.265625 0.031250
vt 0.281250 0.031250
vt 0.296875 0.031250
vt 0.312500 0.031250
vt 0.328125 0.031250
vt 0.343750 0.031250
vt 0.359375 0.031250
vt 0.375000 0.031250
vt 0.390625 0.031250
vt 0.406250 0.031250
vt 0.421875 0.031250
vt 0.437500 0.031250
vt 0.453125 0.031250
vt 0.468750 0.031250
vt 0.484375 0.031250
vt 0.500000 0.031250
vt 0.515625 0.031250
vt 0.531250 0.031250
vt 0.546875 0.031250
vt 0.562500 0.031250
vt 0.578125 0.031250
vt 0.593750 0.031250
vt 0.609375 0.031250
vt 0.625000 0.031250
vt 0.640625 0.031250
vt 0.656250 0.031250
vt 0.671875 0.031250
vt 0.687500 0.031250
vt 0.703125 0.031250
vt 0.718750 0.031250
vt 0.734375 0.031250
vt 0.750000 0.031250
vt 0.765625 0.031250
vt 0.781250 0.031250
vt 0.796875 0.031250
vt 0.812500 0.031250
vt 0.828125 0.031250
vt 0.843750 0.031250
vt 0.859375 0.031250
vt 0.875000 0.031250
vt 0.890625 0.031250
vt 0.906250 0.031250
vt 0.921875 0.031250
vt 0.937500 0.031250
vt 0.953125 0.031250
vt 0.968750 0.031250
vt 0.984375 0.031250
vt 1.000000 0.031250
vt 0.000000 0.046875
vt 0.015625 0.046875
vt 0.031250 0.046875
vt 0.046875 0.046875
vt 0.062500 0.046875
vt 0.078125 0.046875
vt 0.093750 0.046875
vt 0.109375 0.046875
vt 0.125000 0.046875
vt 0.140625 0.046875
vt 0.156250 0.046875
vt 0.171875 0.046875
vt 0.187500 0.046875
vt 0.203125 0.046875
vt 0.218750 0.046875
vt 0.234375 0.046875
vt 0.250000 0.046875
vt 0.265625 0.046875
vt 0.281250 0.046875
vt 0.296875 0.046875
vt 0.312500 0.046875
vt 0.328125 0.046875
vt 0.343750 0.046875
vt 0.359375 0.046875
vt 0.375000 0.046875
vt 0.390625 0.046875
vt 0.406250 0.046875
vt 0.421875 0.046875
vt 0.437500 0.046875
vt 0.453125 0.046875
vt 0.468750 0.046875
vt 0.484375 0.046875
vt 0.500000 0.046875
vt 0.515625 0.046875
vt 0.531250 0.046875
vt 0.546875 0.046875
vt 0.562500 0.046875
vt 0.578125 0.046875
vt 0.593750 0.046875
vt 0.609375 0.046875
vt 0.625000 0.046875
vt 0.640625 0.046875
vt 0.656250 0.046875
vt 0.671875 0.046875
vt 0.687500 0.046875
vt 0.703125 0.046875
vt 0.718750 0.046875
vt 0.734375 0.046875
vt 0.750000 0.046875
vt 0.765625 0.046875
vt 0.781250 0.046875
vt 0.796875 0.046875
vt 0.812500 0.046875
vt 0.828125 0.046875
vt 0.843750 0.046875
vt 0.859375 0.046875
vt 0.875000 0.046875
vt 0.890625 0.046875
vt 0.906250 0.046875
vt 0.921875 0.046875
vt 0.937500 0.046875
vt 0.953125 0.046875
vt 0.968750 0.046875
vt 0.984375 0.046875
vt 1.000000 0.046875
vt 0.000000 0.062500
vt 0.015625 0.062500
vt 0.031250 0.062500
vt 0.046875 0.062500
vt 0.062500 0.062500
vt 0.078125 0.062500
vt 0.093750 0.062500
vt 0.109375 0.062500
vt 0.125000 0.062500
vt 0.140625 0.062500
vt 0.156250 0.062500
vt 0.171875 0.062500
vt 0.187500 0.062500
vt 0.203125 0.062500
vt 0.218750 0.062500
vt 0.234375 0.062500
vt 0.250000 0.062500
vt 0.265625 0.062500
vt 0.281250 0.062500
vt 0.296875 0.062500
vt 0.312500 0.062500
vt 0.328125 0.062500
vt 0.343750 0.062500
vt 0.359375 0.062500
vt 0.375000 0.062500
vt 0.390625 0.062500
vt 0.406250 0.062500
vt 0.421875 0.062500
vt 0.437500 0.062500
vt 0.453125 0.062500
vt 0.468750 0.062500
vt 0.484375 0.062500
vt 0.500000 0.062500
vt 0.515625 0.062500
vt 0.531250 0.062500
vt 0.546875 0.062500
vt 0.562500 0.062500
vt 0.578125 0.062500
vt 0.593750 0.062500
vt 0.609375 0.062500
vt 0.625000 0.062500
vt 0.640625 0.062500
vt 0.656250 0.062500
vt 0.671875 0.062500
vt 0.687500 0.062500
vt 0.703125 0.062500
vt 0.718750 0.062500
vt 0.734375 0.062500
vt 0.750000 0.062500
vt 0.765625 0.062500
vt 0.781250 0.062500
vt 0.796875 0.062500
vt 0.812500 0.062500
vt 0.828125 0.062500
vt 0.843750 0.062500
vt 0.859375 0.062500
vt 0.875000 0.062500
vt 0.890625 0.062500
vt 0.906250 0.062500
vt 0.921875 0.062500
vt 0.937500 0.062500
vt 0.953125 0.062500
vt 0.968750 0.062500
vt 0.984375 0.062500
vt 1.000000 0.062500
vt 0.000000 0.078125
vt 0.015625 0.078125
vt 0.031250 0.078125
vt 0.046875 0.078125
vt 0.062500 0.078125
vt 0.078125 0.078125
vt 0.093750 0.078125
vt 0.109375 0.078125
vt 0.125000 0.078125
vt 0.140625 0.078125
vt 0.156250 0.078125
vt 0.171875 0.078125
vt 0.187500 0.078125
vt 0.203125 0.078125
vt 0.218750 0.078125
vt 0.234375 0.078125
vt 0.250000 0.078125
vt 0.265625 0.078125
vt 0.281250 0.078125
vt 0.296875 0.078125
vt 0.312500 0.078125
vt 0.328125 0.078125
vt 0.343750 0.078125
vt 0.359375 0.078125
vt 0.375000 0.078125
vt 0.390625 0.078125
vt 0.406250 0.078125
vt 0.421875 0.078125
vt 0.437500 0.078125
vt 0.453125 0.078125
vt 0.468750 0.078125
vt 0.484375 0.078125
vt 0.500000 0.078125
vt 0.515625 0.078125
vt 0.531250 0.078125
vt 0.546875 0.078125
vt 0.562500 0.078125
vt 0.578125 0.078125
vt 0.593750 0.078125
vt 0.609375 0.078125
vt 0.625000 0.078125
vt 0.640625 0.078125
vt 0.656250 0.078125
vt 0.671875 0.078125
vt 0.687500 0.078125
vt 0.703125 0.078125
vt 0.718750 0.078125
vt 0.734375 0.078125
vt 0.750000 0.078125
vt 0.765625 0.078125
vt 0.781250 0.078125
vt 0.796875 0.078125
vt 0.812500 0.078125
vt 0.828125 0.078125
vt 0.843750 0.078125
vt 0.859375 0.078125
vt 0.875000 0.078125
vt 0.890625 0.078125
vt 0.906250 0.078125
vt 0.921875 0.078125
vt 0.937500 0.078125
vt 0.953125 0.078125
vt 0.968750 0.078125
vt 0.984375 0.078125
vt 1.000000 0.078125
vt 0.000000 0.093750
vt 0.015625 0.093750
vt 0.031250 0.093750
vt 0.046875 0.093750
vt 0.062500 0.093750
vt 0.078125 0.093750
vt 0.093750 0.093750
vt 0.109375 0.093750
vt 0.125000 0.093750
vt 0.140625 0.093750
vt 0.156250 0.093750
vt 0.171875 0.093750
vt 0.187500 0.093750
vt 0.203125 0.093750
vt 0.218750 0.093750
vt 0.234375 0.093750
vt 0.250000 0.093750
vt 0.265625 0.093750
vt 0.281250 0.093750
vt 0.296875 0.093750
vt 0.312500 0.093750
vt 0.328125 0.093750
vt 0.343750 0.093750
vt 0.359375 0.093750
vt 0.375000 0.093750
vt 0.390625 0.093750
vt 0.406250 0.093750
vt 0.421875 0.093750
vt 0.437500 0.093750
vt 0.453125 0.093750
vt 0.468750 0.093750
vt 0.484375 0.093750
vt 0.500000 0.093750
vt 0.515625 0.093750
vt 0.531250 0.093750
vt 0.546875 0.093750
vt 0.562500 0.093750
vt 0.578125 0.093750
vt 0.593750 0.093750
vt 0.609375 0.093750
vt 0.625000 0.093750
vt 0.640625 0.093750
vt 0.656250 0.093750
vt 0.671875 0.093750
vt 0.687500 0.093750
vt 0.703125 0.093750
vt 0.718750 0.093750
vt 0.734375 0.093750
vt 0.750000 0.093750
vt 0.765625 0.093750
vt 0.781250 0.093750
vt 0.796875 0.093750
vt 0.812500 0.093750
vt 0.828125 0.093750
vt 0.843750 0.093750
vt 0.859375 0.093750
vt 0.875000 0.093750
vt 0.890625 0.093750
vt 0.906250 0.093750
vt 0.921875 0.093750
vt 0.937500 0.093750
vt 0.953125 0.093750
vt 0.968750 0.093750
vt 0.984375 0.093750
vt 1.000000 0.093750
vt 0.000000 0.109375
vt 0.015625 0.109375
vt 0.031250 0.109375
vt 0.046875 0.109375
vt 0.062500 0.109375
vt 0.078125 0.109375
vt 0.093750 0.109375
vt 0.109375 0.109375
vt 0.125000 0.109375
vt 0.140625 0.109375
vt 0.156250 0.109375
vt 0.171875 0.109375
vt 0.187500 0.109375
vt 0.203125 0.109375
vt 0.218750 0.109375
vt 0.234375 0.109375
vt 0.250000 0.109375
vt 0.265625 0.109375
vt 0.281250 0.109375
vt 0.296875 0.109375
vt 0.312500 0.109375
vt 0.328125 0.109375
vt 0.343750 0.109375
vt 0.359375 0.109375
vt 0.375000 0.109375
vt 0.390625 0.109375
vt 0.406250 0.109375
vt 0.421875 0.109375
vt 0.437500 0.109375
vt 0.453125 0.109375
vt 0.468750 0.109375
vt 0.484375 0.109375
vt 0.500000 0.109375
vt 0.515625 0.109375
vt 0.531250 0.109375
vt 0.546875 0.109375
vt 0.562500 0.109375
vt 0.578125 0.109375
vt 0.593750 0.109375
vt 0.609375 0.109375
vt 0.625000 0.109375
vt 0.640625 0.109375
vt 0.656250 0.109375
vt 0.671875 0.109375
vt 0.687500 0.109375
vt 0.703125 0.109375
vt 0.718750 0.109375
vt 0.734375 0.109375
vt 0.750000 0.109375
vt 0.765625 0.109375
vt 0.781250 0.109375
vt 0.796875 0.109375
vt 0.812500 0.109375
vt 0.828125 0.109375
vt 0.843750 0.109375
vt 0.859375 0.109375
vt 0.875000 0.109375
vt 0.890625 0.109375
vt 0.906250 0.109375
vt 0.921875 0.109375
vt 0.937500 0.109375
vt 0.953125 0.109375
vt 0.968750 0.109375
vt 0.984375 0.109375
vt 1.000000 0.109375
vt 0.000000 0.125000
vt 0.015625 0.125000
vt 0.031250 0.125000
vt 0.046875 0.125000
vt 0.062500 0.125000
vt 0.078125 0.125000
vt 0.093750 0.125000
vt 0.109375 0.125000
vt 0.125000 0.125000
vt 0.140625 0.125000
vt 0.156250 0.125000
vt 0.171875 0.125000
vt 0.187500 0.125000
vt 0.203125 0.125000
vt 0.218750 0.125000
vt 0.234375 0.125000
vt 0.250000 0.125000
vt 0.265625 0.125000
vt 0.281250 0.125000
vt 0.296875 0.125000
vt 0.312500 0.125000
vt 0.328125 0.125000
vt 0.343750 0.125000
vt 0.359375 0.125000
vt 0.375000 0.125000
vt 0.390625 0.125000
vt 0.406250 0.125000
vt 0.421875 0.125000
vt 0.437500 0.125000
vt 0.453125 0.125000
vt 0.468750 0.125000
vt 0.484375 0.125000
vt 0.500000 0.125000
vt 0.515625 0.125000
vt 0.531250 0.125000
vt 0.546875 0.125000
vt 0.562500 0.125000
vt 0.578125 0.125000
vt 0.593750 0.125000
vt 0.609375 0.125000
vt 0.625000 0.125000
vt 0.640625 0.125000
vt 0.656250 0.125000
vt 0.671875 0.125000
vt 0.687500 0.125000
vt 0.703125 0.125000
vt 0.718750 0.125000
vt 0.734375 0.125000
vt 0.750000 0.125000
vt 0.765625 0.125000
vt 0.781250 0.125000
vt 0.796875 0.125000
vt 0.812500 0.125000
vt 0.828125 0.125000
vt 0.843750 0.125000
vt 0.859375 0.125000
vt 0.875000 0.125000
vt 0.890625 0.125000
vt 0.906250 0.125000
vt 0.921875 0.125000
vt 0.937500 0.125000
vt 0.953125 0.125000
vt 0.968750 0.125000
vt 0.984375 0.125000
vt 1.000000 0.125000
vt 0.000000 0.140625
vt 0.015625 0.140625
vt 0.031250 0.140625
vt 0.046875 0.140625
vt 0.062500 0.140625
vt 0.078125 0.140625
vt 0.093750 0.140625
vt 0.109375 0.140625
vt 0.125000 0.140625
vt 0.140625 0.140625
vt 0.156250 0.140625
vt 0.171875 0.140625
vt 0.187500 0.140625
vt 0.203125 0.140625
vt 0.218750 0.140625
vt 0.234375 0.140625
vt 0.250000 0.140625
vt 0.265625 0.140625
vt 0.281250 0.140625
vt 0.296875 0.140625
vt 0.312500 0.140625
vt 0.328125 0.140625
vt 0.343750 0.140625
vt 0.359375 0.140625
vt 0.375000 0.140625
vt 0.390625 0.140625
vt 0.406250 0.140625
vt 0.421875 0.140625
vt 0.437500 0.140625
vt 0.453125 0.140625
vt 0.468750 0.140625
vt 0.484375 0.140625
vt 0.500000 0.140625
vt 0.515625 0.140625
vt 0.531250 0.140625
vt 0.546875 0.140625
vt 0.562500 0.140625
vt 0.578125 0.140625
vt 0.593750 0.140625
vt 0.609375 0.140625
vt 0.625000 0.140625
vt 0.640625 0.140625
vt 0.656250 0.140625
vt 0.671875 0.140625
vt 0.687500 0.140625
vt 0.703125 0.140625
vt 0.718750 0.140625
vt 0.734375 0.140625
vt 0.750000 0.140625
vt 0.765625 0.140625
vt 0.781250 0.140625
vt 0.796875 0.140625
vt 0.812500 0.140625
vt 0.828125 0.140625
vt 0.843750 0.140625
vt 0.859375 0.140625
vt 0.875000 0.140625
vt 0.890625 0.140625
vt 0.906250 0.140625
vt 0.921875 0.140625
vt 0.937500 0.140625
vt 0.953125 0.140625
vt 0.968750 0.140625
vt 0.984375 0.140625
vt 1.000000 0.140625
vt 0.000000 0.156250
vt 0.015625 0.156250
vt 0.031250 0.156250
vt 0.046875 0.156250
vt 0.062500 0.156250
vt 0.078125 0.156250
vt 0.093750 0.156250
vt 0.109375 0.156250
vt 0.125000 0.156250
vt 0.140625 0.156250
vt 0.156250 0.156250
vt 0.171875 0.156250
vt 0.187500 0.156250
vt 0.203125 0.156250
vt 0.218750 0.156250
vt 0.234375 0.156250
vt 0.250000 0.156250
vt 0.265625 0.156250
vt 0.281250 0.156250
vt 0.296875 0.156250
vt 0.312500 0.156250
vt 0.328125 0.156250
vt 0.343750 0.156250
vt 0.359375 0.156250
vt 0.375000 0.156250
vt 0.390625 0.156250
vt 0.406250 0.156250
vt 0.421875 0.156250
vt 0.437500 0.156250
vt 0.453125 0.156250
vt 0.468750 0.156250
vt 0.484375 0.156250
vt 0.500000 0.156250
vt 0.515625 0.156250
vt 0.531250 0.156250
vt 0.546875 0.156250
vt 0.562500 0.156250
vt 0.578125 0.156250
vt 0.593750 0.156250
vt 0.609375 0.156250
vt 0.625000 0.156250
vt 0.640625 0.156250
vt 0.656250 0.156250
vt 0.671875 0.156250
vt 0.687500 0.156250
vt 0.703125 0.156250
vt 0.718750 0.156250
vt 0.734375 0.156250
vt 0.750000 0.156250
vt 0.765625 0.156250
vt 0.781250 0.156250
vt 0.796875 0.156250
vt 0.812500 0.156250
vt 0.828125 0.156250
vt 0.843750 0.156250
vt 0.859375 0.156250
vt 0.875000 0.156250
vt 0.890625 0.156250
vt 0.906250 0.156250
vt 0.921875 0.156250
vt 0.937500 0.156250
vt 0.953125 0.156250
vt 0.968750 0.156250
vt 0.984375 0.156250
vt 1.000000 0.156250
vt 0.000000 0.171875
vt 0.015625 0.171875
vt 0.031250 0.171875
vt 0.046875 0.171875
vt 0.062500 0.171875
vt 0.078125 0.171875
vt 0.093750 0.171875
vt 0.109375 0.171875
vt 0.125000 0.171875
vt 0.140625 0.171875
vt 0.156250 0.171875
vt 0.171875 0.171875
vt 0.187500 0.171875
vt 0.203125 0.171875
vt 0.218750 0.171875
vt 0.234375 0.171875
vt 0.250000 0.171875
vt 0.265625 0.171875
vt 0.281250 0.171875
vt 0.296875 0.171875
vt 0.312500 0.171875
vt 0.328125 0.171875
vt 0.343750 0.171875
vt 0.359375 0.171875
vt 0.375000 0.171875
vt 0.390625 0.171875
vt 0.406250 0.171875
vt 0.421875 0.171875
vt 0.437500 0.171875
vt 0.453125 0.171875
vt 0.468750 0.171875
vt 0.484375 0.171875
vt 0.500000 0.171875
vt 0.515625 0.171875
vt 0.531250 0.171875
vt 0.546875 0.171875
vt 0.562500 0.171875
vt 0.578125 0.171875
vt 0.593750 0.171875
vt 0.609375 0.171875
vt 0.625000 0.171875
vt 0.640625 0.171875
vt 0.656250 0.171875
vt 0.671875 0.171875
vt 0.687500 0.171875
vt 0.703125 0.171875
vt 0.718750 0.171875
vt 0.734375 0.171875
vt 0.750000 0.171875
vt 0.765625 0.171875
vt 0.781250 0.171875
vt 0.796875 0.171875
vt 0.812500 0.171875
vt 0.828125 0.171875
vt 0.843750 0.171875
vt 0.859375 0.171875
vt 0.875000 0.171875
vt 0.890625 0.171875
vt 0.906250 0.171875
vt 0.921875 0.171875
vt 0.937500 0.171875
vt 0.953125 0.171875
vt 0.968750 0.171875
vt 0.984375 0.171875
vt 1.000000 0.171875
vt 0.000000 0.187500
vt 0.015625 0.187500
vt 0.031250 0.187500
vt 0.046875 0.187500
vt 0.062500 0.187500
vt 0.078125 0.187500
vt 0.093750 0.187500
vt 0.109375 0.187500
vt 0.125000 0.187500
vt 0.140625 0.187500
vt 0.156250 0.187500
vt 0.171875 0.187500
vt 0.187500 0.187500
vt 0.203125 0.187500
vt 0.218750 0.187500
vt 0.234375 0.187500
vt 0.250000 0.187500
vt 0.265625 0.187500
vt 0.281250 0.187500
vt 0.296875 0.187500
vt 0.312500 0.187500
vt 0.328125 0.187500
vt 0.343750 0.187500
vt 0.359375 0.187500
vt 0.375000 0.187500
vt 0.390625 0.187500
vt 0.406250 0.187500
vt 0.421875 0.187500
vt 0.437500 0.187500
vt 0.453125 0.187500
vt 0.468750 0.187500
vt 0.484375 0.187500
vt 0.500000 0.187500
vt 0.515625 0.187500
vt 0.531250 0.187500
vt 0.546875 0.187500
vt 0.562500 0.187500
vt 0.578125 0.187500
vt 0.593750 0.187500
vt 0.609375 0.187500
vt 0.625000 0.187500
vt 0.640625 0.187500
vt 0.656250 0.187500
vt 0.671875 0.187500
vt 0.687500 0.187500
vt 0.703125 0.187500
vt 0.718750 0.187500
vt 0.734375 0.187500
vt 0.750000 0.187500
vt 0.765625 0.187500
vt 0.781250 0.187500
vt 0.796875 0.187500
vt 0.812500 0.187500
vt 0.828125 0.187500
vt 0.843750 0.187500
vt 0.859375 0.187500
vt 0.875000 0.187500
vt 0.890625 0.187500
vt 0.906250 0.187500
vt 0.921875 0.187500
vt 0.937500 0.187500
vt 0.953125 0.187500
vt 0.968750 0.187500
vt 0.984375 0.187500
vt 1.000000 0.187500
vt 0.000000 0.203125
vt 0.015625 0.203125
vt 0.031250 0.203125
vt 0.046875 0.203125
vt 0.062500 0.203125
vt 0.078125 0.203125
vt 0.093750 0.203125
vt 0.109375 0.203125
vt 0.125000 0.203125
vt 0.140625 0.203125
vt 0.156250 0.203125
vt 0.171875 0.203125
vt 0.187500 0.203125
vt 0.203125 0.203125
vt 0.218750 0.203125
vt 0.234375 0.203125
vt 0.250000 0.203125
vt 0.265625 0.203125
vt 0.281250 0.203125
vt 0.296875 0.203125
vt 0.312500 0.203125
vt 0.328125 0.203125
vt 0.343750 0.203125
vt 0.359375 0.203125
vt 0.375000 0.203125
vt 0.390625 0.203125
vt 0.406250 0.203125
vt 0.421875 0.203125
vt 0.437500 0.203125
vt 0.453125 0.203125
vt 0.468750 0.203125
vt 0.484375 0.203125
vt 0.500000 0.203125
vt 0.515625 0.203125
vt 0.531250 0.203125
vt 0.546875 0.203125
vt 0.562500 0.203125
vt 0.578125 0.203125
vt 0.593750 0.203125
vt 0.609375 0.203125
vt 0.625000 0.203125
vt 0.640625 0.203125
vt 0.656250 0.203125
vt 0.671875 0.203125
vt 0.687500 0.203125
vt 0.703125 0.203125
vt 0.718750 0.203125
vt 0.734375 0.203125
vt 0.750000 0.203125
vt 0.765625 0.203125
vt 0.781250 0.203125
vt 0.796875 0.203125
vt 0.812500 0.203125
vt 0.828125 0.203125
vt 0.843750 0.203125
vt 0.859375 0.203125
vt 0.875000 0.203125
vt 0.890625 0.203125
vt 0.906250 0.203125
vt 0.921875 0.203125
vt 0.937500 0.203125
vt 0.953125 0.203125
vt 0.968750 0.203125
vt 0.984375 0.203125
vt 1.000000 0.203125
vt 0.000000 0.218750
vt 0.015625 0.218750
vt 0.031250 0.218750
vt 0.046875 0.218750
vt 0.062500 0.218750
vt 0.078125 0.218750
vt 0.093750 0.218750
vt 0.109375 0.218750
vt 0.125000 0.218750
vt 0.140625 0.218750
vt 0.156250 0.218750
vt 0.171875 0.218750
vt 0.187500 0.218750
vt 0.203125 0.218750
vt 0.218750 0.218750
vt 0.234375 0.218750
vt 0.250000 0.218750
vt 0.265625 0.218750
vt 0.281250 0.218750
vt 0.296875 0.218750
vt 0.312500 0.218750
vt 0.328125 0.218750
vt 0.343750 0.218750
vt 0.359375 0.218750
vt 0.375000 0.218750
vt 0.390625 0.218750
vt 0.406250 0.218750
vt 0.421875 0.218750
vt 0.437500 0.218750
vt 0.453125 0.218750
vt 0.468750 0.218750
vt 0.484375 0.218750
vt 0.500000 0.218750
vt 0.515625 0.218750
vt 0.531250 0.218750
vt 0.546875 0.218750
vt 0.562500 0.218750
vt 0.578125 0.218750
vt 0.593750 0.218750
vt 0.609375 0.218750
vt 0.625000 0.218750
vt 0.640625 0.218750
vt 0.656250 0.218750
vt 0.671875 0.218750
vt 0.687500 0.218750
vt 0.703125 0.218750
vt 0.718750 0.218750
vt 0.734375 0.218750
vt 0.750000 0.218750
vt 0.765625 0.218750
vt 0.781250 0.218750
vt 0.796875 0.218750
vt 0.812500 0.218750
vt 0.828125 0.218750
vt 0.843750 0.218750
vt 0.859375 0.218750
vt 0.875000 0.218750
vt 0.890625 0.218750
vt 0.906250 0.218750
vt 0.921875 0.218750
vt 0.937500 0.218750
vt 0.953125 0.218750
vt 0.968750 0.218750
vt 0.984375 0.218750
vt 1.000000 0.218750
vt 0.000000 0.234375
vt 0.015625 0.234375
vt 0.031250 0.234375
vt 0.046875 0.234375
vt 0.062500 0.234375
vt 0.078125 0.234375
vt 0.093750 0.234375
vt 0.109375 0.234375
vt 0.125000 0.234375
vt 0.140625 0.234375
vt 0.156250 0.234375
vt 0.171875 0.234375
vt 0.187500 0.234375
vt 0.203125 0.234375
vt 0.218750 0.234375
vt 0.234375 0.234375
vt 0.250000 0.234375
vt 0.265625 0.234375
vt 0.281250 0.234375
vt 0.296875 0.234375
vt 0.312500 0.234375
vt 0.328125 0.234375
vt 0.343750 0.234375
vt 0.359375 0.234375
vt 0.375000 0.234375
vt 0.390625 0.234375
vt 0.406250 0.234375
vt 0.421875 0.234375
vt 0.437500 0.234375
vt 0.453125 0.234375
vt 0.468750 0.234375
vt 0.484375 0.234375
vt 0.500000 0.234375
vt 0.515625 0.234375
vt 0.531250 0.234375
vt 0.546875 0.234375
vt 0.562500 0.234375
vt 0.578125 0.234375
vt 0.593750 0.234375
vt 0.609375 0.234375
vt 0.625000 0.234375
vt 0.640625 0.234375
vt 0.656250 0.234375
vt 0.671875 0.234375
vt 0.687500 0.234375
vt 0.703125 0.234375
vt 0.718750 0.234375
vt 0.734375 0.234375
vt 0.750000 0.234375
vt 0.765625 0.234375
vt 0.781250 0.234375
vt 0.796875 0.234375
vt 0.812500 0.234375
vt 0.828125 0.234375
vt 0.843750 0.234375
vt 0.859375 0.234375
vt 0.875000 0.234375
vt 0.890625 0.234375
vt 0.906250 0.234375
vt 0.921875 0.234375
vt 0.937500 0.234375
vt 0.953125 0.234375
vt 0.968750 0.234375
vt 0.984375 0.234375
vt 1.000000 0.234375
vt 0.000000 0.250000
vt 0.015625 0.250000
vt 0.031250 0.250000
vt 0.046875 0.250000
vt 0.062500 0.250000
vt 0.078125 0.250000
vt 0.093750 0.250000
vt 0.109375 0.250000
vt 0.125000 0.250000
vt 0.140625 0.250000
vt 0.156250 0.250000
vt 0.171875 0.250000
vt 0.187500 0.250000
vt 0.203125 0.250000
vt 0.218750 0.250000
vt 0.234375 0.250000
vt 0.250000 0.250000
vt 0.265625 0.250000
vt 0.281250 0.250000
vt 0.296875 0.250000
vt 0.312500 0.250000
vt 0.328125 0.250000
vt 0.343750 0.250000
vt 0.359375 0.250000
vt 0.375000 0.250000
vt 0.390625 0.250000
vt 0.406250 0.250000
vt 0.421875 0.250000
vt 0.437500 0.250000
vt 0.453125 0.250000
vt 0.468750 0.250000
vt 0.484375 0.250000
vt 0.500000 0.250000
vt 0.515625 0.250000
vt 0.531250 0.250000
vt 0.546875 0.250000
vt 0.562500 0.250000
vt 0.578125 0.250000
vt 0.593750 0.250000
vt 0.609375 0.250000
vt 0.625000 0.250000
vt 0.640625 0.250000
vt 0.656250 0.250000
vt 0.671875 0.250000
vt 0.687500 0.250000
vt 0.703125 0.250000
vt 0.718750 0.250000
vt 0.734375 0.250000
vt 0.750000 0.250000
vt 0.765625 0.250000
vt 0.781250 0.250000
vt 0.796875 0.250000
vt 0.812500 0.250000
vt 0.828125 0.250000
vt 0.843750 0.250000
vt 0.859375 0.250000
vt 0.875000 0.250000
vt 0.890625 0.250000
vt 0.906250 0.250000
vt 0.921875 0.250000
vt 0.937500 0.250000
vt 0.953125 0.250000
vt 0.968750 0.250000
vt 0.984375 0.250000
vt 1.000000 0.250000
vt 0.000000 0.265625
vt 0.015625 0.265625
vt 0.031250 0.265625
vt 0.046875 0.265625
vt 0.062500 0.265625
vt 0.078125 0.265625
vt 0.093750 0.265625
vt 0.109375 0.265625
vt 0.125000 0.265625
vt 0.140625 0.265625
vt 0.156250 0.265625
vt 0.171875 0.265625
vt 0.187500 0.265625
vt 0.203125 0.265625
vt 0.218750 0.265625
vt 0.234375 0.265625
vt 0.250000 0.265625
vt 0.265625 0.265625
vt 0.281250 0.265625
vt 0.296875 0.265625
vt 0.312500 0.265625
vt 0.328125 0.265625
vt 0.343750 0.265625
vt 0.359375 0.265625
vt 0.375000 0.265625
vt 0.390625 0.265625
vt 0.406250 0.265625
vt 0.421875 0.265625
vt 0.437500 0.265625
vt 0.453125 0.265625
vt 0.468750 0.265625
vt 0.484375 0.265625
vt 0.500000 0.265625
vt 0.515625 0.265625
vt 0.531250 0.265625
vt 0.546875 0.265625
vt 0.562500 0.265625
vt 0.578125 0.265625
vt 0.593750 0.265625
vt 0.609375 0.265625
vt 0.625000 0.265625
vt 0.640625 0.265625
vt 0.656250 0.265625
vt 0.671875 0.265625
vt 0.687500 0.265625
vt 0.703125 0.265625
vt 0.718750 0.265625
vt 0.734375 0.265625
vt 0.750000 0.265625
vt 0.765625 0.265625
vt 0.781250 0.265625
vt 0.796875 0.265625
vt 0.812500 0.265625
vt 0.828125 0.265625
vt 0.843750 0.265625
vt 0.859375 0.265625
vt 0.875000 0.265625
vt 0.890625 0.265625
vt 0.906250 0.265625
vt 0.921875 0.265625
vt 0.937500 0.265625
vt 0.953125 0.265625
vt 0.968750 0.265625
vt 0.984375 0.265625
vt 1.000000 0.265625
vt 0.000000 0.281250
vt 0.015625 0.281250
vt 0.031250 0.281250
vt 0.046875 0.281250
vt 0.062500 0.281250
vt 0.078125 0.281250
vt 0.093750 0.281250
vt 0.109375 0.281250
vt 0.125000 0.281250
vt 0.140625 0.281250
vt 0.156250 0.281250
vt 0.171875 0.281250
vt 0.187500 0.281250
vt 0.203125 0.281250
vt 0.218750 0.281250
vt 0.234375 0.281250
vt 0.250000 0.281250
vt 0.265625 0.281250
vt 0.281250 0.281250
vt 0.296875 0.281250
vt 0.312500 0.281250
vt 0.328125 0.281250
vt 0.343750 0.281250
vt 0.359375 0.281250
vt 0.375000 0.281250
vt 0.390625 0.281250
vt 0.406250 0.281250
vt 0.421875 0.281250
vt 0.437500 0.281250
vt 0.453125 0.281250
vt 0.468750 0.281250
vt 0.484375 0.281250
vt 0.500000 0.281250
vt 0.515625 0.281250
vt 0.531250 0.281250
vt 0.546875 0.281250
vt 0.562500 0.281250
vt 0.578125 0.281250
vt 0.593750 0.281250
vt 0.609375 0.281250
vt 0.625000 0.281250
vt 0.640625 0.281250
vt 0.656250 0.281250
vt 0.671875 0.281250
vt 0.687500 0.281250
vt 0.703125 0.281250
vt 0.718750 0.281250
vt 0.734375 0.281250
vt 0.750000 0.281250
vt 0.765625 0.281250
vt 0.781250 0.281250
vt 0.796875 0.281250
vt 0.812500 0.281250
vt 0.828125 0.281250
vt 0.843750 0.281250
vt 0.859375 0.281250
vt 0.875000 0.281250
vt 0.890625 0.281250
vt 0.906250 0.281250
vt 0.921875 0.281250
vt 0.937500 0.281250
vt 0.953125 0.281250
vt 0.968750 0.281250
vt 0.984375 0.281250
vt 1.000000 0.281250
vt 0.000000 0.296875
vt 0.015625 0.296875
vt 0.031250 0.296875
vt 0.046875 0.296875
vt 0.062500 0.296875
vt 0.078125 0.296875
vt 0.093750 0.296875
vt 0.109375 0.296875
vt 0.125000 0.296875
vt 0.140625 0.296875
vt 0.156250 0.296875
vt 0.171875 0.296875
vt 0.187500 0.296875
vt 0.203125 0.296875
vt 0.218750 0.296875
vt 0.234375 0.296875
vt 0.250000 0.296875
vt 0.265625 0.296875
vt 0.281250 0.296875
vt 0.296875 0.296875
vt 0.312500 0.296875
vt 0.328125 0.296875
vt 0.343750 0.296875
vt 0.359375 0.296875
vt 0.375000 0.296875
vt 0.390625 0.296875
vt 0.406250 0.296875
vt 0.421875 0.296875
vt 0.437500 0.296875
vt 0.453125 0.296875
vt 0.468750 0.296875
vt 0.484375 0.296875
vt 0.500000 0.296875
vt 0.515625 0.296875
vt 0.531250 0.296875
vt 0.546875 0.296875
vt 0.562500 0.296875
vt 0.578125 0.296875
vt 0.593750 0.296875
vt 0.609375 0.296875
vt 0.625000 0.296875
vt 0.640625 0.296875
vt 0.656250 0.296875
vt 0.671875 0.296875
vt 0.687500 0.296875
vt 0.703125 0.296875
vt 0.718750 0.296875
vt 0.734375 0.296875
vt 0.750000 0.296875
vt 0.765625 0.296875
vt 0.781250 0.296875
vt 0.796875 0.296875
vt 0.812500 0.296875
vt 0.828125 0.296875
vt 0.843750 0.296875
vt 0.859375 0.296875
vt 0.875000 0.296875
vt 0.890625 0.296875
vt 0.906250 0.296875
vt 0.921875 0.296875
vt 0.937500 0.296875
vt 0.953125 0.296875
vt 0.968750 0.296875
vt 0.984375 0.296875
vt 1.000000 0.296875
vt 0.000000 0.312500
vt 0.015625 0.312500
vt 0.031250 0.312500
vt 0.046875 0.312500
vt 0.062500 0.312500
vt 0.078125 0.312500
vt 0.093750 0.312500
vt 0.109375 0.312500
vt 0.125000 0.312500
vt 0.140625 0.312500
vt 0.156250 0.312500
vt 0.171875 0.312500
vt 0.187500 0.312500
vt 0.203125 0.312500
vt 0.218750 0.312500
vt 0.234375 0.312500
vt 0.250000 0.312500
vt 0.265625 0.312500
vt 0.281250 0.312500
vt 0.296875 0.312500
vt 0.312500 0.312500
vt 0.328125 0.312500
vt 0.343750 0.312500
vt 0.359375 0.312500
vt 0.375000 0.312500
vt 0.390625 0.312500
vt 0.406250 0.312500
vt 0.421875 0.312500
vt 0.437500 0.312500
vt 0.453125 0.312500
vt 0.468750 0.312500
vt 0.484375 0.312500
vt 0.500000 0.312500
vt 0.515625 0.312500
vt 0.531250 0.312500
vt 0.546875 0.312500
vt 0.562500 0.312500
vt 0.578125 0.312500
vt 0.593750 0.312500
vt 0.609375 0.312500
vt 0.625000 0.312500
vt 0.640625 0.312500
vt 0.656250 0.312500
vt 0.671875 0.312500
vt 0.687500 0.312500
vt 0.703125 0.312500
vt 0.718750 0.312500
vt 0.734375 0.312500
vt 0.750000 0.312500
vt 0.765625 0.312500
vt 0.781250 0.312500
vt 0.796875 0.312500
vt 0.812500 0.312500
vt 0.828125 0.312500
vt 0.843750 0.312500
vt 0.859375 0.312500
vt 0.875000 0.312500
vt 0.890625 0.312500
vt 0.906250 0.312500
vt 0.921875 0.312500
vt 0.937500 0.312500
vt 0.953125 0.312500
vt 0.968750 0.312500
vt 0.984375 0.312500
vt 1.000000 0.312500
vt 0.000000 0.328125
vt 0.015625 0.328125
vt 0.031250 0.328125
vt 0.046875 0.328125
vt 0.062500 0.328125
vt 0.078125 0.328125
vt 0.093750 0.328125
vt 0.109375 0.328125
vt 0.125000 0.328125
vt 0.140625 0.328125
vt 0.156250 0.328125
vt 0.171875 0.328125
vt 0.187500 0.328125
vt 0.203125 0.328125
vt 0.218750 0.328125
vt 0.234375 0.328125
vt 0.250000 0.328125
vt 0.265625 0.328125
vt 0.281250 0.328125
vt 0.296875 0.328125
vt 0.312500 0.328125
vt 0.328125 0.328125
vt 0.343750 0.328125
vt 0.359375 0.328125
vt 0.375000 0.328125
vt 0.390625 0.328125
vt 0.406250 0.328125
vt 0.421875 0.328125
vt 0.437500 0.328125
vt 0.453125 0.328125
vt 0.468750 0.328125
vt 0.484375 0.328125
vt 0.500000 0.328125
vt 0.515625 0.328125
vt 0.531250 0.328125
vt 0.546875 0.328125
vt 0.562500 0.328125
vt 0.578125 0.328125
vt 0.593750 0.328125
vt 0.609375 0.328125
vt 0.625000 0.328125
vt 0.640625 0.328125
vt 0.656250 0.328125
vt 0.671875 0.328125
vt 0.687500 0.328125
vt 0.703125 0.328125
vt 0.718750 0.328125
vt 0.734375 0.328125
vt 0.750000 0.328125
vt 0.765625 0.328125
vt 0.781250 0.328125
vt 0.796875 0.328125
vt 0.812500 0.328125
vt 0.828125 0.328125
vt 0.843750 0.328125
vt 0.859375 0.328125
vt 0.875000 0.328125
vt 0.890625 0.328125
vt 0.906250 0.328125
vt 0.921875 0.328125
vt 0.937500 0.328125
vt 0.953125 0.328125
vt 0.968750 0.328125
vt 0.984375 0.328125
vt 1.000000 0.328125
vt 0.000000 0.343750
vt 0.015625 0.343750
vt 0.031250 0.343750
vt 0.046875 0.343750
vt 0.062500 0.343750
vt 0.078125 0.343750
vt 0.093750 0.343750
vt 0.109375 0.343750
vt 0.125000 0.343750
vt 0.140625 0.343750
vt 0.156250 0.343750
vt 0.171875 0.343750
vt 0.187500 0.343750
vt 0.203125 0.343750
vt 0.218750 0.343750
vt 0.234375 0.343750
vt 0.250000 0.343750
vt 0.265625 0.343750
vt 0.281250 0.343750
vt 0.296875 0.343750
vt 0.312500 0.343750
vt 0.328125 0.343750
vt 0.343750 0.343750
vt 0.359375 0.343750
vt 0.375000 0.343750
vt 0.390625 0.343750
vt 0.406250 0.343750
vt 0.421875 0.343750
vt 0.437500 0.343750
vt 0.453125 0.343750
vt 0.468750 0.343750
vt 0.484375 0.343750
vt 0.500000 0.343750
vt 0.515625 0.343750
vt 0.531250 0.343750
vt 0.546875 0.343750
vt 0.562500 0.343750
vt 0.578125 0.343750
vt 0.593750 0.343750
vt 0.609375 0.343750
vt 0.625000 0.343750
vt 0.640625 0.343750
vt 0.656250 0.343750
vt 0.671875 0.343750
vt 0.687500 0.343750
vt 0.703125 0.343750
vt 0.718750 0.343750
vt 0.734375 0.343750
vt 0.750000 0.343750
vt 0.765625 0.343750
vt 0.781250 0.343750
vt 0.796875 0.343750
vt 0.812500 0.343750
vt 0.828125 0.343750
vt 0.843750 0.343750
vt 0.859375 0.343750
vt 0.875000 0.343750
vt 0.890625 0.343750
vt 0.906250 0.343750
vt 0.921875 0.343750
vt 0.937500 0.343750
vt 0.953125 0.343750
vt 0.968750 0.343750
vt 0.984375 0.343750
vt 1.000000 0.343750
vt 0.000000 0.359375
vt 0.015625 0.359375
vt 0.031250 0.359375
vt 0.046875 0.359375
vt 0.062500 0.359375
vt 0.078125 0.359375
vt 0.093750 0.359375
vt 0.109375 0.359375
vt 0.125000 0.359375
vt 0.140625 0.359375
vt 0.156250 0.359375
vt 0.171875 0.359375
vt 0.187500 0.359375
vt 0.203125 0.359375
vt 0.218750 0.359375
vt 0.234375 0.359375
vt 0.250000 0.359375
vt 0.265625 0.359375
vt 0.281250 0.359375
vt 0.296875 0.359375
vt 0.312500 0.359375
vt 0.328125 0.359375
vt 0.343750 0.359375
vt 0.359375 0.359375
vt 0.375000 0.359375
vt 0.390625 0.359375
vt 0.406250 0.359375
vt 0.421875 0.359375
vt 0.437500 0.359375
vt 0.453125 0.359375
vt 0.468750 0.359375
vt 0.484375 0.359375
vt 0.500000 0.359375
vt 0.515625 0.359375
vt 0.531250 0.359375
vt 0.546875 0.359375
vt 0.562500 0.359375
vt 0.578125 0.359375
vt 0.593750 0.359375
vt 0.609375 0.359375
vt 0.625000 0.359375
vt 0.640625 0.359375
vt 0.656250 0.359375
vt 0.671875 0.359375
vt 0.687500 0.359375
vt 0.703125 0.359375
vt 0.718750 0.359375
vt 0.734375 0.359375
vt 0.750000 0.359375
vt 0.765625 0.359375
vt 0.781250 0.359375
vt 0.796875 0.359375
vt 0.812500 0.359375
vt 0.828125 0.359375
vt 0.843750 0.359375
vt 0.859375 0.359375
vt 0.875000 0.359375
vt 0.890625 0.359375
vt 0.906250 0.359375
vt 0.921875 0.359375
vt 0.937500 0.359375
vt 0.953125 0.359375
vt 0.968750 0.359375
vt 0.984375 0.359375
vt 1.000000 0.359375
vt 0.000000 0.375000
vt 0.015625 0.375000
vt 0.031250 0.375000
vt 0.046875 0.375000
vt 0.062500 0.375000
vt 0.078125 0.375000
vt 0.093750 0.375000
vt 0.109375 0.375000
vt 0.125000 0.375000
vt 0.140625 0.375000
vt 0.156250 0.375000
vt 0.171875 0.375000
vt 0.187500 0.375000
vt 0.203125 0.375000
vt 0.218750 0.375000
vt 0.234375 0.375000
vt 0.250000 0.375000
vt 0.265625 0.375000
vt 0.281250 0.375000
vt 0.296875 0.375000
vt 0.312500 0.375000
vt 0.328125 0.375000
vt 0.343750 0.375000
vt 0.359375 0.375000
vt 0.375000 0.375000
vt 0.390625 0.375000
vt 0.406250 0.375000
vt 0.421875 0.375000
vt 0.437500 0.375000
vt 0.453125 0.375000
vt 0.468750 0.375000
vt 0.484375 0.375000
vt 0.500000 0.375000
vt 0.515625 0.375000
vt 0.531250 0.375000
vt 0.546875 0.375000
vt 0.562500 0.375000
vt 0.578125 0.375000
vt 0.593750 0.375000
vt 0.609375 0.375000
vt 0.625000 0.375000
vt 0.640625 0.375000
vt 0.656250 0.375000
vt 0.671875 0.375000
vt 0.687500 0.375000
vt 0.703125 0.375000
vt 0.718750 0.375000
vt 0.734375 0.375000
vt 0.750000 0.375000
vt 0.765625 0.375000
vt 0.781250 0.375000
vt 0.796875 0.375000
vt 0.812500 0.375000
vt 0.828125 0.375000
vt 0.843750 0.375000
vt 0.859375 0.375000
vt 0.875000 0.375000
vt 0.890625 0.375000
vt 0.906250 0.375000
vt 0.921875 0.375000
vt 0.937500 0.375000
vt 0.953125 0.375000
vt 0.968750 0.375000
vt 0.984375 0.375000
vt 1.000000 0.375000
vt 0.000000 0.390625
vt 0.015625 0.390625
vt 0.031250 0.390625
vt 0.046875 0.390625
vt 0.062500 0.390625
vt 0.078125 0.390625
vt 0.093750 0.390625
vt 0.109375 0.390625
vt 0.125000 0.390625
vt 0.140625 0.390625
vt 0.156250 0.390625
vt 0.171875 0.390625
vt 0.187500 0.390625
vt 0.203125 0.390625
vt 0.218750 0.390625
vt 0.234375 0.390625
vt 0.250000 0.390625
vt 0.265625 0.390625
vt 0.281250 0.390625
vt 0.296875 0.390625
vt 0.312500 0.390625
vt 0.328125 0.390625
vt 0.343750 0.390625
vt 0.359375 0.390625
vt 0.375000 0.390625
vt 0.390625 0.390625
vt 0.406250 0.390625
vt 0.421875 0.390625
vt 0.437500 0.390625
vt 0.453125 0.390625
vt 0.468750 0.390625
vt 0.484375 0.390625
vt 0.500000 0.390625
vt 0.515625 0.390625
vt 0.531250 0.390625
vt 0.546875 0.390625
vt 0.562500 0.390625
vt 0.578125 0.390625
vt 0.593750 0.390625
vt 0.609375 0.390625
vt 0.625000 0.390625
vt 0.640625 0.390625
vt 0.656250 0.390625
vt 0.671875 0.390625
vt 0.687500 0.390625
vt 0.703125 0.390625
vt 0.718750 0.390625
vt 0.734375 0.390625
vt 0.750000 0.390625
vt 0.765625 0.390625
vt 0.781250 0.390625
vt 0.796875 0.390625
vt 0.812500 0.390625
vt 0.828125 0.390625
vt 0.843750 0.390625
vt 0.859375 0.390625
vt 0.875000 0.390625
vt 0.890625 0.390625
vt 0.906250 0.390625
vt 0.921875 0.390625
vt 0.937500 0.390625
vt 0.953125 0.390625
vt 0.968750 0.390625
vt 0.984375 0.390625
vt 1.000000 0.390625
vt 0.000000 0.406250
vt 0.015625 0.406250
vt 0.031250 0.406250
vt 0.046875 0.406250
vt 0.062500 0.406250
vt 0.078125 0.406250
vt 0.093750 0.406250
vt 0.109375 0.406250
vt 0.125000 0.406250
vt 0.140625 0.406250
vt 0.156250 0.406250
vt 0.171875 0.406250
vt 0.187500 0.406250
vt 0.203125 0.406250
vt 0.218750 0.406250
vt 0.234375 0.406250
vt 0.250000 0.406250
vt 0.265625 0.406250
vt 0.281250 0.406250
vt 0.296875 0.406250
vt 0.312500 0.406250
vt 0.328125 0.406250
vt 0.343750 0.406250
vt 0.359375 0.406250
vt 0.375000 0.406250
vt 0.390625 0.406250
vt 0.406250 0.406250
vt 0.421875 0.406250
vt 0.437500 0.406250
vt 0.453125 0.406250
vt 0.468750 0.406250
vt 0.484375 0.406250
vt 0.500000 0.406250
vt 0.515625 0.406250
vt 0.531250 0.406250
vt 0.546875 0.406250
vt 0.562500 0.406250
vt 0.578125 0.406250
vt 0.593750 0.406250
vt 0.609375 0.406250
vt 0.625000 0.406250
vt 0.640625 0.406250
vt 0.656250 0.406250
vt 0.671875 0.406250
vt 0.687500 0.406250
vt 0.703125 0.406250
vt 0.718750 0.406250
vt 0.734375 0.406250
vt 0.750000 0.406250
vt 0.765625 0.406250
vt 0.781250 0.406250
vt 0.796875 0.406250
vt 0.812500 0.406250
vt 0.828125 0.406250
vt 0.843750 0.406250
vt 0.859375 0.406250
vt 0.875000 0.406250
vt 0.890625 0.406250
vt 0.906250 0.406250
vt 0.921875 0.406250
vt 0.937500 0.406250
vt 0.953125 0.406250
vt 0.968750 0.406250
vt 0.984375 0.406250
vt 1.000000 0.406250
vt 0.000000 0.421875
vt 0.015625 0.421875
vt 0.031250 0.421875
vt 0.046875 0.421875
vt 0.062500 0.421875
vt 0.078125 0.421875
vt 0.093750 0.421875
vt 0.109375 0.421875
vt 0.125000 0.421875
vt 0.140625 0.421875
vt 0.156250 0.421875
vt 0.171875 0.421875
vt 0.187500 0.421875
vt 0.203125 0.421875
vt 0.218750 0.421875
vt 0.234375 0.421875
vt 0.250000 0.421875
vt 0.265625 0.421875
vt 0.281250 0.421875
vt 0.296875 0.421875
vt 0.312500 0.421875
vt 0.328125 0.421875
vt 0.343750 0.421875
vt 0.359375 0.421875
vt 0.375000 0.421875
vt 0.390625 0.421875
vt 0.406250 0.421875
vt 0.421875 0.421875
vt 0.437500 0.421875
vt 0.453125 0.421875
vt 0.468750 0.421875
vt 0.484375 0.421875
vt 0.500000 0.421875
vt 0.515625 0.421875
vt 0.531250 0.421875
vt 0.546875 0.421875
vt 0.562500 0.421875
vt 0.578125 0.421875
vt 0.593750 0.421875
vt 0.609375 0.421875
vt 0.625000 0.421875
vt 0.640625 0.421875
vt 0.656250 0.421875
vt 0.671875 0.421875
vt 0.687500 0.421875
vt 0.703125 0.421875
vt 0.718750 0.421875
vt 0.734375 0.421875
vt 0.750000 0.421875
vt 0.765625 0.421875
vt 0.781250 0.421875
vt 0.796875 0.421875
vt 0.812500 0.421875
vt 0.828125 0.421875
vt 0.843750 0.421875
vt 0.859375 0.421875
vt 0.875000 0.421875
vt 0.890625 0.421875
vt 0.906250 0.421875
vt 0.921875 0.421875
vt 0.937500 0.421875
vt 0.953125 0.421875
vt 0.968750 0.421875
vt 0.984375 0.421875
vt 1.000000 0.421875
vt 0.000000 0.437500
vt 0.015625 0.437500
vt 0.031250 0.437500
vt 0.046875 0.437500
vt 0.062500 0.437500
vt 0.078125 0.437500
vt 0.093750 0.437500
vt 0.109375 0.437500
vt 0.125000 0.437500
vt 0.140625 0.437500
vt 0.156250 0.437500
vt 0.171875 0.437500
vt 0.187500 0.437500
vt 0.203125 0.437500
vt 0.218750 0.437500
vt 0.234375 0.437500
vt 0.250000 0.437500
vt 0.265625 0.437500
vt 0.281250 0.437500
vt 0.296875 0.437500
vt 0.312500 0.437500
vt 0.328125 0.437500
vt 0.343750 0.437500
vt 0.359375 0.437500
vt 0.375000 0.437500
vt 0.390625 0.437500
vt 0.406250 0.437500
vt 0.421875 0.437500
vt 0.437500 0.437500
vt 0.453125 0.437500
vt 0.468750 0.437500
vt 0.484375 0.437500
vt 0.500000 0.437500
vt 0.515625 0.437500
vt 0.531250 0.437500
vt 0.546875 0.437500
vt 0.562500 0.437500
vt 0.578125 0.437500
vt 0.593750 0.437500
vt 0.609375 0.437500
vt 0.625000 0.437500
vt 0.640625 0.437500
vt 0.656250 0.437500
vt 0.671875 0.437500
vt 0.687500 0.437500
vt 0.703125 0.437500
vt 0.718750 0.437500
vt 0.734375 0.437500
vt 0.750000 0.437500
vt 0.765625 0.437500
vt 0.781250 0.437500
vt 0.796875 0.437500
vt 0.812500 0.437500
vt 0.828125 0.437500
vt 0.843750 0.437500
vt 0.859375 0.437500
vt 0.875000 0.437500
vt 0.890625 0.437500
vt 0.906250 0.437500
vt 0.921875 0.437500
vt 0.937500 0.437500
vt 0.953125 0.437500
vt 0.968750 0.437500
vt 0.984375 0.437500
vt 1.000000 0.437500
vt 0.000000 0.453125
vt 0.015625 0.453125
vt 0.031250 0.453125
vt 0.046875 0.453125
vt 0.062500 0.453125
vt 0.078125 0.453125
vt 0.093750 0.453125
vt 0.109375 0.453125
vt 0.125000 0.453125
vt 0.140625 0.453125
vt 0.156250 0.453125
vt 0.171875 0.453125
vt 0.187500 0.453125
vt 0.203125 0.453125
vt 0.218750 0.453125
vt 0.234375 0.453125
vt 0.250000 0.453125
vt 0.265625 0.453125
vt 0.281250 0.453125
vt 0.296875 0.453125
vt 0.312500 0.453125
vt 0.328125 0.453125
vt 0.343750 0.453125
vt 0.359375 0.453125
vt 0.375000 0.453125
vt 0.390625 0.453125
vt 0.406250 0.453125
vt 0.421875 0.453125
vt 0.437500 0.453125
vt 0.453125 0.453125
vt 0.468750 0.453125
vt 0.484375 0.453125
vt 0.500000 0.453125
vt 0.515625 0.453125
vt 0.531250 0.453125
vt 0.546875 0.453125
vt 0.562500 0.453125
vt 0.578125 0.453125
vt 0.593750 0.453125
vt 0.609375 0.453125
vt 0.625000 0.453125
vt 0.640625 0.453125
vt 0.656250 0.453125
vt 0.671875 0.453125
vt 0.687500 0.453125
vt 0.703125 0.453125
vt 0.718750 0.453125
vt 0.734375 0.453125
vt 0.750000 0.453125
vt 0.765625 0.453125
vt 0.781250 0.453125
vt 0.796875 0.453125
vt 0.812500 0.453125
vt 0.828125 0.453125
vt 0.843750 0.453125
vt 0.859375 0.453125
vt 0.875000 0.453125
vt 0.890625 0.453125
vt 0.906250 0.453125
vt 0.921875 0.453125
vt 0.937500 0.453125
vt 0.953125 0.453125
vt 0.968750 0.453125
vt 0.984375 0.453125
vt 1.000000 0.453125
vt 0.000000 0.468750
vt 0.015625 0.468750
vt 0.031250 0.468750
vt 0.046875 0.468750
vt 0.062500 0.468750
vt 0.078125 0.468750
vt 0.093750 0.468750
vt 0.109375 0.468750
vt 0.125000 0.468750
vt 0.140625 0.468750
vt 0.156250 0.468750
vt 0.171875 0.468750
vt 0.187500 0.468750
vt 0.203125 0.468750
vt 0.218750 0.468750
vt 0.234375 0.468750
vt 0.250000 0.468750
vt 0.265625 0.468750
vt 0.281250 0.468750
vt 0.296875 0.468750
vt 0.312500 0.468750
vt 0.328125 0.468750
vt 0.343750 0.468750
vt 0.359375 0.468750
vt 0.375000 0.468750
vt 0.390625 0.468750
vt 0.406250 0.468750
vt 0.421875 0.468750
vt 0.437500 0.468750
vt 0.453125 0.468750
vt 0.468750 0.468750
vt 0.484375 0.468750
vt 0.500000 0.468750
vt 0.515625 0.468750
vt 0.531250 0.468750
vt 0.546875 0.468750
vt 0.562500 0.468750
vt 0.578125 0.468750
vt 0.593750 0.468750
vt 0.609375 0.468750
vt 0.625000 0.468750
vt 0.640625 0.468750
vt 0.656250 0.468750
vt 0.671875 0.468750
vt 0.687500 0.468750
vt 0.703125 0.468750
vt 0.718750 0.468750
vt 0.734375 0.468750
vt 0.750000 0.468750
vt 0.765625 0.468750
vt 0.781250 0.468750
vt 0.796875 0.468750
vt 0.812500 0.468750
vt 0.828125 0.468750
vt 0.843750 0.468750
vt 0.859375 0.468750
vt 0.875000 0.468750
vt 0.890625 0.468750
vt 0.906250 0.468750
vt 0.921875 0.468750
vt 0.937500 0.468750
vt 0.953125 0.468750
vt 0.968750 0.468750
vt 0.984375 0.468750
vt 1.000000 0.468750
vt 0.000000 0.484375
vt 0.015625 0.484375
vt 0.031250 0.484375
vt 0.046875 0.484375
vt 0.062500 0.484375
vt 0.078125 0.484375
vt 0.093750 0.484375
vt 0.109375 0.484375
vt 0.125000 0.484375
vt 0.140625 0.484375
vt 0.156250 0.484375
vt 0.171875 0.484375
vt 0.187500 0.484375
vt 0.203125 0.484375
vt 0.218750 0.484375
vt 0.234375 0.484375
vt 0.250000 0.484375
vt 0.265625 0.484375
vt 0.281250 0.484375
vt 0.296875 0.484375
vt 0.312500 0.484375
vt 0.328125 0.484375
vt 0.343750 0.484375
vt 0.359375 0.484375
vt 0.375000 0.484375
vt 0.390625 0.484375
vt 0.406250 0.484375
vt 0.421875 0.484375
vt 0.437500 0.484375
vt 0.453125 0.484375
vt 0.468750 0.484375
vt 0.484375 0.484375
vt 0.500000 0.484375
vt 0.515625 0.484375
vt 0.531250 0.484375
vt 0.546875 0.484375
vt 0.562500 0.484375
vt 0.578125 0.484375
vt 0.593750 0.484375
vt 0.609375 0.484375
vt 0.625000 0.484375
vt 0.640625 0.484375
vt 0.656250 0.484375
vt 0.671875 0.484375
vt 0.687500 0.484375
vt 0.703125 0.484375
vt 0.718750 0.484375
vt 0.734375 0.484375
vt 0.750000 0.484375
vt 0.765625 0.484375
vt 0.781250 0.484375
vt 0.796875 0.484375
vt 0.812500 0.484375
vt 0.828125 0.484375
vt 0.843750 0.484375
vt 0.859375 0.484375
vt 0.875000 0.484375
vt 0.890625 0.484375
vt 0.906250 0.484375
vt 0.921875 0.484375
vt 0.937500 0.484375
vt 0.953125 0.484375
vt 0.968750 0.484375
vt 0.984375 0.484375
vt 1.000000 0.484375
vt 0.000000 0.500000
vt 0.015625 0.500000
vt 0.031250 0.500000
vt 0.046875 0.500000
vt 0.062500 0.500000
vt 0.078125 0.500000
vt 0.093750 0.500000
vt 0.109375 0.500000
vt 0.125000 0.500000
vt 0.140625 0.500000
vt 0.156250 0.500000
vt 0.171875 0.500000
vt 0.187500 0.500000
vt 0.203125 0.500000
vt 0.218750 0.500000
vt 0.234375 0.500000
vt 0.250000 0.500000
vt 0.265625 0.500000
vt 0.281250 0.500000
vt 0.296875 0.500000
vt 0.312500 0.500000
vt 0.328125 0.500000
vt 0.343750 0.500000
vt 0.359375 0.500000
vt 0.375000 0.500000
vt 0.390625 0.500000
vt 0.406250 0.500000
vt 0.421875 0.500000
vt 0.437500 0.500000
vt 0.453125 0.500000
vt 0.468750 0.500000
vt 0.484375 0.500000
vt 0.500000 0.500000
vt 0.515625 0.500000
vt 0.531250 0.500000
vt 0.546875 0.500000
vt 0.562500 0.500000
vt 0.578125 0.500000
vt 0.593750 0.500000
vt 0.609375 0.500000
vt 0.625000 0.500000
vt 0.640625 0.500000
vt 0.656250 0.500000
vt 0.671875 0.500000
vt 0.687500 0.500000
vt 0.703125 0.500000
vt 0.718750 0.500000
vt 0.734375 0.500000
vt 0.750000 0.500000
vt 0.765625 0.500000
vt 0.781250 0.500000
vt 0.796875 0.500000
vt 0.812500 0.500000
vt 0.828125 0.500000
vt 0.843750 0.500000
vt 0.859375 0.500000
vt 0.875000 0.500000
vt 0.890625 0.500000
vt 0.906250 0.500000
vt 0.921875 0.500000
vt 0.937500 0.500000
vt 0.953125 0.500000
vt 0.968750 0.500000
vt 0.984375 0.500000
vt 1.000000 0.500000
vt 0.000000 0.515625
vt 0.015625 0.515625
vt 0.031250 0.515625
vt 0.046875 0.515625
vt 0.062500 0.515625
vt 0.078125 0.515625
vt 0.093750 0.515625
vt 0.109375 0.515625
vt 0.125000 0.515625
vt 0.140625 0.515625
vt 0.156250 0.515625
vt 0.171875 0.515625
vt 0.187500 0.515625
vt 0.203125 0.515625
vt 0.218750 0.515625
vt 0.234375 0.515625
vt 0.250000 0.515625
vt 0.265625 0.515625
vt 0.281250 0.515625
vt 0.296875 0.515625
vt 0.312500 0.515625
vt 0.328125 0.515625
vt 0.343750 0.515625
vt 0.359375 0.515625
vt 0.375000 0.515625
vt 0.390625 0.515625
vt 0.406250 0.515625
vt 0.421875 0.515625
vt 0.437500 0.515625
vt 0.453125 0.515625
vt 0.468750 0.515625
vt 0.484375 0.515625
vt 0.500000 0.515625
vt 0.515625 0.515625
vt 0.531250 0.515625
vt 0.546875 0.515625
vt 0.562500 0.515625
vt 0.578125 0.515625
vt 0.593750 0.515625
vt 0.609375 0.515625
vt 0.625000 0.515625
vt 0.640625 0.515625
vt 0.656250 0.515625
vt 0.671875 0.515625
vt 0.687500 0.515625
vt 0.703125 0.515625
vt 0.718750 0.515625
vt 0.734375 0.515625
vt 0.750000 0.515625
vt 0.765625 0.515625
vt 0.781250 0.515625
vt 0.796875 0.515625
vt 0.812500 0.515625
vt 0.828125 0.515625
vt 0.843750 0.515625
vt 0.859375 0.515625
vt 0.875000 0.515625
vt 0.890625 0.515625
vt 0.906250 0.515625
vt 0.921875 0.515625
vt 0.937500 0.515625
vt 0.953125 0.515625
vt 0.968750 0.515625
vt 0.984375 0.515625
vt 1.000000 0.515625
vt 0.000000 0.531250
vt 0.015625 0.531250
vt 0.031250 0.531250
vt 0.046875 0.531250
vt 0.062500 0.531250
vt 0.078125 0.531250
vt 0.093750 0.531250
vt 0.109375 0.531250
vt 0.125000 0.531250
vt 0.140625 0.531250
vt 0.156250 0.531250
vt 0.171875 0.531250
vt 0.187500 0.531250
vt 0.203125 0.531250
vt 0.218750 0.531250
vt 0.234375 0.531250
vt 0.250000 0.531250
vt 0.265625 0.531250
vt 0.281250 0.531250
vt 0.296875 0.531250
vt 0.312500 0.531250
vt 0.328125 0.531250
vt 0.343750 0.531250
vt 0.359375 0.531250
vt 0.375000 0.531250
vt 0.390625 0.531250
vt 0.406250 0.531250
vt 0.421875 0.531250
vt 0.437500 0.531250
vt 0.453125 0.531250
vt 0.468750 0.531250
vt 0.484375 0.531250
vt 0.500000 0.531250
vt 0.515625 0.531250
vt 0.531250 0.531250
vt 0.546875 0.531250
vt 0.562500 0.531250
vt 0.578125 0.531250
vt 0.593750 0.531250
vt 0.609375 0.531250
vt 0.625000 0.531250
vt 0.640625 0.531250
vt 0.656250 0.531250
vt 0.671875 0.531250
vt 0.687500 0.531250
vt 0.703125 0.531250
vt 0.718750 0.531250
vt 0.734375 0.531250
vt 0.750000 0.531250
vt 0.765625 0.531250
vt 0.781250 0.531250
vt 0.796875 0.531250
vt 0.812500 0.531250
vt 0.828125 0.531250
vt 0.843750 0.531250
vt 0.859375 0.531250
vt 0.875000 0.531250
vt 0.890625 0.531250
vt 0.906250 0.531250
vt 0.921875 0.531250
vt 0.937500 0.531250
vt 0.953125 0.531250
vt 0.968750 0.531250
vt 0.984375 0.531250
vt 1.000000 0.531250
vt 0.000000 0.546875
vt 0.015625 0.546875
vt 0.031250 0.546875
vt 0.046875 0.546875
vt 0.062500 0.546875
vt 0.078125 0.546875
vt 0.093750 0.546875
vt 0.109375 0.546875
vt 0.125000 0.546875
vt 0.140625 0.546875
vt 0.156250 0.546875
vt 0.171875 0.546875
vt 0.187500 0.546875
vt 0.203125 0.546875
vt 0.218750 0.546875
vt 0.234375 0.546875
vt 0.250000 0.546875
vt 0.265625 0.546875
vt 0.281250 0.546875
vt 0.296875 0.546875
vt 0.312500 0.546875
vt 0.328125 0.546875
vt 0.343750 0.546875
vt 0.359375 0.546875
vt 0.375000 0.546875
vt 0.390625 0.546875
vt 0.406250 0.546875
vt 0.421875 0.546875
vt 0.437500 0.546875
vt 0.453125 0.546875
vt 0.468750 0.546875
vt 0.484375 0.546875
vt 0.500000 0.546875
vt 0.515625 0.546875
vt 0.531250 0.546875
vt 0.546875 0.546875
vt 0.562500 0.546875
vt 0.578125 0.546875
vt 0.593750 0.546875
vt 0.609375 0.546875
vt 0.625000 0.546875
vt 0.640625 0.546875
vt 0.656250 0.546875
vt 0.671875 0.546875
vt 0.687500 0.546875
vt 0.703125 0.546875
vt 0.718750 0.546875
vt 0.734375 0.546875
vt 0.750000 0.546875
vt 0.765625 0.546875
vt 0.781250 0.546875
vt 0.796875 0.546875
vt 0.812500 0.546875
vt 0.828125 0.546875
vt 0.843750 0.546875
vt 0.859375 0.546875
vt 0.875000 0.546875
vt 0.890625 0.546875
vt 0.906250 0.546875
vt 0.921875 0.546875
vt 0.937500 0.546875
vt 0.953125 0.546875
vt 0.968750 0.546875
vt 0.984375 0.546875
vt 1.000000 0.546875
vt 0.000000 0.562500
vt 0.015625 0.562500
vt 0.031250 0.562500
vt 0.046875 0.562500
vt 0.062500 0.562500
vt 0.078125 0.562500
vt 0.093750 0.562500
vt 0.109375 0.562500
vt 0.125000 0.562500
vt 0.140625 0.562500
vt 0.156250 0.562500
vt 0.171875 0.562500
vt 0.187500 0.562500
vt 0.203125 0.562500
vt 0.218750 0.562500
vt 0.234375 0.562500
vt 0.250000 0.562500
vt 0.265625 0.562500
vt 0.281250 0.562500
vt 0.296875 0.562500
vt 0.312500 0.562500
vt 0.328125 0.562500
vt 0.343750 0.562500
vt 0.359375 0.562500
vt 0.375000 0.562500
vt 0.390625 0.562500
vt 0.406250 0.562500
vt 0.421875 0.562500
vt 0.437500 0.562500
vt 0.453125 0.562500
vt 0.468750 0.562500
vt 0.484375 0.562500
vt 0.500000 0.562500
vt 0.515625 0.562500
vt 0.531250 0.562500
vt 0.546875 0.562500
vt 0.562500 0.562500
vt 0.578125 0.562500
vt 0.593750 0.562500
vt 0.609375 0.562500
vt 0.625000 0.562500
vt 0.640625 0.562500
vt 0.656250 0.562500
vt 0.671875 0.562500
vt 0.687500 0.562500
vt 0.703125 0.562500
vt 0.718750 0.562500
vt 0.734375 0.562500
vt 0.750000 0.562500
vt 0.765625 0.562500
vt 0.781250 0.562500
vt 0.796875 0.562500
vt 0.812500 0.562500
vt 0.828125 0.562500
vt 0.843750 0.562500
vt 0.859375 0.562500
vt 0.875000 0.562500
vt 0.890625 0.562500
vt 0.906250 0.562500
vt 0.921875 0.562500
vt 0.937500 0.562500
vt 0.953125 0.562500
vt 0.968750 0.562500
vt 0.984375 0.562500
vt 1.000000 0.562500
vt 0.000000 0.578125
vt 0.015625 0.578125
vt 0.031250 0.578125
vt 0.046875 0.578125
vt 0.062500 0.578125
vt 0.078125 0.578125
vt 0.093750 0.578125
vt 0.109375 0.578125
vt 0.125000 0.578125
vt 0.140625 0.578125
vt 0.156250 0.578125
vt 0.171875 0.578125
vt 0.187500 0.578125
vt 0.203125 0.578125
vt 0.218750 0.578125
vt 0.234375 0.578125
vt 0.250000 0.578125
vt 0.265625 0.578125
vt 0.281250 0.578125
vt 0.296875 0.578125
vt 0.312500 0.578125
vt 0.328125 0.578125
vt 0.343750 0.578125
vt 0.359375 0.578125
vt 0.375000 0.578125
vt 0.390625 0.578125
vt 0.406250 0.578125
vt 0.421875 0.578125
vt 0.437500 0.578125
vt 0.453125 0.578125
vt 0.468750 0.578125
vt 0.484375 0.578125
vt 0.500000 0.578125
vt 0.515625 0.578125
vt 0.531250 0.578125
vt 0.546875 0.578125
vt 0.562500 0.578125
vt 0.578125 0.578125
vt 0.593750 0.578125
vt 0.609375 0.578125
vt 0.625000 0.578125
vt 0.640625 0.578125
vt 0.656250 0.578125
vt 0.671875 0.578125
vt 0.687500 0.578125
vt 0.703125 0.578125
vt 0.718750 0.578125
vt 0.734375 0.578125
vt 0.750000 0.578125
vt 0.765625 0.578125
vt 0.781250 0.578125
vt 0.796875 0.578125
vt 0.812500 0.578125
vt 0.828125 0.578125
vt 0.843750 0.578125
vt 0.859375 0.578125
vt 0.875000 0.578125
vt 0.890625 0.578125
vt 0.906250 0.578125
vt 0.921875 0.578125
vt 0.937500 0.578125
vt 0.953125 0.578125
vt 0.968750 0.578125
vt 0.984375 0.578125
vt 1.000000 0.578125
vt 0.000000 0.593750
vt 0.015625 0.593750
vt 0.031250 0.593750
vt 0.046875 0.593750
vt 0.062500 0.593750
vt 0.078125 0.593750
vt 0.093750 0.593750
vt 0.109375 0.593750
vt 0.125000 0.593750
vt 0.140625 0.593750
vt 0.156250 0.593750
vt 0.171875 0.593750
vt 0.187500 0.593750
vt 0.203125 0.593750
vt 0.218750 0.593750
vt 0.234375 0.593750
vt 0.250000 0.593750
vt 0.265625 0.593750
vt 0.281250 0.593750
vt 0.296875 0.593750
vt 0.312500 0.593750
vt 0.328125 0.593750
vt 0.343750 0.593750
vt 0.359375 0.593750
vt 0.375000 0.593750
vt 0.390625 0.593750
vt 0.406250 0.593750
vt 0.421875 0.593750
vt 0.437500 0.593750
vt 0.453125 0.593750
vt 0.468750 0.593750
vt 0.484375 0.593750
vt 0.500000 0.593750
vt 0.515625 0.593750
vt 0.531250 0.593750
vt 0.546875 0.593750
vt 0.562500 0.593750
vt 0.578125 0.593750
vt 0.593750 0.593750
vt 0.609375 0.593750
vt 0.625000 0.593750
vt 0.640625 0.593750
vt 0.656250 0.593750
vt 0.671875 0.593750
vt 0.687500 0.593750
vt 0.703125 0.593750
vt 0.718750 0.593750
vt 0.734375 0.593750
vt 0.750000 0.593750
vt 0.765625 0.593750
vt 0.781250 0.593750
vt 0.796875 0.593750
vt 0.812500 0.593750
vt 0.828125 0.593750
vt 0.843750 0.593750
vt 0.859375 0.593750
vt 0.875000 0.593750
vt 0.890625 0.593750
vt 0.906250 0.593750
vt 0.921875 0.593750
vt 0.937500 0.593750
vt 0.953125 0.593750
vt 0.968750 0.593750
vt 0.984375 0.593750
vt 1.000000 0.593750
vt 0.000000 0.609375
vt 0.015625 0.609375
vt 0.031250 0.609375
vt 0.046875 0.609375
vt 0.062500 0.609375
vt 0.078125 0.609375
vt 0.093750 0.609375
vt 0.109375 0.609375
vt 0.125000 0.609375
vt 0.140625 0.609375
vt 0.156250 0.609375
vt 0.171875 0.609375
vt 0.187500 0.609375
vt 0.203125 0.609375
vt 0.218750 0.609375
vt 0.234375 0.609375
vt 0.250000 0.609375
vt 0.265625 0.609375
vt 0.281250 0.609375
vt 0.296875 0.609375
vt 0.312500 0.609375
vt 0.328125 0.609375
vt 0.343750 0.609375
vt 0.359375 0.609375
vt 0.375000 0.609375
vt 0.390625 0.609375
vt 0.406250 0.609375
vt 0.421875 0.609375
vt 0.437500 0.609375
vt 0.453125 0.609375
vt 0.468750 0.609375
vt 0.484375 0.609375
vt 0.500000 0.609375
vt 0.515625 0.609375
vt 0.531250 0.609375
vt 0.546875 0.609375
vt 0.562500 0.609375
vt 0.578125 0.609375
vt 0.593750 0.609375
vt 0.609375 0.609375
vt 0.625000 0.609375
vt 0.640625 0.609375
vt 0.656250 0.609375
vt 0.671875 0.609375
vt 0.687500 0.609375
vt 0.703125 0.609375
vt 0.718750 0.609375
vt 0.734375 0.609375
vt 0.750000 0.609375
vt 0.765625 0.609375
vt 0.781250 0.609375
vt 0.796875 0.609375
vt 0.812500 0.609375
vt 0.828125 0.609375
vt 0.843750 0.609375
vt 0.859375 0.609375
vt 0.875000 0.609375
vt 0.890625 0.609375
vt 0.906250 0.609375
vt 0.921875 0.609375
vt 0.937500 0.609375
vt 0.953125 0.609375
vt 0.968750 0.609375
vt 0.984375 0.609375
vt 1.000000 0.609375
vt 0.000000 0.625000
vt 0.015625 0.625000
vt 0.031250 0.625000
vt 0.046875 0.625000
vt 0.062500 0.625000
vt 0.078125 0.625000
vt 0.093750 0.625000
vt 0.109375 0.625000
vt 0.125000 0.625000
vt 0.140625 0.625000
vt 0.156250 0.625000
vt 0.171875 0.625000
vt 0.187500 0.625000
vt 0.203125 0.625000
vt 0.218750 0.625000
vt 0.234375 0.625000
vt 0.250000 0.625000
vt 0.265625 0.625000
vt 0.281250 0.625000
vt 0.296875 0.625000
vt 0.312500 0.625000
vt 0.328125 0.625000
vt 0.343750 0.625000
vt 0.359375 0.625000
vt 0.375000 0.625000
vt 0.390625 0.625000
vt 0.406250 0.625000
vt 0.421875 0.625000
vt 0.437500 0.625000
vt 0.453125 0.625000
vt 0.468750 0.625000
vt 0.484375 0.625000
vt 0.500000 0.625000
vt 0.515625 0.625000
vt 0.531250 0.625000
vt 0.546875 0.625000
vt 0.562500 0.625000
vt 0.578125 0.625000
vt 0.593750 0.625000
vt 0.609375 0.625000
vt 0.625000 0.625000
vt 0.640625 0.625000
vt 0.656250 0.625000
vt 0.671875 0.625000
vt 0.687500 0.625000
vt 0.703125 0.625000
vt 0.718750 0.625000
vt 0.734375 0.625000
vt 0.750000 0.625000
vt 0.765625 0.625000
vt 0.781250 0.625000
vt 0.796875 0.625000
vt 0.812500 0.625000
vt 0.828125 0.625000
vt 0.843750 0.625000
vt 0.859375 0.625000
vt 0.875000 0.625000
vt 0.890625 0.625000
vt 0.906250 0.625000
vt 0.921875 0.625000
vt 0.937500 0.625000
vt 0.953125 0.625000
vt 0.968750 0.625000
vt 0.984375 0.625000
vt 1.000000 0.625000
vt 0.000000 0.640625
vt 0.015625 0.640625
vt 0.031250 0.640625
vt 0.046875 0.640625
vt 0.062500 0.640625
vt 0.078125 0.640625
vt 0.093750 0.640625
vt 0.109375 0.640625
vt 0.125000 0.640625
vt 0.140625 0.640625
vt 0.156250 0.640625
vt 0.171875 0.640625
vt 0.187500 0.640625
vt 0.203125 0.640625
vt 0.218750 0.640625
vt 0.234375 0.640625
vt 0.250000 0.640625
vt 0.265625 0.640625
vt 0.281250 0.640625
vt 0.296875 0.640625
vt 0.312500 0.640625
vt 0.328125 0.640625
vt 0.343750 0.640625
vt 0.359375 0.640625
vt 0.375000 0.640625
vt 0.390625 0.640625
vt 0.406250 0.640625
vt 0.421875 0.640625
vt 0.437500 0.640625
vt 0.453125 0.640625
vt 0.468750 0.640625
vt 0.484375 0.640625
vt 0.500000 0.640625
vt 0.515625 0.640625
vt 0.531250 0.640625
vt 0.546875 0.640625
vt 0.562500 0.640625
vt 0.578125 0.640625
vt 0.593750 0.640625
vt 0.609375 0.640625
vt 0.625000 0.640625
vt 0.640625 0.640625
vt 0.656250 0.640625
vt 0.671875 0.640625
vt 0.687500 0.640625
vt 0.703125 0.640625
vt 0.718750 0.640625
vt 0.734375 0.640625
vt 0.750000 0.640625
vt 0.765625 0.640625
vt 0.781250 0.640625
vt 0.796875 0.640625
vt 0.812500 0.640625
vt 0.828125 0.640625
vt 0.843750 0.640625
vt 0.859375 0.640625
vt 0.875000 0.640625
vt 0.890625 0.640625
vt 0.906250 0.640625
vt 0.921875 0.640625
vt 0.937500 0.640625
vt 0.953125 0.640625
vt 0.968750 0.640625
vt 0.984375 0.640625
vt 1.000000 0.640625
vt 0.000000 0.656250
vt 0.015625 0.656250
vt 0.031250 0.656250
vt 0.046875 0.656250
vt 0.062500 0.656250
vt 0.078125 0.656250
vt 0.093750 0.656250
vt 0.109375 0.656250
vt 0.125000 0.656250
vt 0.140625 0.656250
vt 0.156250 0.656250
vt 0.171875 0.656250
vt 0.187500 0.656250
vt 0.203125 0.656250
vt 0.218750 0.656250
vt 0.234375 0.656250
vt 0.250000 0.656250
vt 0.265625 0.656250
vt 0.281250 0.656250
vt 0.296875 0.656250
vt 0.312500 0.656250
vt 0.328125 0.656250
vt 0.343750 0.656250
vt 0.359375 0.656250
vt 0.375000 0.656250
vt 0.390625 0.656250
vt 0.406250 0.656250
vt 0.421875 0.656250
vt 0.437500 0.656250
vt 0.453125 0.656250
vt 0.468750 0.656250
vt 0.484375 0.656250
vt 0.500000 0.656250
vt 0.515625 0.656250
vt 0.531250 0.656250
vt 0.546875 0.656250
vt 0.562500 0.656250
vt 0.578125 0.656250
vt 0.593750 0.656250
vt 0.609375 0.656250
vt 0.625000 0.656250
vt 0.640625 0.656250
vt 0.656250 0.656250
vt 0.671875 0.656250
vt 0.687500 0.656250
vt 0.703125 0.656250
vt 0.718750 0.656250
vt 0.734375 0.656250
vt 0.750000 0.656250
vt 0.765625 0.656250
vt 0.781250 0.656250
vt 0.796875 0.656250
vt 0.812500 0.656250
vt 0.828125 0.656250
vt 0.843750 0.656250
vt 0.859375 0.656250
vt 0.875000 0.656250
vt 0.890625 0.656250
vt 0.906250 0.656250
vt 0.921875 0.656250
vt 0.937500 0.656250
vt 0.953125 0.656250
vt 0.968750 0.656250
vt 0.984375 0.656250
vt 1.000000 0.656250
vt 0.000000 0.671875
vt 0.015625 0.671875
vt 0.031250 0.671875
vt 0.046875 0.671875
vt 0.062500 0.671875
vt 0.078125 0.671875
vt 0.093750 0.671875
vt 0.109375 0.671875
vt 0.125000 0.671875
vt 0.140625 0.671875
vt 0.156250 0.671875
vt 0.171875 0.671875
vt 0.187500 0.671875
vt 0.203125 0.671875
vt 0.218750 0.671875
vt 0.234375 0.671875
vt 0.250000 0.671875
vt 0.265625 0.671875
vt 0.281250 0.671875
vt 0.296875 0.671875
vt 0.312500 0.671875
vt 0.328125 0.671875
vt 0.343750 0.671875
vt 0.359375 0.671875
vt 0.375000 0.671875
vt 0.390625 0.671875
vt 0.406250 0.671875
vt 0.421875 0.671875
vt 0.437500 0.671875
vt 0.453125 0.671875
vt 0.468750 0.671875
vt 0.484375 0.671875
vt 0.500000 0.671875
vt 0.515625 0.671875
vt 0.531250 0.671875
vt 0.546875 0.671875
vt 0.562500 0.671875
vt 0.578125 0.671875
vt 0.593750 0.671875
vt 0.609375 0.671875
vt 0.625000 0.671875
vt 0.640625 0.671875
vt 0.656250 0.671875
vt 0.671875 0.671875
vt 0.687500 0.671875
vt 0.703125 0.671875
vt 0.718750 0.671875
vt 0.734375 0.671875
vt 0.750000 0.671875
vt 0.765625 0.671875
vt 0.781250 0.671875
vt 0.796875 0.671875
vt 0.812500 0.671875
vt 0.828125 0.671875
vt 0.843750 0.671875
vt 0.859375 0.671875
vt 0.875000 0.671875
vt 0.890625 0.671875
vt 0.906250 0.671875
vt 0.921875 0.671875
vt 0.937500 0.671875
vt 0.953125 0.671875
vt 0.968750 0.671875
vt 0.984375 0.671875
vt 1.000000 0.671875
vt 0.000000 0.687500
vt 0.015625 0.687500
vt 0.031250 0.687500
vt 0.046875 0.687500
vt 0.062500 0.687500
vt 0.078125 0.687500
vt 0.093750 0.687500
vt 0.109375 0.687500
vt 0.125000 0.687500
vt 0.140625 0.687500
vt 0.156250 0.687500
vt 0.171875 0.687500
vt 0.187500 0.687500
vt 0.203125 0.687500
vt 0.218750 0.687500
vt 0.234375 0.687500
vt 0.250000 0.687500
vt 0.265625 0.687500
vt 0.281250 0.687500
vt 0.296875 0.687500
vt 0.312500 0.687500
vt 0.328125 0.687500
vt 0.343750 0.687500
vt 0.359375 0.687500
vt 0.375000 0.687500
vt 0.390625 0.687500
vt 0.406250 0.687500
vt 0.421875 0.687500
vt 0.437500 0.687500
vt 0.453125 0.687500
vt 0.468750 0.687500
vt 0.484375 0.687500
vt 0.500000 0.687500
vt 0.515625 0.687500
vt 0.531250 0.687500
vt 0.546875 0.687500
vt 0.562500 0.687500
vt 0.578125 0.687500
vt 0.593750 0.687500
vt 0.609375 0.687500
vt 0.625000 0.687500
vt 0.640625 0.687500
vt 0.656250 0.687500
vt 0.671875 0.687500
vt 0.687500 0.687500
vt 0.703125 0.687500
vt 0.718750 0.687500
vt 0.734375 0.687500
vt 0.750000 0.687500
vt 0.765625 0.687500
vt 0.781250 0.687500
vt 0.796875 0.687500
vt 0.812500 0.687500
vt 0.828125 0.687500
vt 0.843750 0.687500
vt 0.859375 0.687500
vt 0.875000 0.687500
vt 0.890625 0.687500
vt 0.906250 0.687500
vt 0.921875 0.687500
vt 0.937500 0.687500
vt 0.953125 0.687500
vt 0.968750 0.687500
vt 0.984375 0.687500
vt 1.000000 0.687500
vt 0.000000 0.703125
vt 0.015625 0.703125
vt 0.031250 0.703125
vt 0.046875 0.703125
vt 0.062500 0.703125
vt 0.078125 0.703125
vt 0.093750 0.703125
vt 0.109375 0.703125
vt 0.125000 0.703125
vt 0.140625 0.703125
vt 0.156250 0.703125
vt 0.171875 0.703125
vt 0.187500 0.703125
vt 0.203125 0.703125
vt 0.218750 0.703125
vt 0.234375 0.703125
vt 0.250000 0.703125
vt 0.265625 0.703125
vt 0.281250 0.703125
vt 0.296875 0.703125
vt 0.312500 0.703125
vt 0.328125 0.703125
vt 0.343750 0.703125
vt 0.359375 0.703125
vt 0.375000 0.703125
vt 0.390625 0.703125
vt 0.406250 0.703125
vt 0.421875 0.703125
vt 0.437500 0.703125
vt 0.453125 0.703125
vt 0.468750 0.703125
vt 0.484375 0.703125
vt 0.500000 0.703125
vt 0.515625 0.703125
vt 0.531250 0.703125
vt 0.546875 0.703125
vt 0.562500 0.703125
vt 0.578125 0.703125
vt 0.593750 0.703125
vt 0.609375 0.703125
vt 0.625000 0.703125
vt 0.640625 0.703125
vt 0.656250 0.703125
vt 0.671875 0.703125
vt 0.687500 0.703125
vt 0.703125 0.703125
vt 0.718750 0.703125
vt 0.734375 0.703125
vt 0.750000 0.703125
vt 0.765625 0.703125
vt 0.781250 0.703125
vt 0.796875 0.703125
vt 0.812500 0.703125
vt 0.828125 0.703125
vt 0.843750 0.703125
vt 0.859375 0.703125
vt 0.875000 0.703125
vt 0.890625 0.703125
vt 0.906250 0.703125
vt 0.921875 0.703125
vt 0.937500 0.703125
vt 0.953125 0.703125
vt 0.968750 0.703125
vt 0.984375 0.703125
vt 1.000000 0.703125
vt 0.000000 0.718750
vt 0.015625 0.718750
vt 0.031250 0.718750
vt 0.046875 0.718750
vt 0.062500 0.718750
vt 0.078125 0.718750
vt 0.093750 0.718750
vt 0.109375 0.718750
vt 0.125000 0.718750
vt 0.140625 0.718750
vt 0.156250 0.718750
vt 0.171875 0.718750
vt 0.187500 0.718750
vt 0.203125 0.718750
vt 0.218750 0.718750
vt 0.234375 0.718750
vt 0.250000 0.718750
vt 0.265625 0.718750
vt 0.281250 0.718750
vt 0.296875 0.718750
vt 0.312500 0.718750
vt 0.328125 0.718750
vt 0.343750 0.718750
vt 0.359375 0.718750
vt 0.375000 0.718750
vt 0.390625 0.718750
vt 0.406250 0.718750
vt 0.421875 0.718750
vt 0.437500 0.718750
vt 0.453125 0.718750
vt 0.468750 0.718750
vt 0.484375 0.718750
vt 0.500000 0.718750
vt 0.515625 0.718750
vt 0.531250 0.718750
vt 0.546875 0.718750
vt 0.562500 0.718750
vt 0.578125 0.718750
vt 0.593750 0.718750
vt 0.609375 0.718750
vt 0.625000 0.718750
vt 0.640625 0.718750
vt 0.656250 0.718750
vt 0.671875 0.718750
vt 0.687500 0.718750
vt 0.703125 0.718750
vt 0.718750 0.718750
vt 0.734375 0.718750
vt 0.750000 0.718750
vt 0.765625 0.718750
vt 0.781250 0.718750
vt 0.796875 0.718750
vt 0.812500 0.718750
vt 0.828125 0.718750
vt 0.843750 0.718750
vt 0.859375 0.718750
vt 0.875000 0.718750
vt 0.890625 0.718750
vt 0.906250 0.718750
vt 0.921875 0.718750
vt 0.937500 0.718750
vt 0.953125 0.718750
vt 0.968750 0.718750
vt 0.984375 0.718750
vt 1.000000 0.718750
vt 0.000000 0.734375
vt 0.015625 0.734375
vt 0.031250 0.734375
vt 0.046875 0.734375
vt 0.062500 0.734375
vt 0.078125 0.734375
vt 0.093750 0.734375
vt 0.109375 0.734375
vt 0.125000 0.734375
vt 0.140625 0.734375
vt 0.156250 0.734375
vt 0.171875 0.734375
vt 0.187500 0.734375
vt 0.203125 0.734375
vt 0.218750 0.734375
vt 0.234375 0.734375
vt 0.250000 0.734375
vt 0.265625 0.734375
vt 0.281250 0.734375
vt 0.296875 0.734375
vt 0.312500 0.734375
vt 0.328125 0.734375
vt 0.343750 0.734375
vt 0.359375 0.734375
vt 0.375000 0.734375
vt 0.390625 0.734375
vt 0.406250 0.734375
vt 0.421875 0.734375
vt 0.437500 0.734375
vt 0.453125 0.734375
vt 0.468750 0.734375
vt 0.484375 0.734375
vt 0.500000 0.734375
vt 0.515625 0.734375
vt 0.531250 0.734375
vt 0.546875 0.734375
vt 0.562500 0.734375
vt 0.578125 0.734375
vt 0.593750 0.734375
vt 0.609375 0.734375
vt 0.625000 0.734375
vt 0.640625 0.734375
vt 0.656250 0.734375
vt 0.671875 0.734375
vt 0.687500 0.734375
vt 0.703125 0.734375
vt 0.718750 0.734375
vt 0.734375 0.734375
vt 0.750000 0.734375
vt 0.765625 0.734375
vt 0.781250 0.734375
vt 0.796875 0.734375
vt 0.812500 0.734375
vt 0.828125 0.734375
vt 0.843750 0.734375
vt 0.859375 0.734375
vt 0.875000 0.734375
vt 0.890625 0.734375
vt 0.906250 0.734375
vt 0.921875 0.734375
vt 0.937500 0.734375
vt 0.953125 0.734375
vt 0.968750 0.734375
vt 0.984375 0.734375
vt 1.000000 0.734375
vt 0.000000 0.750000
vt 0.015625 0.750000
vt 0.031250 0.750000
vt 0.046875 0.750000
vt 0.062500 0.750000
vt 0.078125 0.750000
vt 0.093750 0.750000
vt 0.109375 0.750000
vt 0.125000 0.750000
vt 0.140625 0.750000
vt 0.156250 0.750000
vt 0.171875 0.750000
vt 0.187500 0.750000
vt 0.203125 0.750000
vt 0.218750 0.750000
vt 0.234375 0.750000
vt 0.250000 0.750000
vt 0.265625 0.750000
vt 0.281250 0.750000
vt 0.296875 0.750000
vt 0.312500 0.750000
vt 0.328125 0.750000
vt 0.343750 0.750000
vt 0.359375 0.750000
vt 0.375000 0.750000
vt 0.390625 0.750000
vt 0.406250 0.750000
vt 0.421875 0.750000
vt 0.437500 0.750000
vt 0.453125 0.750000
vt 0.468750 0.750000
vt 0.484375 0.750000
vt 0.500000 0.750000
vt 0.515625 0.750000
vt 0.531250 0.750000
vt 0.546875 0.750000
vt 0.562500 0.750000
vt 0.578125 0.750000
vt 0.593750 0.750000
vt 0.609375 0.750000
vt 0.625000 0.750000
vt 0.640625 0.750000
vt 0.656250 0.750000
vt 0.671875 0.750000
vt 0.687500 0.750000
vt 0.703125 0.750000
vt 0.718750 0.750000
vt 0.734375 0.750000
vt 0.750000 0.750000
vt 0.765625 0.750000
vt 0.781250 0.750000
vt 0.796875 0.750000
vt 0.812500 0.750000
vt 0.828125 0.750000
vt 0.843750 0.750000
vt 0.859375 0.750000
vt 0.875000 0.750000
vt 0.890625 0.750000
vt 0.906250 0.750000
vt 0.921875 0.750000
vt 0.937500 0.750000
vt 0.953125 0.750000
vt 0.968750 0.750000
vt 0.984375 0.750000
vt 1.000000 0.750000
vt 0.000000 0.765625
vt 0.015625 0.765625
vt 0.031250 0.765625
vt 0.046875 0.765625
vt 0.062500 0.765625
vt 0.078125 0.765625
vt 0.093750 0.765625
vt 0.109375 0.765625
vt 0.125000 0.765625
vt 0.140625 0.765625
vt 0.156250 0.765625
vt 0.171875 0.765625
vt 0.187500 0.765625
vt 0.203125 0.765625
vt 0.218750 0.765625
vt 0.234375 0.765625
vt 0.250000 0.765625
vt 0.265625 0.765625
vt 0.281250 0.765625
vt 0.296875 0.765625
vt 0.312500 0.765625
vt 0.328125 0.765625
vt 0.343750 0.765625
vt 0.359375 0.765625
vt 0.375000 0.765625
vt 0.390625 0.765625
vt 0.406250 0.765625
vt 0.421875 0.765625
vt 0.437500 0.765625
vt 0.453125 0.765625
vt 0.468750 0.765625
vt 0.484375 0.765625
vt 0.500000 0.765625
vt 0.515625 0.765625
vt 0.531250 0.765625
vt 0.546875 0.765625
vt 0.562500 0.765625
vt 0.578125 0.765625
vt 0.593750 0.765625
vt 0.609375 0.765625
vt 0.625000 0.765625
vt 0.640625 0.765625
vt 0.656250 0.765625
vt 0.671875 0.765625
vt 0.687500 0.765625
vt 0.703125 0.765625
vt 0.718750 0.765625
vt 0.734375 0.765625
vt 0.750000 0.765625
vt 0.765625 0.765625
vt 0.781250 0.765625
vt 0.796875 0.765625
vt 0.812500 0.765625
vt 0.828125 0.765625
vt 0.843750 0.765625
vt 0.859375 0.765625
vt 0.875000 0.765625
vt 0.890625 0.765625
vt 0.906250 0.765625
vt 0.921875 0.765625
vt 0.937500 0.765625
vt 0.953125 0.765625
vt 0.968750 0.765625
vt 0.984375 0.765625
vt 1.000000 0.765625
vt 0.000000 0.781250
vt 0.015625 0.781250
vt 0.031250 0.781250
vt 0.046875 0.781250
vt 0.062500 0.781250
vt 0.078125 0.781250
vt 0.093750 0.781250
vt 0.109375 0.781250
vt 0.125000 0.781250
vt 0.140625 0.781250
vt 0.156250 0.781250
vt 0.171875 0.781250
vt 0.187500 0.781250
vt 0.203125 0.781250
vt 0.218750 0.781250
vt 0.234375 0.781250
vt 0.250000 0.781250
vt 0.265625 0.781250
vt 0.281250 0.781250
vt 0.296875 0.781250
vt 0.312500 0.781250
vt 0.328125 0.781250
vt 0.343750 0.781250
vt 0.359375 0.781250
vt 0.375000 0.781250
vt 0.390625 0.781250
vt 0.406250 0.781250
vt 0.421875 0.781250
vt 0.437500 0.781250
vt 0.453125 0.781250
vt 0.468750 0.781250
vt 0.484375 0.781250
vt 0.500000 0.781250
vt 0.515625 0.781250
vt 0.531250 0.781250
vt 0.546875 0.781250
vt 0.562500 0.781250
vt 0.578125 0.781250
vt 0.593750 0.781250
vt 0.609375 0.781250
vt 0.625000 0.781250
vt 0.640625 0.781250
vt 0.656250 0.781250
vt 0.671875 0.781250
vt 0.687500 0.781250
vt 0.703125 0.781250
vt 0.718750 0.781250
vt 0.734375 0.781250
vt 0.750000 0.781250
vt 0.765625 0.781250
vt 0.781250 0.781250
vt 0.796875 0.781250
vt 0.812500 0.781250
vt 0.828125 0.781250
vt 0.843750 0.781250
vt 0.859375 0.781250
vt 0.875000 0.781250
vt 0.890625 0.781250
vt 0.906250 0.781250
vt 0.921875 0.781250
vt 0.937500 0.781250
vt 0.953125 0.781250
vt 0.968750 0.781250
vt 0.984375 0.781250
vt 1.000000 0.781250
vt 0.000000 0.796875
vt 0.015625 0.796875
vt 0.031250 0.796875
vt 0.046875 0.796875
vt 0.062500 0.796875
vt 0.078125 0.796875
vt 0.093750 0.796875
vt 0.109375 0.796875
vt 0.125000 0.796875
vt 0.140625 0.796875
vt 0.156250 0.796875
vt 0.171875 0.796875
vt 0.187500 0.796875
vt 0.203125 0.796875
vt 0.218750 0.796875
vt 0.234375 0.796875
vt 0.250000 0.796875
vt 0.265625 0.796875
vt 0.281250 0.796875
vt 0.296875 0.796875
vt 0.312500 0.796875
vt 0.328125 0.796875
vt 0.343750 0.796875
vt 0.359375 0.796875
vt 0.375000 0.796875
vt 0.390625 0.796875
vt 0.406250 0.796875
vt 0.421875 0.796875
vt 0.437500 0.796875
vt 0.453125 0.796875
vt 0.468750 0.796875
vt 0.484375 0.796875
vt 0.500000 0.796875
vt 0.515625 0.796875
vt 0.531250 0.796875
vt 0.546875 0.796875
vt 0.562500 0.796875
vt 0.578125 0.796875
vt 0.593750 0.796875
vt 0.609375 0.796875
vt 0.625000 0.796875
vt 0.640625 0.796875
vt 0.656250 0.796875
vt 0.671875 0.796875
vt 0.687500 0.796875
vt 0.703125 0.796875
vt 0.718750 0.796875
vt 0.734375 0.796875
vt 0.750000 0.796875
vt 0.765625 0.796875
vt 0.781250 0.796875
vt 0.796875 0.796875
vt 0.812500 0.796875
vt 0.828125 0.796875
vt 0.843750 0.796875
vt 0.859375 0.796875
vt 0.875000 0.796875
vt 0.890625 0.796875
vt 0.906250 0.796875
vt 0.921875 0.796875
vt 0.937500 0.796875
vt 0.953125 0.796875
vt 0.968750 0.796875
vt 0.984375 0.796875
vt 1.000000 0.796875
vt 0.000000 0.812500
vt 0.015625 0.812500
vt 0.031250 0.812500
vt 0.046875 0.812500
vt 0.062500 0.812500
vt 0.078125 0.812500
vt 0.093750 0.812500
vt 0.109375 0.812500
vt 0.125000 0.812500
vt 0.140625 0.812500
vt 0.156250 0.812500
vt 0.171875 0.812500
vt 0.187500 0.812500
vt 0.203125 0.812500
vt 0.218750 0.812500
vt 0.234375 0.812500
vt 0.250000 0.812500
vt 0.265625 0.812500
vt 0.281250 0.812500
vt 0.296875 0.812500
vt 0.312500 0.812500
vt 0.328125 0.812500
vt 0.343750 0.812500
vt 0.359375 0.812500
vt 0.375000 0.812500
vt 0.390625 0.812500
vt 0.406250 0.812500
vt 0.421875 0.812500
vt 0.437500 0.812500
vt 0.453125 0.812500
vt 0.468750 0.812500
vt 0.484375 0.812500
vt 0.500000 0.812500
vt 0.515625 0.812500
vt 0.531250 0.812500
vt 0.546875 0.812500
vt 0.562500 0.812500
vt 0.578125 0.812500
vt 0.593750 0.812500
vt 0.609375 0.812500
vt 0.625000 0.812500
vt 0.640625 0.812500
vt 0.656250 0.812500
vt 0.671875 0.812500
vt 0.687500 0.812500
vt 0.703125 0.812500
vt 0.718750 0.812500
vt 0.734375 0.812500
vt 0.750000 0.812500
vt 0.765625 0.812500
vt 0.781250 0.812500
vt 0.796875 0.812500
vt 0.812500 0.812500
vt 0.828125 0.812500
vt 0.843750 0.812500
vt 0.859375 0.812500
vt 0.875000 0.812500
vt 0.890625 0.812500
vt 0.906250 0.812500
vt 0.921875 0.812500
vt 0.937500 0.812500
vt 0.953125 0.812500
vt 0.968750 0.812500
vt 0.984375 0.812500
vt 1.000000 0.812500
vt 0.000000 0.828125
vt 0.015625 0.828125
vt 0.031250 0.828125
vt 0.046875 0.828125
vt 0.062500 0.828125
vt 0.078125 0.828125
vt 0.093750 0.828125
vt 0.109375 0.828125
vt 0.125000 0.828125
vt 0.140625 0.828125
vt 0.156250 0.828125
vt 0.171875 0.828125
vt 0.187500 0.828125
vt 0.203125 0.828125
vt 0.218750 0.828125
vt 0.234375 0.828125
vt 0.250000 0.828125
vt 0.265625 0.828125
vt 0.281250 0.828125
vt 0.296875 0.828125
vt 0.312500 0.828125
vt 0.328125 0.828125
vt 0.343750 0.828125
vt 0.359375 0.828125
vt 0.375000 0.828125
vt 0.390625 0.828125
vt 0.406250 0.828125
vt 0.421875 0.828125
vt 0.437500 0.828125
vt 0.453125 0.828125
vt 0.468750 0.828125
vt 0.484375 0.828125
vt 0.500000 0.828125
vt 0.515625 0.828125
vt 0.531250 0.828125
vt 0.546875 0.828125
vt 0.562500 0.828125
vt 0.578125 0.828125
vt 0.593750 0.828125
vt 0.609375 0.828125
vt 0.625000 0.828125
vt 0.640625 0.828125
vt 0.656250 0.828125
vt 0.671875 0.828125
vt 0.687500 0.828125
vt 0.703125 0.828125
vt 0.718750 0.828125
vt 0.734375 0.828125
vt 0.750000 0.828125
vt 0.765625 0.828125
vt 0.781250 0.828125
vt 0.796875 0.828125
vt 0.812500 0.828125
vt 0.828125 0.828125
vt 0.843750 0.828125
vt 0.859375 0.828125
vt 0.875000 0.828125
vt 0.890625 0.828125
vt 0.906250 0.828125
vt 0.921875 0.828125
vt 0.937500 0.828125
vt 0.953125 0.828125
vt 0.968750 0.828125
vt 0.984375 0.828125
vt 1.000000 0.828125
vt 0.000000 0.843750
vt 0.015625 0.843750
vt 0.031250 0.843750
vt 0.046875 0.843750
vt 0.062500 0.843750
vt 0.078125 0.843750
vt 0.093750 0.843750
vt 0.109375 0.843750
vt 0.125000 0.843750
vt 0.140625 0.843750
vt 0.156250 0.843750
vt 0.171875 0.843750
vt 0.187500 0.843750
vt 0.203125 0.843750
vt 0.218750 0.843750
vt 0.234375 0.843750
vt 0.250000 0.843750
vt 0.265625 0.843750
vt 0.281250 0.843750
vt 0.296875 0.843750
vt 0.312500 0.843750
vt 0.328125 0.843750
vt 0.343750 0.843750
vt 0.359375 0.843750
vt 0.375000 0.843750
vt 0.390625 0.843750
vt 0.406250 0.843750
vt 0.421875 0.843750
vt 0.437500 0.843750
vt 0.453125 0.843750
vt 0.468750 0.843750
vt 0.484375 0.843750
vt 0.500000 0.843750
vt 0.515625 0.843750
vt 0.531250 0.843750
vt 0.546875 0.843750
vt 0.562500 0.843750
vt 0.578125 0.843750
vt 0.593750 0.843750
vt 0.609375 0.843750
vt 0.625000 0.843750
vt 0.640625 0.843750
vt 0.656250 0.843750
vt 0.671875 0.843750
vt 0.687500 0.843750
vt 0.703125 0.843750
vt 0.718750 0.843750
vt 0.734375 0.843750
vt 0.750000 0.843750
vt 0.765625 0.843750
vt 0.781250 0.843750
vt 0.796875 0.843750
vt 0.812500 0.843750
vt 0.828125 0.843750
vt 0.843750 0.843750
vt 0.859375 0.843750
vt 0.875000 0.843750
vt 0.890625 0.843750
vt 0.906250 0.843750
vt 0.921875 0.843750
vt 0.937500 0.843750
vt 0.953125 0.843750
vt 0.968750 0.843750
vt 0.984375 0.843750
vt 1.000000 0.843750
vt 0.000000 0.859375
vt 0.015625 0.859375
vt 0.031250 0.859375
vt 0.046875 0.859375
vt 0.062500 0.859375
vt 0.078125 0.859375
vt 0.093750 0.859375
vt 0.109375 0.859375
vt 0.125000 0.859375
vt 0.140625 0.859375
vt 0.156250 0.859375
vt 0.171875 0.859375
vt 0.187500 0.859375
vt 0.203125 0.859375
vt 0.218750 0.859375
vt 0.234375 0.859375
vt 0.250000 0.859375
vt 0.265625 0.859375
vt 0.281250 0.859375
vt 0.296875 0.859375
vt 0.312500 0.859375
vt 0.328125 0.859375
vt 0.343750 0.859375
vt 0.359375 0.859375
vt 0.375000 0.859375
vt 0.390625 0.859375
vt 0.406250 0.859375
vt 0.421875 0.859375
vt 0.437500 0.859375
vt 0.453125 0.859375
vt 0.468750 0.859375
vt 0.484375 0.859375
vt 0.500000 0.859375
vt 0.515625 0.859375
vt 0.531250 0.859375
vt 0.546875 0.859375
vt 0.562500 0.859375
vt 0.578125 0.859375
vt 0.593750 0.859375
vt 0.609375 0.859375
vt 0.625000 0.859375
vt 0.640625 0.859375
vt 0.656250 0.859375
vt 0.671875 0.859375
vt 0.687500 0.859375
vt 0.703125 0.859375
vt 0.718750 0.859375
vt 0.734375 0.859375
vt 0.750000 0.859375
vt 0.765625 0.859375
vt 0.781250 0.859375
vt 0.796875 0.859375
vt 0.812500 0.859375
vt 0.828125 0.859375
vt 0.843750 0.859375
vt 0.859375 0.859375
vt 0.875000 0.859375
vt 0.890625 0.859375
vt 0.906250 0.859375
vt 0.921875 0.859375
vt 0.937500 0.859375
vt 0.953125 0.859375
vt 0.968750 0.859375
vt 0.984375 0.859375
vt 1.000000 0.859375
vt 0.000000 0.875000
vt 0.015625 0.875000
vt 0.031250 0.875000
vt 0.046875 0.875000
vt 0.062500 0.875000
vt 0.078125 0.875000
vt 0.093750 0.875000
vt 0.109375 0.875000
vt 0.125000 0.875000
vt 0.140625 0.875000
vt 0.156250 0.875000
vt 0.171875 0.875000
vt 0.187500 0.875000
vt 0.203125 0.875000
vt 0.218750 0.875000
vt 0.234375 0.875000
vt 0.250000 0.875000
vt 0.265625 0.875000
vt 0.281250 0.875000
vt 0.296875 0.875000
vt 0.312500 0.875000
vt 0.328125 0.875000
vt 0.343750 0.875000
vt 0.359375 0.875000
vt 0.375000 0.875000
vt 0.390625 0.875000
vt 0.406250 0.875000
vt 0.421875 0.875000
vt 0.437500 0.875000
vt 0.453125 0.875000
vt 0.468750 0.875000
vt 0.484375 0.875000
vt 0.500000 0.875000
vt 0.515625 0.875000
vt 0.531250 0.875000
vt 0.546875 0.875000
vt 0.562500 0.875000
vt 0.578125 0.875000
vt 0.593750 0.875000
vt 0.609375 0.875000
vt 0.625000 0.875000
vt 0.640625 0.875000
vt 0.656250 0.875000
vt 0.671875 0.875000
vt 0.687500 0.875000
vt 0.703125 0.875000
vt 0.718750 0.875000
vt 0.734375 0.875000
vt 0.750000 0.875000
vt 0.765625 0.875000
vt 0.781250 0.875000
vt 0.796875 0.875000
vt 0.812500 0.875000
vt 0.828125 0.875000
vt 0.843750 0.875000
vt 0.859375 0.875000
vt 0.875000 0.875000
vt 0.890625 0.875000
vt 0.906250 0.875000
vt 0.921875 0.875000
vt 0.937500 0.875000
vt 0.953125 0.875000
vt 0.968750 0.875000
vt 0.984375 0.875000
vt 1.000000 0.875000
vt 0.000000 0.890625
vt 0.015625 0.890625
vt 0.031250 0.890625
vt 0.046875 0.890625
vt 0.062500 0.890625
vt 0.078125 0.890625
vt 0.093750 0.890625
vt 0.109375 0.890625
vt 0.125000 0.890625
vt 0.140625 0.890625
vt 0.156250 0.890625
vt 0.171875 0.890625
vt 0.187500 0.890625
vt 0.203125 0.890625
vt 0.218750 0.890625
vt 0.234375 0.890625
vt 0.250000 0.890625
vt 0.265625 0.890625
vt 0.281250 0.890625
vt 0.296875 0.890625
vt 0.312500 0.890625
vt 0.328125 0.890625
vt 0.343750 0.890625
vt 0.359375 0.890625
vt 0.375000 0.890625
vt 0.390625 0.890625
vt 0.406250 0.890625
vt 0.421875 0.890625
vt 0.437500 0.890625
vt 0.453125 0.890625
vt 0.468750 0.890625
vt 0.484375 0.890625
vt 0.500000 0.890625
vt 0.515625 0.890625
vt 0.531250 0.890625
vt 0.546875 0.890625
vt 0.562500 0.890625
vt 0.578125 0.890625
vt 0.593750 0.890625
vt 0.609375 0.890625
vt 0.625000 0.890625
vt 0.640625 0.890625
vt 0.656250 0.890625
vt 0.671875 0.890625
vt 0.687500 0.890625
vt 0.703125 0.890625
vt 0.718750 0.890625
vt 0.734375 0.890625
vt 0.750000 0.890625
vt 0.765625 0.890625
vt 0.781250 0.890625
vt 0.796875 0.890625
vt 0.812500 0.890625
vt 0.828125 0.890625
vt 0.843750 0.890625
vt 0.859375 0.890625
vt 0.875000 0.890625
vt 0.890625 0.890625
vt 0.906250 0.890625
vt 0.921875 0.890625
vt 0.937500 0.890625
vt 0.953125 0.890625
vt 0.968750 0.890625
vt 0.984375 0.890625
vt 1.000000 0.890625
vt 0.000000 0.906250
vt 0.015625 0.906250
vt 0.031250 0.906250
vt 0.046875 0.906250
vt 0.062500 0.906250
vt 0.078125 0.906250
vt 0.093750 0.906250
vt 0.109375 0.906250
vt 0.125000 0.906250
vt 0.140625 0.906250
vt 0.156250 0.906250
vt 0.171875 0.906250
vt 0.187500 0.906250
vt 0.203125 0.906250
vt 0.218750 0.906250
vt 0.234375 0.906250
vt 0.250000 0.906250
vt 0.265625 0.906250
vt 0.281250 0.906250
vt 0.296875 0.906250
vt 0.312500 0.906250
vt 0.328125 0.906250
vt 0.343750 0.906250
vt 0.359375 0.906250
vt 0.375000 0.906250
vt 0.390625 0.906250
vt 0.406250 0.906250
vt 0.421875 0.906250
vt 0.437500 0.906250
vt 0.453125 0.906250
vt 0.468750 0.906250
vt 0.484375 0.906250
vt 0.500000 0.906250
vt 0.515625 0.906250
vt 0.531250 0.906250
vt 0.546875 0.906250
vt 0.562500 0.906250
vt 0.578125 0.906250
vt 0.593750 0.906250
vt 0.609375 0.906250
vt 0.625000 0.906250
vt 0.640625 0.906250
vt 0.656250 0.906250
vt 0.671875 0.906250
vt 0.687500 0.906250
vt 0.703125 0.906250
vt 0.718750 0.906250
vt 0.734375 0.906250
vt 0.750000 0.906250
vt 0.765625 0.906250
vt 0.781250 0.906250
vt 0.796875 0.906250
vt 0.812500 0.906250
vt 0.828125 0.906250
vt 0.843750 0.906250
vt 0.859375 0.906250
vt 0.875000 0.906250
vt 0.890625 0.906250
vt 0.906250 0.906250
vt 0.921875 0.906250
vt 0.937500 0.906250
vt 0.953125 0.906250
vt 0.968750 0.906250
vt 0.984375 0.906250
vt 1.000000 0.906250
vt 0.000000 0.921875
vt 0.015625 0.921875
vt 0.031250 0.921875
vt 0.046875 0.921875
vt 0.062500 0.921875
vt 0.078125 0.921875
vt 0.093750 0.921875
vt 0.109375 0.921875
vt 0.125000 0.921875
vt 0.140625 0.921875
vt 0.156250 0.921875
vt 0.171875 0.921875
vt 0.187500 0.921875
vt 0.203125 0.921875
vt 0.218750 0.921875
vt 0.234375 0.921875
vt 0.250000 0.921875
vt 0.265625 0.921875
vt 0.281250 0.921875
vt 0.296875 0.921875
vt 0.312500 0.921875
vt 0.328125 0.921875
vt 0.343750 0.921875
vt 0.359375 0.921875
vt 0.375000 0.921875
vt 0.390625 0.921875
vt 0.406250 0.921875
vt 0.421875 0.921875
vt 0.437500 0.921875
vt 0.453125 0.921875
vt 0.468750 0.921875
vt 0.484375 0.921875
vt 0.500000 0.921875
vt 0.515625 0.921875
vt 0.531250 0.921875
vt 0.546875 0.921875
vt 0.562500 0.921875
vt 0.578125 0.921875
vt 0.593750 0.921875
vt 0.609375 0.921875
vt 0.625000 0.921875
vt 0.640625 0.921875
vt 0.656250 0.921875
vt 0.671875 0.921875
vt 0.687500 0.921875
vt 0.703125 0.921875
vt 0.718750 0.921875
vt 0.734375 0.921875
vt 0.750000 0.921875
vt 0.765625 0.921875
vt 0.781250 0.921875
vt 0.796875 0.921875
vt 0.812500 0.921875
vt 0.828125 0.921875
vt 0.843750 0.921875
vt 0.859375 0.921875
vt 0.875000 0.921875
vt 0.890625 0.921875
vt 0.906250 0.921875
vt 0.921875 0.921875
vt 0.937500 0.921875
vt 0.953125 0.921875
vt 0.968750 0.921875
vt 0.984375 0.921875
vt 1.000000 0.921875
vt 0.000000 0.937500
vt 0.015625 0.937500
vt 0.031250 0.937500
vt 0.046875 0.937500
vt 0.062500 0.937500
vt 0.078125 0.937500
vt 0.093750 0.937500
vt 0.109375 0.937500
vt 0.125000 0.937500
vt 0.140625 0.937500
vt 0.156250 0.937500
vt 0.171875 0.937500
vt 0.187500 0.937500
vt 0.203125 0.937500
vt 0.218750 0.937500
vt 0.234375 0.937500
vt 0.250000 0.937500
vt 0.265625 0.937500
vt 0.281250 0.937500
vt 0.296875 0.937500
vt 0.312500 0.937500
vt 0.328125 0.937500
vt 0.343750 0.937500
vt 0.359375 0.937500
vt 0.375000 0.937500
vt 0.390625 0.937500
vt 0.406250 0.937500
vt 0.421875 0.937500
vt 0.437500 0.937500
vt 0.453125 0.937500
vt 0.468750 0.937500
vt 0.484375 0.937500
vt 0.500000 0.937500
vt 0.515625 0.937500
vt 0.531250 0.937500
vt 0.546875 0.937500
vt 0.562500 0.937500
vt 0.578125 0.937500
vt 0.593750 0.937500
vt 0.609375 0.937500
vt 0.625000 0.937500
vt 0.640625 0.937500
vt 0.656250 0.937500
vt 0.671875 0.937500
vt 0.687500 0.937500
vt 0.703125 0.937500
vt 0.718750 0.937500
vt 0.734375 0.937500
vt 0.750000 0.937500
vt 0.765625 0.937500
vt 0.781250 0.937500
vt 0.796875 0.937500
vt 0.812500 0.937500
vt 0.828125 0.937500
vt 0.843750 0.937500
vt 0.859375 0.937500
vt 0.875000 0.937500
vt 0.890625 0.937500
vt 0.906250 0.937500
vt 0.921875 0.937500
vt 0.937500 0.937500
vt 0.953125 0.937500
vt 0.968750 0.937500
vt 0.984375 0.937500
vt 1.000000 0.937500
vt 0.000000 0.953125
vt 0.015625 0.953125
vt 0.031250 0.953125
vt 0.046875 0.953125
vt 0.062500 0.953125
vt 0.078125 0.953125
vt 0.093750 0.953125
vt 0.109375 0.953125
vt 0.125000 0.953125
vt 0.140625 0.953125
vt 0.156250 0.953125
vt 0.171875 0.953125
vt 0.187500 0.953125
vt 0.203125 0.953125
vt 0.218750 0.953125
vt 0.234375 0.953125
vt 0.250000 0.953125
vt 0.265625 0.953125
vt 0.281250 0.953125
vt 0.296875 0.953125
vt 0.312500 0.953125
vt 0.328125 0.953125
vt 0.343750 0.953125
vt 0.359375 0.953125
vt 0.375000 0.953125
vt 0.390625 0.953125
vt 0.406250 0.953125
vt 0.421875 0.953125
vt 0.437500 0.953125
vt 0.453125 0.953125
vt 0.468750 0.953125
vt 0.484375 0.953125
vt 0.500000 0.953125
vt 0.515625 0.953125
vt 0.531250 0.953125
vt 0.546875 0.953125
vt 0.562500 0.953125
vt 0.578125 0.953125
vt 0.593750 0.953125
vt 0.609375 0.953125
vt 0.625000 0.953125
vt 0.640625 0.953125
vt 0.656250 0.953125
vt 0.671875 0.953125
vt 0.687500 0.953125
vt 0.703125 0.953125
vt 0.718750 0.953125
vt 0.734375 0.953125
vt 0.750000 0.953125
vt 0.765625 0.953125
vt 0.781250 0.953125
vt 0.796875 0.953125
vt 0.812500 0.953125
vt 0.828125 0.953125
vt 0.843750 0.953125
vt 0.859375 0.953125
vt 0.875000 0.953125
vt 0.890625 0.953125
vt 0.906250 0.953125
vt 0.921875 0.953125
vt 0.937500 0.953125
vt 0.953125 0.953125
vt 0.968750 0.953125
vt 0.984375 0.953125
vt 1.000000 0.953125
vt 0.000000 0.968750
vt 0.015625 0.968750
vt 0.031250 0.968750
vt 0.046875 0.968750
vt 0.062500 0.968750
vt 0.078125 0.968750
vt 0.093750 0.968750
vt 0.109375 0.968750
vt 0.125000 0.968750
vt 0.140625 0.968750
vt 0.156250 0.968750
vt 0.171875 0.968750
vt 0.187500 0.968750
vt 0.203125 0.968750
vt 0.218750 0.968750
vt 0.234375 0.968750
vt 0.250000 0.968750
vt 0.265625 0.968750
vt 0.281250 0.968750
vt 0.296875 0.968750
vt 0.312500 0.968750
vt 0.328125 0.968750
vt 0.343750 0.968750
vt 0.359375 0.968750
vt 0.375000 0.968750
vt 0.390625 0.968750
vt 0.406250 0.968750
vt 0.421875 0.968750
vt 0.437500 0.968750
vt 0.453125 0.968750
vt 0.468750 0.968750
vt 0.484375 0.968750
vt 0.500000 0.968750
vt 0.515625 0.968750
vt 0.531250 0.968750
vt 0.546875 0.968750
vt 0.562500 0.968750
vt 0.578125 0.968750
vt 0.593750 0.968750
vt 0.609375 0.968750
vt 0.625000 0.968750
vt 0.640625 0.968750
vt 0.656250 0.968750
vt 0.671875 0.968750
vt 0.687500 0.968750
vt 0.703125 0.968750
vt 0.718750 0.968750
vt 0.734375 0.968750
vt 0.750000 0.968750
vt 0.765625 0.968750
vt 0.781250 0.968750
vt 0.796875 0.968750
vt 0.812500 0.968750
vt 0.828125 0.968750
vt 0.843750 0.968750
vt 0.859375 0.968750
vt 0.875000 0.968750
vt 0.890625 0.968750
vt 0.906250 0.968750
vt 0.921875 0.968750
vt 0.937500 0.968750
vt 0.953125 0.968750
vt 0.968750 0.968750
vt 0.984375 0.968750
vt 1.000000 0.968750
vt 0.000000 0.984375
vt 0.015625 0.984375
vt 0.031250 0.984375
vt 0.046875 0.984375
vt 0.062500 0.984375
vt 0.078125 0.984375
vt 0.093750 0.984375
vt 0.109375 0.984375
vt 0.125000 0.984375
vt 0.140625 0.984375
vt 0.156250 0.984375
vt 0.171875 0.984375
vt 0.187500 0.984375
vt 0.203125 0.984375
vt 0.218750 0.984375
vt 0.234375 0.984375
vt 0.250000 0.984375
vt 0.265625 0.984375
vt 0.281250 0.984375
vt 0.296875 0.984375
vt 0.312500 0.984375
vt 0.328125 0.984375
vt 0.343750 0.984375
vt 0.359375 0.984375
vt 0.375000 0.984375
vt 0.390625 0.984375
vt 0.406250 0.984375
vt 0.421875 0.984375
vt 0.437500 0.984375
vt 0.453125 0.984375
vt 0.468750 0.984375
vt 0.484375 0.984375
vt 0.500000 0.984375
vt 0.515625 0.984375
vt 0.531250 0.984375
vt 0.546875 0.984375
vt 0.562500 0.984375
vt 0.578125 0.984375
vt 0.593750 0.984375
vt 0.609375 0.984375
vt 0.625000 0.984375
vt 0.640625 0.984375
vt 0.656250 0.984375
vt 0.671875 0.984375
vt 0.687500 0.984375
vt 0.703125 0.984375
vt 0.718750 0.984375
vt 0.734375 0.984375
vt 0.750000 0.984375
vt 0.765625 0.984375
vt 0.781250 0.984375
vt 0.796875 0.984375
vt 0.812500 0.984375
vt 0.828125 0.984375
vt 0.843750 0.984375
vt 0.859375 0.984375
vt 0.875000 0.984375
vt 0.890625 0.984375
vt 0.906250 0.984375
vt 0.921875 0.984375
vt 0.937500 0.984375
vt 0.953125 0.984375
vt 0.968750 0.984375
vt 0.984375 0.984375
vt 1.000000 0.984375
vt 0.000000 1.000000
vt 0.015625 1.000000
vt 0.031250 1.000000
vt 0.046875 1.000000
vt 0.062500 1.000000
vt 0.078125 1.000000
vt 0.093750 1.000000
vt 0.109375 1.000000
vt 0.125000 1.000000
vt 0.140625 1.000000
vt 0.156250 1.000000
vt 0.171875 1.000000
vt 0.187500 1.000000
vt 0.203125 1.000000
vt 0.218750 1.000000
vt 0.234375 1.000000
vt 0.250000 1.000000
vt 0.265625 1.000000
vt 0.281250 1.000000
vt 0.296875 1.000000
vt 0.312500 1.000000
vt 0.328125 1.000000
vt 0.343750 1.000000
vt 0.359375 1.000000
vt 0.375000 1.000000
vt 0.390625 1.000000
vt 0.406250 1.000000
vt 0.421875 1.000000
vt 0.437500 1.000000
vt 0.453125 1.000000
vt 0.468750 1.000000
vt 0.484375 1.000000
vt 0.500000 1.000000
vt 0.515625 1.000000
vt 0.531250 1.000000
vt 0.546875 1.000000
vt 0.562500 1.000000
vt 0.578125 1.000000
vt 0.593750 1.000000
vt 0.609375 1.000000
vt 0.625000 1.000000
vt 0.640625 1.000000
vt 0.656250 1.000000
vt 0.671875 1.000000
vt 0.687500 1.000000
vt 0.703125 1.000000
vt 0.718750 1.000000
vt 0.734375 1.000000
vt 0.750000 1.000000
vt 0.765625 1.000000
vt 0.781250 1.000000
vt 0.796875 1.000000
vt 0.812500 1.000000
vt 0.828125 1.000000
vt 0.843750 1.000000
vt 0.859375 1.000000
vt 0.875000 1.000000
vt 0.890625 1.000000
vt 0.906250 1.000000
vt 0.921875 1.000000
vt 0.937500 1.000000
vt 0.953125 1.000000
vt 0.968750 1.000000
vt 0.984375 1.000000
vt 1.000000 1.000000
vn -0.004381 0.999976 -0.005306
vn -0.018074 0.999803 -0.008192
vn -0.042150 0.999072 -0.008810
vn -0.035702 0.998952 -0.028628
vn -0.042577 0.998319 -0.039319
vn -0.060372 0.996875 -0.050944
vn -0.084082 0.994314 -0.065350
vn -0.111914 0.990362 -0.081593
vn -0.135470 0.985804 -0.099187
vn -0.143957 0.982548 -0.117800
vn -0.152732 0.980144 -0.126454
vn -0.182824 0.972691 -0.142995
vn -0.221092 0.961007 -0.166082
vn -0.254864 0.948634 -0.187450
vn -0.291098 0.932889 -0.212085
vn -0.311973 0.921638 -0.230773
vn -0.333587 0.920065 -0.205428
vn -0.335598 0.940880 -0.046027
vn -0.327985 0.934645 -0.137349
vn -0.341488 0.921782 -0.183588
vn -0.358201 0.913318 -0.193757
vn -0.381053 0.901670 -0.204423
vn -0.349070 0.920407 -0.176071
vn -0.129851 0.978291 -0.161511
vn 0.161894 0.971851 -0.171161
vn 0.184370 0.971050 -0.151885
vn 0.158991 0.977480 -0.138758
vn 0.201698 0.963279 -0.177232
vn 0.282714 0.933025 -0.222567
vn 0.315744 0.922108 -0.223659
vn 0.269401 0.945448 -0.183170
vn 0.203174 0.968960 -0.140843
vn 0.195009 0.978618 -0.065413
vn 0.081247 0.993762 -0.076390
vn -0.003025 0.998315 -0.057942
vn -0.068286 0.994606 -0.078070
vn -0.223896 0.969066 -0.103835
vn -0.237830 0.967669 -0.083989
vn -0.039095 0.989411 -0.139773
vn 0.240673 0.960832 -0.137399
vn 0.252713 0.967536 0.003100
vn 0.295732 0.954790 -0.030304
vn 0.134661 0.988523 -0.068479
vn 0.003575 0.999437 -0.033347
vn -0.086390 0.994547 -0.058418
vn -0.074877 0.990439 -0.115862
vn 0.239102 0.953548 -0.183236
vn 0.312420 0.930270 -0.192332
vn 0.324854 0.928971 -0.177435
vn 0.270048 0.950858 -0.151468
vn 0.181452 0.975910 -0.121142
vn 0.107762 0.990303 -0.087681
vn 0.062744 0.996310 -0.058564
vn 0.034885 0.998970 -0.029017
vn 0.018500 0.999474 -0.026629
vn -0.011273 0.999623 -0.025044
vn -0.025180 0.999125 -0.033404
vn 0.072141 0.996169 -0.049427
vn 0.112278 0.991896 -0.059463
vn 0.163436 0.985644 -0.042360
vn 0.188220 0.971056 -0.147049
vn 0.158092 0.978174 -0.134842
vn 0.112744 0.989181 -0.093863
vn 0.061578 0.996770 -0.051557
vn 0.019048 0.999630 -0.019421
vn -0.007624 0.999695 -0.023479
vn -0.025560 0.998945 -0.038163
vn -0.045586 0.998168 -0.039786
vn -0.056636 0.996632 -0.059298
vn -0.053898 0.996332 -0.066460
vn -0.073885 0.994419 -0.075318
vn -0.088372 0.993388 -0.073281
vn -0.115287 0.991603 -0.058590
vn -0.155816 0.986530 -0.049799
vn -0.187180 0.979395 -0.075820
vn -0.194778 0.969661 -0.147713
vn -0.203650 0.958961 -0.197283
vn -0.235748 0.950127 -0.204159
vn -0.277334 0.937648 -0.209530
vn -0.320537 0.921264 -0.220293
vn -0.346162 0.904757 -0.248166
vn -0.299061 0.892447 -0.337787
vn -0.319616 0.875604 -0.362165
vn -0.406228 0.819157 -0.404920
vn -0.329180 0.838114 -0.434977
vn -0.346013 0.823002 -0.450492
vn -0.317915 0.830627 -0.457154
vn -0.200147 0.901313 -0.384156
vn -0.119594 0.928728 -0.350945
vn 0.144417 0.926457 -0.347593
vn 0.217974 0.916359 -0.335816
vn 0.145078 0.940381 -0.307628
vn 0.099032 0.933612 -0.344328
vn 0.198314 0.889442 -0.411783
vn 0.309254 0.848870 -0.428697
vn 0.322364 0.856846 -0.402364
vn 0.258705 0.896747 -0.359050
vn 0.235157 0.920631 -0.311674
vn 0.119695 0.944715 -0.305265
vn 0.001428 0.963096 -0.269155
vn -0.121006 0.943821 -0.307505
vn -0.226168 0.914961 -0.334209
vn -0.248218 0.913740 -0.321664
vn -0.065040 0.951992 -0.299134
vn 0.323729 0.920015 -0.220846
vn 0.353227 0.917689 -0.181871
vn 0.243986 0.949180 -0.198817
vn 0.176137 0.972211 -0.154213
vn 0.007261 0.993154 -0.116586
vn -0.142913 0.978524 -0.148550
vn -0.105987 0.984204 -0.141808
vn 0.248305 0.967586 -0.046066
vn 0.321326 0.946068 -0.041291
vn 0.331717 0.940792 -0.069814
vn 0.267670 0.956286 -0.117768
vn 0.188346 0.969165 -0.158887
vn 0.131683 0.975516 -0.176146
vn 0.094379 0.978319 -0.184348
vn 0.030625 0.987738 -0.153085
vn 0.032198 0.985211 -0.168291
vn -0.022977 0.985421 -0.168572
vn -0.055393 0.981591 -0.182785
vn 0.036528 0.979468 -0.198265
vn 0.100253 0.972112 -0.212010
vn 0.156072 0.968559 -0.193740
vn 0.162547 0.968278 -0.189778
vn 0.207485 0.965452 -0.157647
vn 0.162743 0.978202 -0.128976
vn 0.103744 0.989575 -0.099895
vn 0.051238 0.996834 -0.060807
vn -0.015513 0.998930 -0.043558
vn -0.034891 0.997478 -0.061804
vn -0.047490 0.996386 -0.070428
vn -0.076644 0.993864 -0.079750
vn -0.061374 0.993291 -0.098013
vn -0.075626 0.991576 -0.105157
vn -0.085792 0.991194 -0.100870
vn -0.107347 0.989275 -0.099053
vn -0.153665 0.983645 -0.093967
vn -0.221442 0.970681 -0.093494
vn -0.269480 0.953747 -0.133222
vn -0.255209 0.940357 -0.224937
vn -0.248337 0.926960 -0.281200
vn -0.291724 0.908301 -0.299810
vn -0.335854 0.883088 -0.327655
vn -0.378075 0.853527 -0.358541
vn -0.348161 0.840620 -0.414899
vn -0.326293 0.809163 -0.488658
vn -0.434159 0.772381 -0.463610
vn -0.324660 0.801071 -0.502872
vn -0.343312 0.794733 -0.500537
vn -0.265133 0.838716 -0.475668
vn -0.115061 0.891704 -0.437750
vn -0.080928 0.928705 -0.361880
vn 0.107733 0.917434 -0.383026
vn 0.222755 0.879362 -0.420836
vn 0.144152 0.890213 -0.432136
vn 0.043190 0.893283 -0.447416
vn 0.143941 0.871598 -0.468613
vn 0.286494 0.832680 -0.473882
vn 0.329166 0.813627 -0.479230
vn 0.291105 0.829288 -0.477010
vn 0.233495 0.875596 -0.422861
vn 0.145665 0.880153 -0.451788
vn -0.002320 0.899539 -0.436833
vn -0.145647 0.877033 -0.457822
vn -0.213181 0.870114 -0.444360
vn -0.193645 0.885691 -0.421963
vn 0.034293 0.936250 -0.349657
vn 0.382725 0.894844 -0.229730
vn 0.285132 0.906725 -0.310724
vn 0.278773 0.921061 -0.271906
vn 0.227954 0.945339 -0.233174
vn 0.008122 0.977320 -0.211612
vn -0.158551 0.963248 -0.216830
vn -0.027938 0.977562 -0.208789
vn 0.249253 0.948417 -0.195904
vn 0.302737 0.934324 -0.188119
vn 0.296677 0.933393 -0.201893
vn 0.239425 0.946383 -0.216875
vn 0.169446 0.959944 -0.223150
vn 0.086442 0.956760 -0.277739
vn 0.095112 0.943440 -0.317609
vn 0.027414 0.948760 -0.314805
vn 0.030784 0.949848 -0.311194
vn -0.034830 0.947869 -0.316750
vn -0.047419 0.949116 -0.311336
vn 0.036283 0.957461 -0.286271
vn 0.105259 0.960178 -0.258804
vn 0.212230 0.956056 -0.202278
vn 0.176839 0.974601 -0.137404
vn 0.225381 0.962364 -0.151851
vn 0.182496 0.972545 -0.144399
vn 0.128520 0.982962 -0.131407
vn 0.085126 0.991437 -0.099026
vn -0.025434 0.997308 -0.068769
vn -0.044697 0.995031 -0.088973
vn -0.046139 0.993479 -0.104260
vn -0.103143 0.990456 -0.091422
vn -0.077860 0.988043 -0.133074
vn -0.078831 0.985117 -0.152745
vn -0.077696 0.985274 -0.152310
vn -0.106621 0.984012 -0.142662
vn -0.150939 0.978122 -0.143162
vn -0.219605 0.965543 -0.139642
vn -0.308944 0.941678 -0.133402
vn -0.361155 0.916219 -0.173523
vn -0.308458 0.901104 -0.304738
vn -0.311346 0.874122 -0.372794
vn -0.363478 0.843041 -0.396442
vn -0.405864 0.809408 -0.424420
vn -0.409683 0.787210 -0.460934
vn -0.333649 0.783675 -0.523959
vn -0.449193 0.759173 -0.471044
vn -0.317385 0.786513 -0.529778
vn -0.298127 0.816859 -0.493823
vn -0.182100 0.890161 -0.417675
vn -0.061301 0.934109 -0.351684
vn 0.021148 0.959322 -0.281521
vn 0.023814 0.980348 -0.195833
vn 0.131312 0.933299 -0.334230
vn 0.119173 0.879466 -0.460800
vn 0.029320 0.873729 -0.485529
vn 0.130439 0.863311 -0.487524
vn 0.254871 0.830624 -0.495080
vn 0.306878 0.802365 -0.511896
vn 0.316211 0.794500 -0.518440
vn 0.234225 0.837968 -0.492898
vn 0.156016 0.843898 -0.513318
vn -0.004962 0.867209 -0.497919
vn -0.148156 0.857737 -0.492277
vn -0.201069 0.854940 -0.478172
vn -0.127469 0.864323 -0.486516
vn 0.209497 0.917822 -0.337214
vn 0.326920 0.904245 -0.274707
vn 0.340731 0.913867 -0.220793
vn 0.306125 0.927834 -0.213099
vn 0.240434 0.937435 -0.251806
vn 0.003841 0.962507 -0.271228
vn -0.137350 0.954351 -0.265235
vn -0.054697 0.967876 -0.245404
vn 0.231197 0.927741 -0.292993
vn 0.297709 0.908439 -0.293441
vn 0.290122 0.911377 -0.291925
vn 0.240602 0.925689 -0.291907
vn 0.124728 0.937539 -0.324752
vn 0.020339 0.924281 -0.381171
vn 0.068533 0.907829 -0.413703
vn 0.059140 0.909354 -0.411798
vn 0.007283 0.912120 -0.409859
vn -0.031282 0.913366 -0.405935
vn -0.005689 0.927594 -0.373547
vn 0.082325 0.945495 -0.315058
vn 0.224832 0.960388 -0.164638
vn 0.263761 0.954978 -0.135820
vn 0.173461 0.979796 -0.099556
vn 0.209216 0.969506 -0.127618
vn 0.182021 0.973880 -0.135739
vn 0.142155 0.979909 -0.139894
vn 0.105917 0.986932 -0.121432
vn -0.035943 0.994773 -0.095573
vn -0.057272 0.991350 -0.118093
vn -0.058699 0.988945 -0.136173
vn -0.078787 0.987872 -0.133795
vn -0.133087 0.984883 -0.110875
vn -0.106771 0.979120 -0.172986
vn -0.076505 0.972811 -0.218601
vn -0.095333 0.971946 -0.215019
vn -0.149487 0.968136 -0.200911
vn -0.213612 0.956876 -0.196873
vn -0.301945 0.934580 -0.188121
vn -0.398850 0.899836 -0.176673
vn -0.447762 0.868874 -0.211109
vn -0.398197 0.843240 -0.361091
vn -0.383760 0.795699 -0.468607
vn -0.422012 0.760930 -0.492839
vn -0.432108 0.742873 -0.511294
vn -0.360034 0.755414 -0.547472
vn -0.399782 0.774690 -0.489928
vn -0.308771 0.814206 -0.491659
vn -0.196681 0.882968 -0.426245
vn -0.054848 0.960964 -0.271182
vn 0.087146 0.995818 -0.027434
vn 0.109681 0.991982 0.062784
vn 0.036384 0.999184 0.017535
vn -0.097272 0.994318 -0.043234
vn -0.055193 0.963269 -0.262806
vn -0.001335 0.900738 -0.434361
vn 0.103703 0.875215 -0.472487
vn 0.212287 0.834726 -0.508101
vn 0.276143 0.804658 -0.525615
vn 0.325453 0.778683 -0.536408
vn 0.222251 0.801477 -0.555193
vn 0.179079 0.813065 -0.553946
vn 0.027340 0.852890 -0.521375
vn -0.138745 0.867194 -0.478252
vn -0.221768 0.846178 -0.484564
vn -0.034044 0.863963 -0.502404
vn 0.373997 0.890707 -0.258395
vn 0.377494 0.888498 -0.260900
vn 0.366306 0.905191 -0.215521
vn 0.265851 0.937708 -0.223669
vn 0.200942 0.946007 -0.254347
vn -0.019254 0.950662 -0.309629
vn -0.110388 0.943043 -0.313823
vn -0.073745 0.952643 -0.295012
vn 0.199716 0.928879 -0.311925
vn 0.291530 0.904087 -0.312468
vn 0.279881 0.900230 -0.333547
vn 0.206458 0.904789 -0.372468
vn 0.069692 0.901102 -0.427969
vn -0.014529 0.892752 -0.450314
vn 0.036257 0.884374 -0.465369
vn 0.124913 0.885477 -0.447580
vn -0.033894 0.894862 -0.445054
vn 0.003664 0.902763 -0.430122
vn 0.064197 0.926747 -0.370160
vn 0.263883 0.948928 -0.172919
vn 0.261283 0.957493 -0.122221
vn 0.252942 0.958314 -0.132873
vn 0.208375 0.970464 -0.121569
vn 0.189716 0.973221 -0.129805
vn 0.175328 0.973929 -0.143954
vn 0.146875 0.978565 -0.144358
vn 0.114881 0.984235 -0.134473
vn -0.047360 0.991110 -0.124333
vn -0.074337 0.986149 -0.148269
vn -0.078532 0.981861 -0.172575
vn -0.070919 0.979361 -0.189266
vn -0.106412 0.977223 -0.183607
vn -0.164039 0.973256 -0.160823
vn -0.124404 0.972044 -0.199131
vn -0.107706 0.963145 -0.246479
vn -0.128975 0.955895 -0.263874
vn -0.213856 0.943262 -0.254012
vn -0.295921 0.918756 -0.261377
vn -0.388798 0.885022 -0.256072
vn -0.474638 0.844784 -0.247100
vn -0.528812 0.801973 -0.277843
vn -0.521625 0.758503 -0.390615
vn -0.441065 0.717490 -0.539138
vn -0.424226 0.709801 -0.562330
vn -0.324783 0.750704 -0.575291
vn -0.277166 0.800572 -0.531285
vn -0.292268 0.870851 -0.395219
vn 0.009449 0.958791 -0.283956
vn 0.197253 0.977529 -0.074354
vn 0.135528 0.987979 -0.074367
vn 0.064603 0.994312 -0.084671
vn -0.041455 0.990899 -0.128065
vn -0.132767 0.956442 -0.259985
vn -0.273294 0.910339 -0.310793
vn -0.139548 0.879036 -0.455876
vn 0.026056 0.845369 -0.533547
vn 0.163616 0.808494 -0.565302
vn 0.231419 0.789243 -0.568806
vn 0.298419 0.755960 -0.582641
vn 0.190277 0.759393 -0.622187
vn 0.213027 0.762862 -0.610460
vn 0.101386 0.812712 -0.573777
vn -0.102865 0.849295 -0.517800
vn -0.235797 0.829776 -0.505837
vn 0.137417 0.895727 -0.422835
vn 0.453049 0.869532 -0.196622
vn 0.392185 0.893335 -0.219416
vn 0.359469 0.894002 -0.267474
vn 0.273190 0.921106 -0.277365
vn 0.142428 0.941541 -0.305310
vn -0.056341 0.928492 -0.367054
vn -0.105355 0.917098 -0.384490
vn -0.058367 0.923853 -0.378272
vn 0.207897 0.916044 -0.342990
vn 0.257424 0.898694 -0.355080
vn 0.235297 0.893306 -0.382936
vn 0.135105 0.886213 -0.443140
vn 0.030006 0.863461 -0.503521
vn -0.005246 0.870557 -0.492039
vn 0.000359 0.872729 -0.488204
vn 0.163736 0.857060 -0.488506
vn -0.011358 0.902310 -0.430937
vn 0.076107 0.912468 -0.402006
vn 0.285401 0.939670 -0.188592
vn 0.318018 0.938568 -0.133998
vn 0.257588 0.954554 -0.149918
vn 0.230691 0.959028 -0.164458
vn 0.207327 0.960964 -0.183207
vn 0.179467 0.968089 -0.174917
vn 0.175877 0.968610 -0.175678
vn 0.150757 0.974111 -0.168466
vn 0.127190 0.979651 -0.155261
vn -0.060318 0.985879 -0.156220
vn -0.088462 0.980942 -0.172995
vn -0.112467 0.973963 -0.196841
vn -0.082737 0.967972 -0.237032
vn -0.111659 0.961093 -0.252652
vn -0.156771 0.952029 -0.262800
vn -0.131381 0.947852 -0.290373
vn -0.124629 0.950072 -0.286062
vn -0.152742 0.948128 -0.278789
vn -0.227419 0.929121 -0.291573
vn -0.312195 0.896118 -0.315446
vn -0.386743 0.861196 -0.329805
vn -0.470979 0.818720 -0.328446
vn -0.551241 0.767316 -0.327656
vn -0.597853 0.721823 -0.348631
vn -0.591344 0.698331 -0.403294
vn -0.441498 0.707854 -0.551382
vn -0.270395 0.755859 -0.596292
vn -0.134838 0.830901 -0.539836
vn -0.090242 0.926520 -0.365264
vn 0.145707 0.974703 -0.169478
vn 0.182195 0.956694 -0.227028
vn 0.140228 0.954898 -0.261737
vn 0.030430 0.959716 -0.279320
vn -0.163873 0.914145 -0.370788
vn -0.275044 0.815867 -0.508637
vn -0.256342 0.770056 -0.584211
vn -0.222235 0.748284 -0.625046
vn -0.028705 0.744509 -0.666995
vn 0.149003 0.736596 -0.659715
vn 0.197122 0.739511 -0.643636
vn 0.262958 0.724886 -0.636705
vn 0.161515 0.726754 -0.667639
vn 0.247189 0.725029 -0.642830
vn 0.166855 0.763221 -0.624222
vn -0.036549 0.803974 -0.593540
vn -0.138850 0.842913 -0.519826
vn 0.405795 0.879137 -0.249897
vn 0.475053 0.856269 -0.202800
vn 0.332698 0.924280 -0.187134
vn 0.316513 0.912855 -0.257905
vn 0.257862 0.918955 -0.298376
vn 0.082023 0.934332 -0.346836
vn -0.096263 0.912265 -0.398129
vn -0.124867 0.895247 -0.427716
vn -0.036088 0.894747 -0.445113
vn 0.203606 0.880790 -0.427496
vn 0.254693 0.876323 -0.408888
vn 0.172732 0.880454 -0.441547
vn 0.064879 0.865192 -0.497226
vn 0.010226 0.872779 -0.488008
vn 0.027164 0.868802 -0.494414
vn -0.007043 0.875065 -0.483954
vn 0.197080 0.862879 -0.465403
vn 0.052932 0.916115 -0.397406
vn 0.268361 0.912501 -0.308746
vn 0.343055 0.910218 -0.231985
vn 0.298349 0.929233 -0.217977
vn 0.250976 0.948846 -0.191576
vn 0.239630 0.951542 -0.192732
vn 0.186559 0.952220 -0.241810
vn 0.190428 0.958378 -0.212720
vn 0.182213 0.961571 -0.205379
vn 0.151058 0.968431 -0.198302
vn 0.147387 0.972134 -0.182301
vn -0.071543 0.980780 -0.181528
vn -0.089227 0.978288 -0.187061
vn -0.149671 0.969113 -0.196005
vn -0.126736 0.961991 -0.241892
vn -0.128050 0.949338 -0.286985
vn -0.170723 0.940058 -0.295202
vn -0.168701 0.935694 -0.309866
vn -0.128531 0.935497 -0.329129
vn -0.123538 0.922664 -0.365279
vn -0.229279 0.913608 -0.335784
vn -0.350988 0.872360 -0.340287
vn -0.405369 0.837322 -0.366836
vn -0.477656 0.791727 -0.380805
vn -0.553143 0.741484 -0.379783
vn -0.607469 0.701409 -0.372835
vn -0.618241 0.689887 -0.376609
vn -0.573445 0.714986 -0.399946
vn -0.257849 0.788791 -0.557963
vn 0.026763 0.852950 -0.521306
vn 0.139809 0.913545 -0.381955
vn 0.160324 0.926498 -0.340437
vn 0.118188 0.917559 -0.379628
vn 0.093434 0.913012 -0.397088
vn -0.048100 0.911229 -0.409081
vn -0.308864 0.824675 -0.473830
vn -0.399164 0.711832 -0.577896
vn -0.255123 0.689164 -0.678208
vn -0.249614 0.709252 -0.659283
vn -0.048281 0.704705 -0.707856
vn 0.172344 0.706187 -0.686730
vn 0.208384 0.714873 -0.667482
vn 0.266882 0.721049 -0.639423
vn 0.162290 0.729825 -0.664091
vn 0.278258 0.724198 -0.630960
vn 0.194388 0.745685 -0.637313
vn 0.059719 0.793010 -0.606274
vn 0.123994 0.882985 -0.452728
vn 0.484005 0.841792 -0.239009
vn 0.505617 0.820929 -0.265381
vn 0.312739 0.927686 -0.203942
vn 0.282458 0.932621 -0.224577
vn 0.217961 0.937007 -0.272966
vn 0.024220 0.942825 -0.332408
vn -0.150383 0.907760 -0.391607
vn -0.172509 0.879059 -0.444406
vn -0.041991 0.873227 -0.485501
vn 0.221087 0.868478 -0.443696
vn 0.245558 0.865245 -0.437096
vn 0.066628 0.847796 -0.526121
vn 0.064607 0.847722 -0.526492
vn 0.076695 0.857568 -0.508620
vn 0.027084 0.890561 -0.454056
vn 0.012737 0.900175 -0.435341
vn 0.250183 0.878763 -0.406428
vn 0.092704 0.920413 -0.379797
vn 0.332249 0.885073 -0.325970
vn 0.348779 0.882715 -0.314908
vn 0.336225 0.893047 -0.299032
vn 0.256167 0.910042 -0.325886
vn 0.188166 0.927118 -0.324107
vn 0.213117 0.937957 -0.273529
vn 0.219915 0.944875 -0.242589
vn 0.186974 0.956949 -0.222011
vn 0.159448 0.964287 -0.211486
vn 0.162982 0.967682 -0.192428
vn -0.074587 0.978244 -0.193586
vn -0.084791 0.976380 -0.198728
vn -0.164572 0.968333 -0.187745
vn -0.184076 0.963212 -0.195801
vn -0.175901 0.951545 -0.252231
vn -0.173843 0.940215 -0.292873
vn -0.179454 0.937537 -0.298028
vn -0.141018 0.940441 -0.309330
vn -0.205739 0.926465 -0.315172
vn -0.191176 0.893721 -0.405851
vn -0.370844 0.858063 -0.355249
vn -0.436201 0.818418 -0.374059
vn -0.500507 0.775080 -0.385673
vn -0.563002 0.729128 -0.389103
vn -0.606321 0.696036 -0.384589
vn -0.614016 0.692851 -0.378077
vn -0.572172 0.728361 -0.376974
vn -0.368157 0.822613 -0.433322
vn 0.148347 0.860414 -0.487525
vn 0.198433 0.883190 -0.424971
vn 0.069852 0.877705 -0.474084
vn 0.049910 0.844891 -0.532605
vn 0.075154 0.828513 -0.554904
vn -0.025231 0.804415 -0.593532
vn -0.348582 0.747378 -0.565611
vn -0.539375 0.699058 -0.469459
vn -0.309694 0.718293 -0.623012
vn -0.258554 0.736396 -0.625196
vn -0.047239 0.777209 -0.627466
vn 0.210088 0.763770 -0.610342
vn 0.252011 0.761850 -0.596721
vn 0.300776 0.766875 -0.566954
vn 0.174463 0.776877 -0.605000
vn 0.296432 0.756463 -0.583002
vn 0.222059 0.772119 -0.595418
vn 0.260572 0.841440 -0.473371
vn 0.413859 0.896602 -0.157562
vn 0.515959 0.856268 -0.024334
vn 0.506956 0.856981 -0.092625
vn 0.372433 0.919964 -0.122309
vn 0.224064 0.958007 -0.178934
vn 0.157196 0.955223 -0.250676
vn -0.061715 0.937316 -0.342972
vn -0.227469 0.875659 -0.426005
vn -0.227507 0.849735 -0.475596
vn 0.001512 0.882858 -0.469637
vn 0.254884 0.883834 -0.392265
vn 0.147863 0.872335 -0.466014
vn 0.109085 0.888274 -0.446172
vn 0.083507 0.897096 -0.433873
vn 0.108317 0.897435 -0.427643
vn 0.069450 0.915085 -0.397236
vn 0.044255 0.929654 -0.365765
vn 0.250691 0.899973 -0.356656
vn 0.114918 0.917576 -0.380590
vn 0.347168 0.873109 -0.342279
vn 0.364331 0.874492 -0.320197
vn 0.302716 0.899096 -0.316212
vn 0.237912 0.891233 -0.386137
vn 0.273943 0.911775 -0.305978
vn 0.252829 0.942117 -0.220210
vn 0.253230 0.951252 -0.176053
vn 0.211596 0.965415 -0.152320
vn 0.197625 0.970191 -0.140261
vn 0.151717 0.975493 -0.159358
vn -0.083384 0.970941 -0.224323
vn -0.075015 0.966712 -0.244625
vn -0.147896 0.963277 -0.224109
vn -0.192791 0.958333 -0.210785
vn -0.225749 0.949769 -0.216739
vn -0.208272 0.947069 -0.244302
vn -0.199147 0.947195 -0.251322
vn -0.158217 0.943856 -0.290005
vn -0.225920 0.925147 -0.305063
vn -0.248128 0.903397 -0.349722
vn -0.386219 0.845130 -0.369580
vn -0.452089 0.817152 -0.357599
vn -0.523355 0.779344 -0.344562
vn -0.588053 0.739231 -0.328224
vn -0.628729 0.707774 -0.322112
vn -0.624231 0.706519 -0.333416
vn -0.565671 0.742424 -0.358918
vn -0.399830 0.825508 -0.398338
vn 0.150218 0.870089 -0.469446
vn 0.150694 0.840652 -0.520188
vn 0.021268 0.822762 -0.567988
vn 0.041088 0.835178 -0.548443
vn 0.035772 0.835423 -0.548443
vn -0.144756 0.798708 -0.584047
vn -0.335759 0.696989 -0.633618
vn -0.418995 0.715142 -0.559477
vn -0.436044 0.764019 -0.475541
vn -0.177879 0.832529 -0.524648
vn -0.045044 0.914913 -0.401130
vn 0.264852 0.895117 -0.358635
vn 0.286696 0.863999 -0.413896
vn 0.321490 0.848013 -0.421328
vn 0.157188 0.848304 -0.505640
vn 0.316049 0.839837 -0.441346
vn 0.472448 0.850387 -0.231591
vn 0.517673 0.855568 -0.004153
vn 0.530050 0.846142 0.055597
vn 0.476177 0.878933 0.027046
vn 0.425214 0.904819 -0.022276
vn 0.369210 0.922942 -0.108911
vn 0.169413 0.979232 -0.111375
vn 0.056809 0.961104 -0.270282
vn -0.185583 0.908027 -0.375560
vn -0.295017 0.843511 -0.448837
vn -0.219883 0.864082 -0.452785
vn 0.100828 0.917646 -0.384395
vn 0.193250 0.882416 -0.428947
vn 0.192369 0.899037 -0.393353
vn 0.111383 0.909868 -0.399666
vn 0.095514 0.911404 -0.400274
vn 0.130127 0.928845 -0.346863
vn 0.122518 0.934447 -0.334362
vn 0.065318 0.946993 -0.314543
vn 0.197304 0.928697 -0.313996
vn 0.153600 0.926973 -0.342241
vn 0.369404 0.895336 -0.248825
vn 0.377054 0.890955 -0.253040
vn 0.311879 0.927411 -0.206495
vn 0.352592 0.927097 -0.127160
vn 0.368424 0.928302 -0.050185
vn 0.322406 0.946118 -0.030249
vn 0.275057 0.961416 -0.004872
vn 0.218598 0.975653 0.017750
vn 0.164506 0.986376 0.000570
vn 0.102901 0.991221 -0.083017
vn -0.108408 0.952903 -0.283236
vn -0.065604 0.946261 -0.316680
vn -0.121559 0.945078 -0.303399
vn -0.180980 0.941249 -0.285125
vn -0.207888 0.943965 -0.256345
vn -0.202526 0.954591 -0.218495
vn -0.193691 0.964050 -0.181912
vn -0.206452 0.964601 -0.164079
vn -0.267470 0.949512 -0.163972
vn -0.340156 0.932342 -0.122607
vn -0.431026 0.881627 -0.192224
vn -0.469736 0.846613 -0.250187
vn -0.525566 0.805040 -0.275119
vn -0.588915 0.763022 -0.266413
vn -0.637989 0.734060 -0.232650
vn -0.648337 0.734624 -0.199968
vn -0.605181 0.771487 -0.196375
vn -0.482484 0.841429 -0.243323
vn 0.039771 0.887081 -0.459898
vn 0.048252 0.814214 -0.578557
vn 0.037472 0.801683 -0.596574
vn 0.089786 0.832300 -0.547006
vn -0.013361 0.827342 -0.561540
vn -0.203086 0.775824 -0.597372
vn -0.403362 0.724117 -0.559423
vn -0.285751 0.786498 -0.547510
vn -0.409226 0.816823 -0.406614
vn 0.090780 0.988548 -0.120545
vn 0.239930 0.947805 0.209997
vn 0.111725 0.973935 0.197404
vn 0.145387 0.988252 -0.047123
vn 0.271432 0.945850 -0.178021
vn 0.278984 0.952282 -0.123803
vn 0.544036 0.825587 0.149769
vn 0.585988 0.779053 0.222923
vn 0.546162 0.782355 0.299377
vn 0.501677 0.787627 0.357720
vn 0.440168 0.806333 0.395068
vn 0.344046 0.850815 0.397173
vn 0.314495 0.887285 0.337368
vn -0.005316 0.962835 0.270038
vn -0.235527 0.969376 0.069550
vn -0.328446 0.938149 -0.109546
vn -0.354980 0.924455 -0.139186
vn -0.119401 0.981579 -0.149154
vn 0.055748 0.975172 -0.214317
vn 0.199294 0.923113 -0.328853
vn 0.176848 0.910759 -0.373154
vn 0.114432 0.912426 -0.392918
vn 0.140231 0.922106 -0.360631
vn 0.178648 0.942637 -0.281994
vn 0.133341 0.937505 -0.321409
vn 0.090100 0.957997 -0.272255
vn 0.247607 0.956652 -0.153325
vn 0.292344 0.955712 -0.033903
vn 0.357110 0.934014 -0.009454
vn 0.413475 0.910110 -0.027168
vn 0.387606 0.921538 -0.022989
vn 0.356536 0.932979 0.049322
vn 0.384619 0.922795 0.022755
vn 0.338438 0.940300 0.035992
vn 0.300655 0.952521 0.048065
vn 0.236858 0.969446 0.063811
vn 0.136554 0.988099 0.070812
vn 0.048793 0.997972 0.040891
vn -0.131000 0.940411 -0.313794
vn -0.074888 0.937290 -0.340411
vn -0.104849 0.933464 -0.343004
vn -0.153459 0.931572 -0.329580
vn -0.162453 0.939298 -0.302206
vn -0.154899 0.951100 -0.267237
vn -0.152109 0.962573 -0.224312
vn -0.166417 0.967586 -0.189953
vn -0.201031 0.967077 -0.156040
vn -0.283396 0.957004 -0.061883
vn -0.463030 0.886342 -0.000314
vn -0.545293 0.838017 0.019566
vn -0.595647 0.802804 -0.026668
vn -0.627737 0.772543 -0.095517
vn -0.641341 0.755158 -0.135712
vn -0.635774 0.759712 -0.136489
vn -0.604391 0.787309 -0.121885
vn -0.541017 0.829959 -0.135896
vn -0.294964 0.889152 -0.349865
vn -0.038877 0.829654 -0.556922
vn 0.094715 0.834656 -0.542567
vn 0.122202 0.866315 -0.484318
vn -0.088483 0.857540 -0.506750
vn -0.217733 0.829236 -0.514743
vn -0.345244 0.848444 -0.401184
vn -0.269471 0.871182 -0.410399
vn -0.021995 0.990317 -0.137071
vn 0.338868 0.929390 0.146296
vn 0.206144 0.973350 0.100473
vn 0.037443 0.998481 0.040423
vn 0.113825 0.986493 0.117798
vn 0.272727 0.939939 0.205268
vn 0.405557 0.869714 0.281285
vn 0.578644 0.746096 0.329410
vn 0.581553 0.733628 0.351547
vn 0.569203 0.726107 0.385714
vn 0.512111 0.746527 0.424781
vn 0.423567 0.789993 0.443286
vn 0.277819 0.871221 0.404710
vn 0.206234 0.935393 0.287243
vn -0.077383 0.974369 0.211227
vn -0.252425 0.948873 0.189528
vn -0.334301 0.924265 0.184328
vn -0.356390 0.918573 0.170909
vn -0.215541 0.965573 0.145643
vn -0.160343 0.983957 0.078227
vn 0.003717 0.994306 -0.106499
vn 0.117762 0.966593 -0.227662
vn 0.141618 0.944244 -0.297234
vn 0.220473 0.943058 -0.249065
vn 0.160278 0.950512 -0.266153
vn 0.140133 0.938749 -0.314821
vn 0.281778 0.949345 -0.139084
vn 0.337601 0.941252 -0.008348
vn 0.354488 0.931851 0.077412
vn 0.373072 0.913920 0.159896
vn 0.397903 0.894475 0.203931
vn 0.437074 0.877704 0.196476
vn 0.309030 0.912661 0.267490
vn 0.352046 0.917429 0.185438
vn 0.320080 0.939713 0.120371
vn 0.296412 0.952564 0.068998
vn 0.234598 0.971214 0.041314
vn 0.125754 0.991774 0.023881
vn 0.033040 0.999381 0.012074
vn -0.133061 0.952158 -0.275119
vn -0.113870 0.949318 -0.292965
vn -0.111072 0.941677 -0.317658
vn -0.147866 0.933771 -0.325895
vn -0.147094 0.928169 -0.341855
vn -0.122950 0.929034 -0.348969
vn -0.114385 0.935013 -0.335658
vn -0.128883 0.938348 -0.320769
vn -0.162508 0.944287 -0.286205
vn -0.216398 0.951316 -0.219477
vn -0.383652 0.907834 -0.169263
vn -0.507494 0.859172 -0.065376
vn -0.609124 0.793070 0.002757
vn -0.660402 0.750821 0.011739
vn -0.666985 0.745025 -0.008331
vn -0.647325 0.761735 -0.027031
vn -0.616526 0.785851 -0.048304
vn -0.575703 0.811273 -0.101996
vn -0.507598 0.840762 -0.188317
vn -0.154171 0.887348 -0.434562
vn 0.212942 0.896496 -0.388523
vn 0.190593 0.927735 -0.320907
vn -0.107972 0.925722 -0.362464
vn -0.245538 0.891008 -0.381858
vn -0.309540 0.882488 -0.354118
vn -0.063061 0.990985 -0.118204
vn 0.247561 0.957119 0.150453
vn 0.251675 0.967652 0.017588
vn 0.142472 0.986220 -0.084095
vn 0.063675 0.988231 -0.139084
vn 0.257518 0.962800 -0.081854
vn 0.386565 0.911868 0.138075
vn 0.529081 0.794747 0.297407
vn 0.598211 0.713302 0.365163
vn 0.577951 0.710440 0.401556
vn 0.573875 0.700823 0.423692
vn 0.498654 0.749988 0.434582
vn 0.365606 0.849283 0.380856
vn 0.136273 0.952975 0.270681
vn 0.060311 0.993702 0.094439
vn -0.127693 0.991762 -0.010119
vn -0.285174 0.949499 -0.130874
vn -0.357053 0.916073 -0.182546
vn -0.371209 0.914094 -0.163206
vn -0.200069 0.974743 -0.099236
vn -0.148055 0.988500 -0.030783
vn 0.039537 0.986998 0.155795
vn 0.046671 0.981602 0.185147
vn 0.028301 0.986489 0.161363
vn 0.149095 0.985721 -0.078258
vn 0.068490 0.971243 -0.228027
vn 0.293637 0.950238 -0.104042
vn 0.414805 0.909451 0.028924
vn 0.428398 0.894000 0.131297
vn 0.428637 0.877371 0.215615
vn 0.384765 0.873968 0.296878
vn 0.411460 0.872819 0.262466
vn 0.421332 0.873320 0.244524
vn 0.355540 0.899189 0.255049
vn 0.253066 0.937516 0.238792
vn 0.229271 0.964258 0.132820
vn 0.227457 0.973015 0.038800
vn 0.198128 0.980062 -0.014944
vn 0.116796 0.992825 -0.025654
vn 0.033123 0.999318 -0.016325
vn -0.096803 0.982179 -0.161103
vn -0.209781 0.976533 -0.048729
vn -0.169025 0.976559 -0.133277
vn -0.181509 0.953575 -0.240310
vn -0.185546 0.926268 -0.328024
vn -0.137417 0.918635 -0.370440
vn -0.126137 0.909715 -0.395611
vn -0.117930 0.894231 -0.431791
vn -0.071197 0.901466 -0.426955
vn -0.177591 0.904431 -0.387900
vn -0.312546 0.897725 -0.310492
vn -0.413459 0.883204 -0.221367
vn -0.549788 0.830277 -0.091510
vn -0.641452 0.767153 0.003981
vn -0.666935 0.743882 0.042866
vn -0.654085 0.754815 0.049265
vn -0.635046 0.771433 0.040096
vn -0.619154 0.785037 0.019115
vn -0.569190 0.822125 -0.011549
vn -0.346405 0.936864 -0.047854
vn 0.260911 0.937268 -0.231203
vn 0.094031 0.912193 -0.398825
vn -0.125747 0.908825 -0.397774
vn -0.194699 0.920667 -0.338327
vn -0.099358 0.977520 -0.185964
vn 0.217752 0.970476 0.103737
vn 0.151555 0.987921 0.032312
vn 0.129371 0.988734 -0.075293
vn 0.066175 0.983639 -0.167554
vn 0.062249 0.985022 -0.160799
vn 0.464917 0.876199 0.126995
vn 0.513750 0.804514 0.298022
vn 0.606903 0.714072 0.348957
vn 0.621882 0.685055 0.379424
vn 0.594483 0.697339 0.400385
vn 0.574158 0.723956 0.382400
vn 0.442552 0.834330 0.328697
vn 0.229177 0.953461 0.195935
vn 0.011466 0.997132 0.074805
vn -0.098561 0.995130 -0.001334
vn -0.266911 0.948282 -0.171811
vn -0.390324 0.877389 -0.278992
vn -0.323854 0.892283 -0.314562
vn -0.281537 0.926725 -0.248832
vn -0.085978 0.984751 -0.151237
vn 0.022964 0.999542 0.019701
vn 0.117383 0.986103 0.117564
vn 0.054386 0.994227 0.092487
vn -0.016267 0.996483 0.082206
vn -0.055635 0.996711 0.058924
vn 0.123966 0.989381 0.075873
vn 0.407009 0.900229 0.154697
vn 0.471216 0.853927 0.220828
vn 0.456599 0.848218 0.268409
vn 0.456718 0.846763 0.272765
vn 0.439470 0.856598 0.270381
vn 0.338290 0.884377 0.321615
vn 0.369534 0.901873 0.223765
vn 0.355193 0.925034 0.134721
vn 0.173598 0.975929 0.132006
vn 0.154129 0.986648 0.052623
vn 0.181376 0.983148 0.022876
vn 0.185320 0.982630 0.009734
vn 0.120853 0.992666 0.003126
vn 0.036142 0.999335 -0.004731
vn -0.037463 0.998601 0.037315
vn -0.135642 0.986811 0.088344
vn -0.263724 0.960523 0.088575
vn -0.313730 0.948251 0.048931
vn -0.296522 0.954991 0.008154
vn -0.286816 0.954402 -0.082789
vn -0.218975 0.949023 -0.226728
vn -0.172158 0.908099 -0.381729
vn -0.095497 0.865348 -0.491989
vn -0.065725 0.877294 -0.475432
vn -0.214681 0.906898 -0.362558
vn -0.327302 0.905932 -0.268627
vn -0.460778 0.869388 -0.178463
vn -0.590108 0.803030 -0.083155
vn -0.646233 0.762994 -0.014957
vn -0.646552 0.762195 0.032088
vn -0.628772 0.774204 0.072490
vn -0.605738 0.786734 0.118873
vn -0.546388 0.817504 0.182065
vn -0.318886 0.908904 0.268711
vn -0.057402 0.978678 0.197216
vn -0.081614 0.994406 -0.067050
vn -0.113450 0.960328 -0.254752
vn -0.083820 0.964538 -0.250281
vn 0.186464 0.982197 0.022792
vn 0.171044 0.984766 -0.031299
vn 0.077981 0.994148 -0.074763
vn 0.077327 0.995154 -0.060735
vn 0.083849 0.995141 0.051615
vn 0.330604 0.906032 0.264210
vn 0.541767 0.763258 0.352031
vn 0.574697 0.718154 0.392400
vn 0.610171 0.695889 0.378722
vn 0.635243 0.716550 0.288136
vn 0.579474 0.795372 0.177747
vn 0.530738 0.847463 0.011081
vn 0.341163 0.934122 -0.104999
vn 0.141048 0.980010 -0.140308
vn -0.050714 0.984483 -0.167992
vn -0.214315 0.939236 -0.268153
vn -0.327728 0.887345 -0.324365
vn -0.416754 0.844401 -0.336606
vn -0.302408 0.897719 -0.320391
vn -0.191445 0.948708 -0.251597
vn 0.054570 0.989227 -0.135837
vn 0.121245 0.988396 -0.091499
vn 0.097252 0.991383 -0.087755
vn 0.041472 0.995744 -0.082302
vn -0.033600 0.996200 -0.080348
vn 0.045631 0.998872 0.013150
vn 0.226990 0.959426 0.167265
vn 0.454969 0.869017 0.194457
vn 0.512888 0.835527 0.197081
vn 0.473263 0.858538 0.197317
vn 0.432123 0.885783 0.169288
vn 0.440901 0.890500 0.112324
vn 0.358834 0.926468 0.113559
vn 0.289681 0.950607 0.111495
vn 0.291747 0.955343 0.046939
vn 0.173108 0.984051 0.040948
vn 0.118247 0.991566 0.053061
vn 0.170053 0.984684 0.038454
vn 0.169104 0.985309 0.023867
vn 0.106006 0.994316 0.009963
vn 0.029214 0.999566 0.003878
vn -0.049407 0.997875 -0.042487
vn -0.157975 0.985013 -0.069233
vn -0.262580 0.962375 -0.069899
vn -0.314860 0.947070 -0.062626
vn -0.303558 0.950065 -0.072319
vn -0.270414 0.960974 -0.058359
vn -0.306278 0.951882 -0.010665
vn -0.394669 0.918809 0.005191
vn -0.286153 0.942237 -0.174086
vn -0.025615 0.904402 -0.425912
vn -0.084272 0.930403 -0.356720
vn -0.276925 0.923548 -0.265276
vn -0.415157 0.877929 -0.238508
vn -0.538569 0.818789 -0.198817
vn -0.594598 0.794475 -0.123542
vn -0.595669 0.803087 -0.015175
vn -0.577044 0.810623 0.099556
vn -0.547488 0.813628 0.195615
vn -0.480130 0.831364 0.279837
vn -0.325656 0.879747 0.346401
vn -0.217491 0.943723 0.249167
vn -0.223609 0.967058 0.121647
vn -0.258635 0.965676 0.024047
vn 0.083849 0.991121 0.103188
vn 0.224571 0.946105 0.233351
vn -0.025281 0.994418 0.102434
vn 0.129541 0.990647 -0.042874
vn 0.258202 0.953896 0.153016
vn 0.260088 0.931665 0.253684
vn 0.425774 0.840685 0.334611
vn 0.561635 0.781508 0.271681
vn 0.596157 0.785929 0.164052
vn 0.514903 0.855158 0.059829
vn 0.550220 0.820123 -0.157022
vn 0.422756 0.834350 -0.353748
vn 0.422373 0.792039 -0.440766
vn 0.320411 0.825106 -0.465336
vn 0.133478 0.869147 -0.476200
vn -0.097440 0.869174 -0.484811
vn -0.262099 0.828713 -0.494509
vn -0.318260 0.833543 -0.451572
vn -0.373547 0.821025 -0.431719
vn -0.189031 0.917561 -0.349783
vn -0.107460 0.950706 -0.290880
vn 0.082263 0.958925 -0.271468
vn 0.104483 0.946155 -0.306387
vn 0.131326 0.974445 -0.182238
vn 0.154509 0.985857 0.064904
vn 0.116427 0.963500 0.241063
vn 0.152315 0.924314 0.349919
vn 0.270919 0.898801 0.344614
vn 0.329490 0.894920 0.300925
vn 0.476965 0.875089 0.082001
vn 0.439769 0.898110 0.001461
vn 0.404411 0.913377 -0.046848
vn 0.412093 0.907945 -0.076260
vn 0.409363 0.906876 -0.099989
vn 0.296326 0.954334 -0.037902
vn 0.279989 0.959277 -0.037329
vn 0.226560 0.973641 -0.026361
vn 0.120608 0.991251 0.053628
vn 0.143523 0.989222 0.028983
vn 0.158638 0.987210 -0.015847
vn 0.106311 0.993910 -0.029003
vn 0.032230 0.999275 -0.020289
vn -0.089282 0.987305 -0.131367
vn -0.166354 0.968940 -0.182980
vn -0.240715 0.950670 -0.195661
vn -0.289468 0.941303 -0.173657
vn -0.282120 0.951662 -0.121440
vn -0.224746 0.972946 -0.053539
vn -0.230290 0.972716 0.028094
vn -0.351947 0.930478 0.101708
vn -0.417563 0.897203 0.143763
vn -0.312163 0.946382 0.083156
vn -0.041831 0.989769 -0.136409
vn -0.267455 0.956768 -0.114295
vn -0.435416 0.892067 -0.120954
vn -0.525402 0.839403 -0.139123
vn -0.531640 0.839245 -0.114136
vn -0.500912 0.865266 -0.020028
vn -0.493377 0.863101 0.107863
vn -0.490376 0.852088 0.182966
vn -0.435265 0.870262 0.230627
vn -0.338101 0.898363 0.280415
vn -0.306657 0.917252 0.254186
vn -0.347273 0.920115 0.181078
vn -0.288562 0.952441 0.097916
vn 0.278483 0.932643 0.229401
vn 0.227633 0.934783 0.272699
vn -0.173416 0.958463 0.226442
vn 0.107558 0.975757 0.190601
vn 0.281415 0.957403 -0.064696
vn 0.314764 0.944482 -0.094221
vn 0.442279 0.894057 -0.071077
vn 0.512767 0.853018 -0.097112
vn 0.500388 0.843683 -0.194448
vn 0.420789 0.860032 -0.288587
vn 0.382612 0.833916 -0.397734
vn 0.266575 0.824313 -0.499446
vn 0.307998 0.737474 -0.601057
vn 0.257194 0.715437 -0.649617
vn 0.111954 0.727246 -0.677185
vn -0.058295 0.751231 -0.657460
vn -0.191934 0.792987 -0.578215
vn -0.232970 0.827843 -0.510294
vn -0.287195 0.877946 -0.383053
vn -0.115164 0.959799 -0.255973
vn -0.097884 0.950999 -0.293289
vn 0.057999 0.974078 -0.218652
vn 0.359570 0.924366 0.127504
vn 0.402594 0.840645 0.362262
vn 0.258199 0.854347 0.451027
vn 0.166313 0.856641 0.488372
vn 0.161191 0.853077 0.496263
vn 0.276023 0.854007 0.441003
vn 0.150727 0.886725 0.437036
vn 0.328032 0.911124 0.249498
vn 0.374104 0.920811 0.110241
vn 0.365303 0.928864 0.061354
vn 0.355389 0.934639 0.012199
vn 0.365158 0.929107 -0.058474
vn 0.326678 0.941668 -0.080886
vn 0.310881 0.949913 -0.031900
vn 0.272646 0.962113 -0.001780
vn 0.196669 0.980417 0.010228
vn 0.117368 0.992193 0.042166
vn 0.097066 0.994913 0.026959
vn 0.081712 0.996603 -0.010230
vn 0.029786 0.999166 -0.027920
vn -0.151732 0.953221 -0.261434
vn -0.176791 0.932723 -0.314281
vn -0.238864 0.921687 -0.305675
vn -0.248881 0.926621 -0.281835
vn -0.208150 0.948553 -0.238579
vn -0.132963 0.979084 -0.154001
vn -0.147427 0.986638 -0.069363
vn -0.289724 0.957067 0.009129
vn -0.375875 0.922645 0.086280
vn -0.304062 0.940604 0.151029
vn -0.108286 0.976718 0.185194
vn -0.263108 0.949051 0.173425
vn -0.465973 0.873059 0.143656
vn -0.555435 0.826990 0.087059
vn -0.524150 0.849519 0.059862
vn -0.443929 0.892967 0.074410
vn -0.433464 0.895435 0.101514
vn -0.486643 0.865505 0.118660
vn -0.448934 0.888003 0.099544
vn -0.359865 0.931966 0.044006
vn -0.348445 0.937247 -0.012402
vn -0.370137 0.928591 -0.026776
vn -0.136244 0.976700 0.165818
vn 0.311672 0.880939 0.356100
vn 0.135191 0.957640 0.254263
vn -0.114075 0.956211 0.269531
vn -0.029386 0.934045 0.355944
vn -0.065326 0.980809 0.183700
vn 0.275078 0.942139 -0.191589
vn 0.427644 0.875616 -0.224537
vn 0.471661 0.846229 -0.247855
vn 0.428946 0.846565 -0.315171
vn 0.326029 0.865440 -0.380419
vn 0.275634 0.827416 -0.489293
vn 0.113725 0.801114 -0.587608
vn 0.187905 0.724548 -0.663115
vn 0.215436 0.696826 -0.684120
vn 0.126916 0.706649 -0.696089
vn 0.070056 0.767199 -0.637572
vn 0.010126 0.878416 -0.477789
vn -0.109747 0.941605 -0.318332
vn 0.089338 0.963592 0.252012
vn -0.170276 0.951968 0.254484
vn -0.052724 0.965632 0.254510
vn 0.327147 0.857191 0.397741
vn 0.449832 0.767342 0.456986
vn 0.407557 0.784977 0.466592
vn 0.269910 0.837207 0.475639
vn 0.165562 0.863510 0.476382
vn 0.131116 0.878668 0.459077
vn 0.198443 0.897144 0.394656
vn 0.115965 0.937577 0.327873
vn 0.176322 0.930679 0.320543
vn 0.294877 0.916845 0.269152
vn 0.325047 0.919624 0.220538
vn 0.317490 0.930230 0.184043
vn 0.332809 0.930857 0.150807
vn 0.355021 0.925869 0.129331
vn 0.290372 0.947580 0.133328
vn 0.228184 0.971059 0.070544
vn 0.145361 0.989359 0.006228
vn 0.123360 0.991899 -0.030294
vn 0.124656 0.991995 -0.020150
vn 0.088925 0.996031 0.003935
vn 0.017504 0.999842 0.002937
vn -0.211131 0.906585 -0.365414
vn -0.162713 0.895343 -0.414591
vn -0.196579 0.899606 -0.389956
vn -0.197718 0.918170 -0.343323
vn -0.145465 0.945234 -0.292185
vn -0.022523 0.974324 -0.224020
vn -0.102518 0.983185 -0.151123
vn -0.210462 0.969335 -0.126866
vn -0.282498 0.958726 -0.032224
vn -0.238540 0.967485 0.084090
vn -0.134625 0.980132 0.145661
vn -0.245037 0.959238 0.140782
vn -0.479739 0.864767 0.148421
vn -0.575866 0.807097 0.130275
vn -0.518220 0.843802 0.139448
vn -0.445319 0.873188 0.198075
vn -0.479306 0.874818 0.070426
vn -0.493660 0.869621 0.007763
vn -0.436961 0.898412 0.043826
vn -0.404886 0.908997 0.098951
vn -0.407401 0.911282 0.059910
vn -0.309970 0.949331 0.051851
vn 0.229921 0.935908 0.266857
vn 0.231121 0.946068 0.227020
vn 0.091363 0.983732 0.154674
vn 0.063247 0.948307 0.310990
vn -0.011089 0.915513 0.402136
vn -0.236186 0.891126 0.387442
vn 0.010091 0.957480 0.288322
vn 0.393001 0.894587 0.212752
vn 0.361470 0.927455 0.095744
vn 0.347814 0.914214 -0.207938
vn 0.241571 0.896205 -0.372103
vn 0.151589 0.873035 -0.463497
vn -0.001195 0.830041 -0.557701
vn 0.134679 0.788839 -0.599663
vn 0.227099 0.763612 -0.604420
vn 0.254182 0.804755 -0.536433
vn 0.280334 0.888869 -0.362388
vn 0.325819 0.940004 -0.101165
vn 0.344338 0.899670 0.268374
vn 0.121238 0.960762 0.249474
vn -0.149659 0.953880 0.260221
vn 0.084316 0.913190 0.398717
vn 0.403704 0.784218 0.471194
vn 0.437232 0.774229 0.457599
vn 0.369242 0.838873 0.399940
vn 0.244020 0.909276 0.337151
vn 0.156900 0.936729 0.312925
vn 0.110295 0.945577 0.306137
vn 0.099494 0.951426 0.291358
vn 0.114769 0.980983 0.156528
vn 0.213638 0.970511 0.111659
vn 0.280654 0.953075 0.113495
vn 0.301452 0.946285 0.116924
vn 0.294866 0.947733 0.121885
vn 0.299748 0.947666 0.109908
vn 0.321303 0.944835 0.063646
vn 0.278307 0.960162 0.025186
vn 0.171027 0.985255 0.004749
vn 0.118432 0.992854 -0.014643
vn 0.110451 0.993561 -0.025247
vn 0.117618 0.992341 -0.037756
vn 0.083258 0.996062 -0.030465
vn 0.017269 0.999750 -0.014199
vn -0.251764 0.893028 -0.372983
vn -0.171724 0.887778 -0.427037
vn -0.153681 0.887731 -0.433953
vn -0.129997 0.905648 -0.403611
vn -0.106734 0.926258 -0.361461
vn 0.049517 0.933476 -0.355206
vn -0.059162 0.948766 -0.310390
vn -0.178643 0.948728 -0.260773
vn -0.198363 0.955748 -0.217249
vn -0.129851 0.984372 -0.118956
vn -0.063401 0.997956 0.007956
vn -0.214610 0.975614 0.046038
vn -0.466446 0.882880 0.054325
vn -0.569726 0.818833 0.070170
vn -0.463285 0.878301 0.118125
vn -0.485119 0.861717 0.148675
vn -0.513534 0.840461 0.172941
vn -0.519189 0.838666 0.164566
vn -0.426056 0.897648 0.112719
vn -0.265386 0.902307 0.339724
vn -0.377990 0.846323 0.375313
vn -0.268012 0.899749 0.344414
vn 0.115642 0.984895 0.128871
vn 0.209778 0.976081 0.057084
vn 0.204875 0.963223 0.173862
vn 0.201236 0.939699 0.276532
vn 0.019612 0.955832 0.293257
vn -0.237088 0.914312 0.328364
vn 0.014567 0.924037 0.382024
vn 0.330929 0.881609 0.336529
vn 0.200825 0.951274 0.233981
vn -0.012641 0.991395 0.130293
vn 0.091230 0.982475 -0.162539
vn 0.070649 0.962310 -0.262618
vn -0.081535 0.942775 -0.323306
vn 0.133089 0.930211 -0.342046
vn 0.376655 0.874211 -0.306409
vn 0.483167 0.856719 -0.180506
vn 0.468855 0.873893 -0.128399
vn 0.504563 0.862784 0.031943
vn 0.336227 0.938717 0.075904
vn 0.075021 0.996187 0.044535
vn 0.010575 0.987820 0.155243
vn 0.256727 0.901713 0.347859
vn 0.432682 0.836567 0.336068
vn 0.399920 0.878522 0.261271
vn 0.306873 0.933431 0.185839
vn 0.208580 0.964881 0.159682
vn 0.155479 0.973906 0.165329
vn 0.124319 0.976395 0.176629
vn 0.051242 0.979381 0.195417
vn -0.016448 0.986046 0.165660
vn 0.081752 0.989357 0.120371
vn 0.272079 0.960680 -0.055379
vn 0.330281 0.938376 -0.101805
vn 0.313614 0.942943 -0.111825
vn 0.287111 0.949929 -0.123296
vn 0.270223 0.951224 -0.148835
vn 0.254007 0.948246 -0.190551
vn 0.204321 0.964991 -0.164457
vn 0.113988 0.986697 -0.115909
vn 0.082276 0.988894 -0.123774
vn 0.125600 0.979645 -0.156592
vn 0.125168 0.984004 -0.126765
vn 0.039558 0.996577 -0.072597
vn -0.256130 0.966491 -0.017113
vn -0.340997 0.934995 -0.097493
vn -0.174657 0.935481 -0.307198
vn -0.089154 0.898318 -0.430206
vn -0.100402 0.905675 -0.411914
vn 0.038868 0.895163 -0.444041
vn 0.005778 0.901292 -0.433174
vn -0.108500 0.925535 -0.362786
vn -0.101031 0.952208 -0.288260
vn 0.026920 0.992650 -0.117988
vn -0.029251 0.998382 -0.048769
vn -0.234487 0.967456 -0.095099
vn -0.467149 0.876995 -0.112479
vn -0.564114 0.818770 -0.106733
vn -0.458499 0.877973 -0.137628
vn -0.432676 0.894519 -0.112366
vn -0.478454 0.877665 -0.028026
vn -0.477905 0.876150 0.062986
vn -0.195749 0.912203 0.359954
vn -0.179894 0.869652 0.459721
vn -0.389032 0.806934 0.444423
vn -0.388901 0.824084 0.411875
vn -0.122711 0.960570 0.249493
vn 0.283937 0.951878 0.115364
vn 0.267702 0.945426 0.185757
vn 0.184253 0.972468 0.142675
vn 0.018486 0.995913 0.088402
vn -0.157127 0.979579 0.125444
vn 0.005043 0.991585 0.129358
vn 0.250556 0.968090 0.004797
vn 0.115778 0.992511 -0.038950
vn -0.020817 0.998843 -0.043342
vn -0.040052 0.998868 -0.025663
vn -0.003118 0.996772 -0.080218
vn -0.082809 0.989145 -0.121387
vn -0.000920 0.974919 -0.222559
vn 0.245561 0.861771 -0.443904
vn 0.384609 0.759072 -0.525248
vn 0.451672 0.701034 -0.551855
vn 0.511821 0.709174 -0.484883
vn 0.382314 0.833290 -0.399330
vn 0.135510 0.951570 -0.275957
vn 0.168567 0.954275 -0.246869
vn 0.335240 0.930109 -0.150041
vn 0.422624 0.894180 -0.147755
vn 0.359227 0.923095 -0.137300
vn 0.287624 0.949602 -0.124613
vn 0.242548 0.966813 -0.080271
vn 0.198279 0.980139 -0.003562
vn 0.139812 0.988586 0.056129
vn 0.056021 0.996292 0.065303
vn 0.050031 0.991681 0.118596
vn 0.078179 0.979378 0.186296
vn 0.134761 0.967212 0.215268
vn 0.229677 0.966721 0.112688
vn 0.254010 0.967169 0.007999
vn 0.254687 0.965608 -0.052306
vn 0.255605 0.963654 -0.077700
vn 0.248114 0.964506 -0.090375
vn 0.225401 0.967048 -0.118377
vn 0.151606 0.980357 -0.126159
vn 0.052097 0.995069 -0.084398
vn 0.151427 0.988190 -0.023472
vn 0.137607 0.989437 -0.045600
vn 0.059273 0.993062 -0.101556
vn -0.227912 0.927109 0.297533
vn -0.412019 0.862735 0.293135
vn -0.453329 0.869796 0.194801
vn -0.361539 0.931395 -0.042346
vn -0.107641 0.919437 -0.378219
vn -0.000110 0.898592 -0.438784
vn 0.071949 0.920046 -0.385148
vn -0.041374 0.937273 -0.346133
vn 0.030623 0.945754 -0.323437
vn 0.153585 0.970244 -0.187187
vn -0.062066 0.981582 -0.180680
vn -0.273326 0.937543 -0.215189
vn -0.458281 0.864198 -0.207702
vn -0.543537 0.826200 -0.148195
vn -0.487475 0.866884 -0.104305
vn -0.373778 0.915005 -0.151843
vn -0.420811 0.904615 -0.067745
vn -0.314235 0.947908 0.052217
vn 0.046959 0.951853 0.302937
vn -0.172295 0.935026 0.309904
vn -0.371909 0.858422 0.353264
vn -0.450762 0.823319 0.344906
vn -0.383345 0.882415 0.272746
vn 0.294549 0.944191 0.147462
vn 0.251257 0.946749 0.201337
vn 0.075393 0.996964 0.019471
vn -0.017472 0.996558 -0.081037
vn -0.182575 0.963942 -0.193603
vn -0.147457 0.944372 -0.293969
vn 0.192144 0.897436 -0.397102
vn 0.119082 0.894413 -0.431098
vn -0.034611 0.886915 -0.460634
vn -0.046027 0.869876 -0.491118
vn -0.060493 0.836699 -0.544311
vn -0.133767 0.781083 -0.609931
vn -0.134761 0.745685 -0.652529
vn 0.025360 0.703506 -0.710236
vn 0.250581 0.626639 -0.737925
vn 0.301270 0.588602 -0.750189
vn 0.477212 0.536381 -0.696107
vn 0.432192 0.601790 -0.671609
vn 0.211669 0.733211 -0.646218
vn 0.164928 0.785557 -0.596405
vn 0.314271 0.805766 -0.501970
vn 0.396840 0.777153 -0.488418
vn 0.373367 0.814172 -0.444659
vn 0.304661 0.857995 -0.413554
vn 0.272629 0.873138 -0.404108
vn 0.260174 0.892138 -0.369324
vn 0.225792 0.937182 -0.265909
vn 0.095310 0.970140 -0.223034
vn 0.149273 0.983858 -0.098692
vn 0.144192 0.989392 -0.017686
vn 0.161965 0.986295 0.031446
vn 0.183502 0.981351 0.057247
vn 0.201954 0.977781 0.056201
vn 0.221834 0.974184 0.041885
vn 0.236459 0.971379 0.022574
vn 0.227727 0.973593 0.016056
vn 0.187714 0.982070 0.017365
vn 0.149100 0.988792 0.007751
vn 0.149922 0.988611 0.013121
vn 0.147970 0.988771 0.020902
vn 0.089790 0.995931 0.007749
vn 0.025091 0.999657 -0.007560
vn -0.177058 0.958735 0.222438
vn -0.409279 0.865190 0.289720
vn -0.496738 0.825369 0.268362
vn -0.503736 0.839088 0.205383
vn -0.440095 0.895599 0.064957
vn -0.047582 0.972366 -0.228560
vn 0.066929 0.936426 -0.344421
vn -0.016101 0.932267 -0.361411
vn 0.099787 0.941381 -0.322249
vn 0.175809 0.936090 -0.304675
vn -0.069203 0.943751 -0.323334
vn -0.295548 0.904211 -0.308310
vn -0.416391 0.859405 -0.296720
vn -0.469400 0.853647 -0.225723
vn -0.432141 0.895969 -0.102438
vn -0.361176 0.932131 0.026144
vn -0.311361 0.942113 0.124410
vn -0.169921 0.953922 0.247306
vn -0.007924 0.991088 0.132976
vn -0.125128 0.989883 0.066890
vn -0.362202 0.929782 0.065681
vn -0.508532 0.859795 0.046342
vn -0.393828 0.917682 0.052534
vn 0.297799 0.901639 0.313628
vn 0.162600 0.963361 0.213301
vn -0.164799 0.980723 0.104994
vn -0.181070 0.964153 -0.193965
vn -0.306397 0.869070 -0.388379
vn -0.232462 0.842679 -0.485647
vn 0.029170 0.774755 -0.631589
vn 0.025202 0.700457 -0.713249
vn -0.081521 0.650956 -0.754725
vn -0.092469 0.616810 -0.781662
vn -0.135772 0.564371 -0.814280
vn -0.157073 0.524370 -0.836877
vn -0.110104 0.514872 -0.850167
vn -0.037854 0.521504 -0.852408
vn 0.209724 0.502925 -0.838500
vn 0.192031 0.510771 -0.837996
vn 0.430243 0.458752 -0.777456
vn 0.419087 0.471913 -0.775670
vn 0.273828 0.540199 -0.795741
vn 0.263894 0.614789 -0.743233
vn 0.324795 0.677974 -0.659438
vn 0.380694 0.681724 -0.624759
vn 0.380324 0.709145 -0.593690
vn 0.278978 0.748586 -0.601490
vn 0.233560 0.751280 -0.617274
vn 0.270213 0.746781 -0.607703
vn 0.283381 0.787183 -0.547758
vn 0.121071 0.822646 -0.555513
vn 0.234587 0.852948 -0.466314
vn 0.186112 0.898870 -0.396730
vn 0.197086 0.917248 -0.346140
vn 0.205689 0.926375 -0.315472
vn 0.214829 0.931774 -0.292652
vn 0.218196 0.937320 -0.271702
vn 0.224298 0.937970 -0.264390
vn 0.233228 0.937740 -0.257388
vn 0.214256 0.949211 -0.230417
vn 0.174485 0.967631 -0.182335
vn 0.148980 0.978479 -0.142771
vn 0.132435 0.982423 -0.131551
vn 0.092090 0.988799 -0.117458
vn 0.043618 0.996076 -0.077006
vn -0.103971 0.990432 0.090742
vn -0.364443 0.914622 0.175064
vn -0.514060 0.834056 0.200229
vn -0.554012 0.813478 0.176986
vn -0.533871 0.839584 0.100398
vn -0.301372 0.952869 0.034876
vn -0.096375 0.942922 -0.318764
vn 0.002436 0.955924 -0.293605
vn 0.092065 0.931502 -0.351893
vn 0.134395 0.909596 -0.393157
vn -0.058985 0.908332 -0.414070
vn -0.296735 0.874031 -0.384730
vn -0.388813 0.834742 -0.389911
vn -0.368994 0.864267 -0.341886
vn -0.264823 0.945536 -0.189292
vn -0.191329 0.980348 0.048064
vn -0.255648 0.951238 0.172599
vn -0.223952 0.971277 0.080410
vn -0.163987 0.984805 -0.057153
vn -0.228530 0.951719 -0.204952
vn -0.393351 0.862528 -0.318309
vn -0.463124 0.831026 -0.308077
vn -0.011869 0.997272 0.072854
vn 0.300330 0.931383 0.205738
vn 0.046340 0.996403 0.070949
vn -0.275935 0.960969 0.019956
vn -0.474805 0.866365 -0.154827
vn -0.478609 0.787303 -0.388700
vn -0.353610 0.741234 -0.570555
vn -0.177095 0.661062 -0.729133
vn -0.098891 0.588914 -0.802123
vn -0.143662 0.537792 -0.830747
vn -0.155128 0.504408 -0.849416
vn -0.189559 0.467808 -0.863263
vn -0.172444 0.450743 -0.875839
vn -0.095169 0.450212 -0.887836
vn -0.015892 0.456487 -0.889588
vn 0.219273 0.456611 -0.862221
vn 0.170926 0.469838 -0.866047
vn 0.391046 0.432006 -0.812683
vn 0.407859 0.427965 -0.806534
vn 0.338407 0.462279 -0.819621
vn 0.403333 0.524455 -0.749846
vn 0.358391 0.595034 -0.719368
vn 0.386232 0.620067 -0.682892
vn 0.375177 0.640603 -0.669977
vn 0.241807 0.671298 -0.700634
vn 0.192898 0.670919 -0.716002
vn 0.264504 0.657791 -0.705230
vn 0.267574 0.671216 -0.691284
vn 0.161940 0.707632 -0.687774
vn 0.286193 0.696290 -0.658235
vn 0.237553 0.755530 -0.610527
vn 0.226196 0.804847 -0.548687
vn 0.229117 0.826819 -0.513689
vn 0.219171 0.843332 -0.490668
vn 0.208247 0.857458 -0.470530
vn 0.215503 0.856625 -0.468777
vn 0.230471 0.861124 -0.453153
vn 0.232182 0.870334 -0.434292
vn 0.207208 0.890972 -0.404021
vn 0.174938 0.913245 -0.367940
vn 0.157727 0.929962 -0.332104
vn 0.118080 0.948338 -0.294468
vn 0.102117 0.969120 -0.224453
vn -0.090421 0.994530 -0.052285
vn -0.332147 0.938073 -0.098478
vn -0.506552 0.857829 -0.086797
vn -0.585862 0.808606 -0.054056
vn -0.556813 0.830403 -0.019782
vn -0.464940 0.883314 -0.059895
vn -0.257104 0.922418 -0.288172
vn -0.002149 0.916536 -0.399946
vn 0.031082 0.914117 -0.404258
vn 0.074409 0.886780 -0.456163
vn -0.059125 0.879125 -0.472909
vn -0.299386 0.834314 -0.462913
vn -0.362863 0.812907 -0.455534
vn -0.225192 0.893302 -0.388973
vn 0.001343 0.993639 -0.112603
vn -0.042804 0.998219 0.041552
vn -0.256334 0.964286 0.066668
vn -0.385126 0.921683 0.046679
vn -0.300830 0.945110 -0.127546
vn -0.383000 0.886940 -0.258165
vn -0.450703 0.812108 -0.370605
vn -0.227480 0.883816 -0.408807
vn 0.305887 0.948802 -0.078792
vn 0.201739 0.971610 -0.123594
vn -0.042523 0.985539 -0.164028
vn -0.357583 0.884766 -0.298870
vn -0.562153 0.741034 -0.367224
vn -0.584623 0.671741 -0.454951
vn -0.505925 0.647432 -0.569975
vn -0.364517 0.620315 -0.694505
vn -0.216508 0.571843 -0.791278
vn -0.216560 0.531200 -0.819102
vn -0.226582 0.501639 -0.834877
vn -0.244875 0.474672 -0.845413
vn -0.200983 0.465051 -0.862168
vn -0.106487 0.464606 -0.879092
vn 0.001984 0.463351 -0.886173
vn 0.232704 0.457640 -0.858146
vn 0.180658 0.463866 -0.867289
vn 0.369849 0.430114 -0.823537
vn 0.412794 0.419323 -0.808560
vn 0.417091 0.436943 -0.796942
vn 0.552763 0.492245 -0.672419
vn 0.405287 0.554106 -0.727123
vn 0.412042 0.598135 -0.687355
vn 0.378102 0.618822 -0.688548
vn 0.227901 0.651771 -0.723364
vn 0.183643 0.660562 -0.727965
vn 0.271208 0.648896 -0.710901
vn 0.273949 0.629744 -0.726893
vn 0.228430 0.692040 -0.684763
vn 0.302387 0.727299 -0.616115
vn 0.308252 0.713248 -0.629490
vn 0.243829 0.695819 -0.675562
vn 0.179148 0.685409 -0.705777
vn 0.211726 0.692421 -0.689729
vn 0.219332 0.717849 -0.660747
vn 0.173157 0.770843 -0.613040
vn 0.222474 0.753510 -0.618650
vn 0.235519 0.765038 -0.599372
vn 0.224923 0.788228 -0.572805
vn 0.203234 0.816138 -0.540938
vn 0.190501 0.842735 -0.503495
vn 0.143760 0.871987 -0.467945
vn 0.176963 0.901707 -0.394474
vn -0.085893 0.907398 -0.411401
vn -0.370398 0.867510 -0.332011
vn -0.458183 0.836800 -0.299722
vn -0.521355 0.812574 -0.260599
vn -0.506550 0.819027 -0.269448
vn -0.539993 0.789084 -0.292838
vn -0.410947 0.884908 -0.219229
vn -0.038163 0.892093 -0.450238
vn -0.005264 0.876109 -0.482084
vn 0.024157 0.853834 -0.519985
vn -0.068338 0.833332 -0.548532
vn -0.294158 0.793413 -0.532885
vn -0.303014 0.808894 -0.503858
vn 0.067094 0.938343 -0.339131
vn 0.202864 0.975511 -0.084998
vn -0.012070 0.999471 -0.030212
vn -0.210092 0.977102 0.033656
vn -0.379218 0.917442 0.120393
vn -0.462593 0.880111 0.106829
vn -0.481129 0.870037 -0.107472
vn -0.549234 0.823503 -0.142076
vn -0.204863 0.928088 -0.310942
vn 0.300646 0.868810 -0.393424
vn 0.176324 0.885673 -0.429527
vn -0.136905 0.864656 -0.483350
vn -0.447284 0.728530 -0.518826
vn -0.555925 0.638793 -0.531875
vn -0.611416 0.600845 -0.514933
vn -0.537774 0.608708 -0.583330
vn -0.479451 0.620597 -0.620472
vn -0.347340 0.602969 -0.718180
vn -0.299617 0.579324 -0.758032
vn -0.309739 0.553552 -0.773073
vn -0.320110 0.529426 -0.785645
vn -0.256148 0.520739 -0.814383
vn -0.142091 0.519089 -0.842827
vn -0.002532 0.513177 -0.858279
vn 0.237841 0.492858 -0.836973
vn 0.182819 0.487938 -0.853518
vn 0.362475 0.448558 -0.816950
vn 0.437687 0.430158 -0.789553
vn 0.598983 0.438136 -0.670266
vn 0.534353 0.467426 -0.704259
vn 0.507633 0.527279 -0.681385
vn 0.454300 0.591519 -0.666121
vn 0.394975 0.624204 -0.674065
vn 0.248895 0.667734 -0.701557
vn 0.201757 0.688857 -0.696255
vn 0.270316 0.676908 -0.684635
vn 0.246733 0.655273 -0.713961
vn 0.289554 0.630776 -0.719917
vn 0.239301 0.604307 -0.759966
vn 0.165194 0.587489 -0.792192
vn 0.167196 0.596904 -0.784698
vn 0.213717 0.625464 -0.750413
vn 0.229817 0.642157 -0.731313
vn 0.222633 0.637299 -0.737756
vn 0.241858 0.653534 -0.717215
vn 0.205991 0.686670 -0.697174
vn 0.251851 0.689746 -0.678838
vn 0.257301 0.718199 -0.646519
vn 0.243576 0.751169 -0.613527
vn 0.232653 0.782840 -0.577091
vn 0.170129 0.817401 -0.550375
vn 0.233057 0.838022 -0.493359
vn -0.044013 0.841257 -0.538841
vn -0.301537 0.724217 -0.620150
vn -0.365238 0.721406 -0.588366
vn -0.435691 0.718360 -0.542339
vn -0.450769 0.761044 -0.466497
vn -0.393465 0.848004 -0.355069
vn -0.340101 0.917711 -0.205276
vn -0.315448 0.930560 -0.185881
vn -0.077012 0.898151 -0.432889
vn -0.076493 0.836809 -0.542126
vn -0.078335 0.791419 -0.606234
vn -0.256599 0.773223 -0.579899
vn -0.199536 0.818213 -0.539178
vn 0.354251 0.865139 -0.355023
vn 0.281598 0.923167 -0.261660
vn 0.053142 0.985385 -0.161839
vn -0.135302 0.982534 -0.127753
vn -0.299363 0.951299 -0.073564
vn -0.483211 0.875472 0.007515
vn -0.593607 0.804323 0.026380
vn -0.586932 0.807818 -0.054242
vn -0.470467 0.870767 -0.142919
vn 0.171010 0.830263 -0.530489
vn 0.086191 0.789865 -0.607194
vn -0.186752 0.753171 -0.630759
vn -0.461259 0.666508 -0.585668
vn -0.552567 0.633715 -0.541365
vn -0.612164 0.624916 -0.484495
vn -0.601411 0.679923 -0.419534
vn -0.601139 0.678534 -0.422165
vn -0.502072 0.672333 -0.543959
vn -0.386557 0.660404 -0.643771
vn -0.401179 0.641849 -0.653518
vn -0.428436 0.623224 -0.654244
vn -0.355270 0.625075 -0.695028
vn -0.211070 0.631142 -0.746397
vn -0.032054 0.618122 -0.785429
vn 0.224131 0.575842 -0.786239
vn 0.170097 0.550640 -0.817229
vn 0.373882 0.497875 -0.782517
vn 0.567234 0.465200 -0.679584
vn 0.603013 0.444538 -0.662390
vn 0.572563 0.452132 -0.683922
vn 0.584599 0.493572 -0.643918
vn 0.507274 0.574269 -0.642563
vn 0.422218 0.627562 -0.654139
vn 0.292973 0.682384 -0.669715
vn 0.225429 0.714858 -0.661937
vn 0.240361 0.704954 -0.667283
vn 0.221998 0.683484 -0.695389
vn 0.215446 0.657280 -0.722195
vn 0.187991 0.626370 -0.756518
vn 0.185118 0.615768 -0.765873
vn 0.203500 0.614636 -0.762109
vn 0.217467 0.607632 -0.763866
vn 0.220792 0.600956 -0.768182
vn 0.191509 0.612317 -0.767067
vn 0.294426 0.598061 -0.745410
vn 0.242084 0.656644 -0.714293
vn 0.293487 0.669417 -0.682456
vn 0.319842 0.699762 -0.638776
vn 0.302956 0.737382 -0.603727
vn 0.285190 0.771051 -0.569339
vn 0.202221 0.808971 -0.551971
vn 0.265784 0.817834 -0.510398
vn -0.205232 0.823230 -0.529313
vn -0.323630 0.764587 -0.557378
vn -0.343674 0.766470 -0.542597
vn -0.403721 0.761344 -0.507311
vn -0.351212 0.811704 -0.466676
vn -0.236908 0.910357 -0.339301
vn -0.218255 0.951777 -0.215604
vn -0.327396 0.928383 -0.175831
vn -0.372495 0.915336 -0.152997
vn -0.285960 0.859948 -0.422749
vn -0.112172 0.801454 -0.587443
vn -0.208300 0.788508 -0.578676
vn -0.076958 0.841921 -0.534085
vn 0.408871 0.804730 -0.430389
vn 0.361285 0.839632 -0.405576
vn 0.117647 0.915144 -0.385578
vn -0.107060 0.932410 -0.345180
vn -0.256615 0.917903 -0.302661
vn -0.406151 0.872024 -0.273160
vn -0.546361 0.810022 -0.212964
vn -0.595454 0.784855 -0.171572
vn -0.628978 0.755503 -0.183309
vn -0.141175 0.867186 -0.477555
vn 0.021084 0.806798 -0.590451
vn -0.200110 0.795827 -0.571503
vn -0.493061 0.722434 -0.484748
vn -0.561836 0.723784 -0.400596
vn -0.575400 0.776098 -0.258044
vn -0.594202 0.797622 -0.103554
vn -0.681157 0.725229 -0.100341
vn -0.664921 0.744516 -0.059794
vn -0.591670 0.794261 -0.138120
vn -0.510653 0.835832 -0.201541
vn -0.549668 0.822112 -0.148315
vn -0.527469 0.837711 -0.141478
vn -0.435426 0.872535 -0.221553
vn -0.182844 0.896479 -0.403601
vn 0.149808 0.759088 -0.633516
vn 0.149331 0.681953 -0.715989
vn 0.456435 0.596090 -0.660563
vn 0.594659 0.512788 -0.619217
vn 0.566232 0.469093 -0.677741
vn 0.638443 0.453329 -0.622000
vn 0.632221 0.470205 -0.615796
vn 0.555754 0.540356 -0.631786
vn 0.451166 0.608794 -0.652548
vn 0.333156 0.668111 -0.665308
vn 0.238999 0.704111 -0.668660
vn 0.194142 0.704271 -0.682870
vn 0.183216 0.686798 -0.703377
vn 0.149885 0.664288 -0.732295
vn 0.145591 0.638201 -0.755978
vn 0.171977 0.621742 -0.764108
vn 0.183984 0.610105 -0.770664
vn 0.193171 0.597523 -0.778236
vn 0.215848 0.591006 -0.777253
vn 0.228972 0.600402 -0.766218
vn 0.353865 0.609840 -0.709136
vn 0.324615 0.650964 -0.686200
vn 0.366547 0.684955 -0.629666
vn 0.404545 0.713370 -0.572230
vn 0.376041 0.754957 -0.537245
vn 0.345875 0.793136 -0.501305
vn 0.251881 0.840551 -0.479614
vn 0.284155 0.848062 -0.447266
vn -0.231528 0.842426 -0.486531
vn -0.363336 0.848193 -0.385430
vn -0.371756 0.830122 -0.415565
vn -0.393020 0.820509 -0.415091
vn -0.264315 0.853418 -0.449238
vn -0.077059 0.922906 -0.377235
vn -0.182407 0.929213 -0.321390
vn -0.295020 0.908896 -0.294741
vn -0.326764 0.922682 -0.204652
vn -0.492598 0.856667 -0.153197
vn -0.340162 0.878247 -0.336112
vn -0.178374 0.849167 -0.497089
vn 0.047194 0.911227 -0.409192
vn 0.404866 0.849120 -0.339233
vn 0.353142 0.834342 -0.423277
vn 0.117771 0.861889 -0.493232
vn -0.050390 0.867008 -0.495740
vn -0.204921 0.863723 -0.460424
vn -0.403269 0.807031 -0.431363
vn -0.500442 0.741309 -0.447235
vn -0.528793 0.737019 -0.420930
vn -0.562256 0.751086 -0.346032
vn -0.354174 0.886990 -0.296326
vn 0.021058 0.934733 -0.354726
vn -0.156359 0.943252 -0.292965
vn -0.414107 0.907339 -0.072469
vn -0.494746 0.864431 0.089359
vn -0.513681 0.844260 0.152830
vn -0.611047 0.787131 0.083941
vn -0.644431 0.755012 0.121102
vn -0.665427 0.737189 0.117298
vn -0.543175 0.800914 0.251987
vn -0.451114 0.792251 0.410895
vn -0.416991 0.744900 0.520809
vn -0.421454 0.701621 0.574547
vn -0.347993 0.709544 0.612739
vn -0.371199 0.716578 0.590531
vn -0.331692 0.842828 0.423818
vn -0.011105 0.999546 -0.028016
vn 0.438606 0.793029 -0.422764
vn 0.544491 0.617494 -0.567654
vn 0.655457 0.538132 -0.529896
vn 0.676373 0.493201 -0.547058
vn 0.655285 0.482000 -0.581616
vn 0.591670 0.516967 -0.618605
vn 0.477700 0.583615 -0.656656
vn 0.350921 0.639529 -0.684001
vn 0.239914 0.668018 -0.704410
vn 0.160532 0.678919 -0.716449
vn 0.142119 0.670381 -0.728280
vn 0.101563 0.655032 -0.748744
vn 0.111496 0.639568 -0.760606
vn 0.148552 0.624554 -0.766723
vn 0.163805 0.613212 -0.772747
vn 0.184435 0.604384 -0.775051
vn 0.232753 0.601417 -0.764280
vn 0.307470 0.611508 -0.729055
vn 0.449743 0.623757 -0.639264
vn 0.420444 0.685094 -0.594872
vn 0.505203 0.731924 -0.457227
vn 0.522183 0.769600 -0.367478
vn 0.493564 0.824060 -0.278065
vn 0.448437 0.871658 -0.197777
vn 0.377143 0.910545 -0.169326
vn 0.223673 0.931564 -0.286634
vn -0.156671 0.976039 0.151005
vn -0.390317 0.901585 0.186541
vn -0.435475 0.888843 0.142548
vn -0.486923 0.866539 0.109617
vn -0.416968 0.908752 0.017517
vn -0.126262 0.972421 -0.196099
vn -0.155633 0.929915 -0.333222
vn -0.200973 0.925307 -0.321585
vn -0.236094 0.952569 -0.192020
vn -0.446068 0.893733 -0.047593
vn -0.405025 0.898709 0.168159
vn -0.248162 0.923911 0.291210
vn 0.109885 0.977452 0.180312
vn 0.280707 0.952273 -0.119914
vn 0.261938 0.917818 -0.298327
vn 0.048334 0.910254 -0.411220
vn -0.081629 0.872537 -0.481680
vn -0.188516 0.823291 -0.535400
vn -0.417091 0.749671 -0.513837
vn -0.484848 0.711677 -0.508369
vn -0.475154 0.739419 -0.476958
vn -0.454570 0.789141 -0.413064
vn -0.182326 0.944770 -0.272336
vn 0.088303 0.992838 -0.080469
vn -0.097643 0.989717 -0.104526
vn -0.352230 0.916845 -0.187963
vn -0.488195 0.822263 -0.292488
vn -0.514537 0.803877 -0.298385
vn -0.583832 0.759897 -0.285827
vn -0.611351 0.757801 -0.228008
vn -0.554316 0.832305 -0.001407
vn -0.274204 0.851696 0.446571
vn -0.171746 0.705553 0.687531
vn -0.261429 0.628070 0.732928
vn -0.300514 0.582909 0.754922
vn -0.267947 0.570596 0.776289
vn -0.333296 0.556261 0.761241
vn -0.394819 0.588946 0.705167
vn -0.307935 0.670554 0.674932
vn -0.134750 0.842162 0.522117
vn 0.513009 0.855951 -0.064577
vn 0.676687 0.665712 -0.314520
vn 0.700732 0.585058 -0.408266
vn 0.677984 0.548046 -0.489881
vn 0.619594 0.542645 -0.567133
vn 0.504651 0.589898 -0.630355
vn 0.357193 0.637439 -0.682704
vn 0.243237 0.659229 -0.711514
vn 0.155663 0.675919 -0.720349
vn 0.117858 0.675289 -0.728076
vn 0.079677 0.667892 -0.739981
vn 0.093646 0.660035 -0.745375
vn 0.132728 0.647360 -0.750539
vn 0.154836 0.635088 -0.756762
vn 0.191677 0.627234 -0.754876
vn 0.274740 0.623458 -0.731996
vn 0.472968 0.638231 -0.607422
vn 0.571859 0.669433 -0.474170
vn 0.633757 0.680696 -0.367430
vn 0.637400 0.721412 -0.270715
vn 0.616575 0.760905 -0.202134
vn 0.592643 0.798015 -0.109298
vn 0.510236 0.859918 -0.014157
vn 0.322035 0.946304 0.028329
vn 0.093509 0.991864 -0.086382
vn -0.133018 0.976824 0.167691
vn -0.379533 0.902167 0.205061
vn -0.463484 0.862889 0.201510
vn -0.416898 0.865517 0.277627
vn -0.361864 0.839521 0.405289
vn -0.290279 0.857912 0.423940
vn -0.327837 0.888227 0.321833
vn -0.201982 0.945453 0.255581
vn -0.089700 0.975842 0.199217
vn -0.248203 0.916770 0.312935
vn -0.170683 0.881310 0.440636
vn -0.234535 0.846233 0.478416
vn -0.225780 0.883715 0.409964
vn -0.033537 0.995530 0.088293
vn 0.149758 0.968824 -0.197363
vn -0.051415 0.965793 -0.254166
vn -0.233633 0.902519 -0.361767
vn -0.284161 0.820352 -0.496262
vn -0.434473 0.740604 -0.512581
vn -0.469867 0.737658 -0.484856
vn -0.439568 0.775642 -0.452946
vn -0.305379 0.864480 -0.399272
vn -0.001923 0.973471 -0.228803
vn 0.092750 0.958414 -0.269889
vn -0.218936 0.915971 -0.336249
vn -0.475503 0.750961 -0.458209
vn -0.469950 0.695650 -0.543339
vn -0.418740 0.730964 -0.538840
vn -0.524337 0.725369 -0.445993
vn -0.430188 0.834030 -0.345445
vn -0.053338 0.979247 0.195525
vn 0.171495 0.790322 0.588201
vn 0.009544 0.693290 0.720596
vn -0.140025 0.604437 0.784251
vn -0.212570 0.543264 0.812206
vn -0.202830 0.513537 0.833750
vn -0.317750 0.487902 0.813011
vn -0.397232 0.491209 0.775190
vn -0.361876 0.525645 0.769898
vn -0.305168 0.607040 0.733741
vn -0.068390 0.751264 0.656449
vn 0.500663 0.839008 0.213076
vn 0.694459 0.715926 -0.071949
vn 0.698285 0.683960 -0.211180
vn 0.650273 0.671954 -0.354433
vn 0.536783 0.665538 -0.518577
vn 0.367371 0.694606 -0.618516
vn 0.264148 0.712147 -0.650440
vn 0.176451 0.730623 -0.659587
vn 0.112356 0.735231 -0.668439
vn 0.077795 0.733853 -0.674839
vn 0.085795 0.727694 -0.680515
vn 0.118421 0.711103 -0.693043
vn 0.148490 0.690451 -0.707974
vn 0.209659 0.675312 -0.707105
vn 0.367657 0.653146 -0.661989
vn 0.637881 0.622933 -0.452838
vn 0.613134 0.627999 -0.479253
vn 0.648315 0.633617 -0.422158
vn 0.639697 0.660225 -0.393561
vn 0.630657 0.694023 -0.347280
vn 0.621179 0.732475 -0.278598
vn 0.530211 0.804791 -0.266810
vn 0.333792 0.888088 -0.316043
vn 0.052986 0.957510 -0.283490
vn -0.079642 0.993426 0.082230
vn -0.306387 0.932971 0.188925
vn -0.392765 0.865325 0.311366
vn -0.259218 0.865283 0.429059
vn -0.341702 0.823371 0.453100
vn -0.312376 0.840168 0.443327
vn -0.324065 0.839296 0.436536
vn -0.275113 0.868398 0.412550
vn -0.189082 0.926394 0.325642
vn -0.152341 0.954639 0.255847
vn -0.139541 0.947637 0.287248
vn -0.216917 0.920779 0.324211
vn -0.308549 0.883219 0.353159
vn -0.332750 0.887706 0.318207
vn -0.135522 0.990261 0.031884
vn -0.099658 0.959846 -0.262228
vn -0.355102 0.876264 -0.325676
vn -0.433012 0.820500 -0.373203
vn -0.460909 0.779228 -0.424695
vn -0.451458 0.811125 -0.371835
vn -0.427686 0.844177 -0.323188
vn -0.161050 0.958898 -0.233619
vn 0.004379 0.979417 -0.201802
vn -0.038302 0.930426 -0.364474
vn -0.327228 0.834570 -0.443187
vn -0.561819 0.697911 -0.444161
vn -0.530454 0.689142 -0.493661
vn -0.342329 0.715449 -0.609051
vn -0.383938 0.765293 -0.516641
vn 0.059282 0.991352 -0.117077
vn 0.391558 0.846175 0.361483
vn 0.374514 0.783994 0.495069
vn 0.220672 0.745650 0.628737
vn 0.023666 0.664812 0.746636
vn -0.103880 0.577292 0.809903
vn -0.136610 0.517546 0.844680
vn -0.315958 0.476974 0.820163
vn -0.388270 0.460109 0.798465
vn -0.394505 0.465306 0.792374
vn -0.390436 0.505888 0.769180
vn -0.247181 0.604545 0.757249
vn 0.080847 0.715806 0.693603
vn 0.545077 0.709053 0.447364
vn 0.608294 0.679929 0.409482
vn 0.558797 0.712268 0.424758
vn 0.366560 0.845057 0.389246
vn 0.321606 0.941515 0.100596
vn 0.281601 0.952749 -0.113888
vn 0.200939 0.955938 -0.214022
vn 0.111175 0.953409 -0.280447
vn 0.088160 0.950737 -0.297198
vn 0.077199 0.919511 -0.385408
vn 0.090112 0.839487 -0.535856
vn 0.128182 0.787714 -0.602558
vn 0.224613 0.755247 -0.615753
vn 0.516122 0.693828 -0.502216
vn 0.621153 0.632238 -0.463081
vn 0.605581 0.615468 -0.504451
vn 0.647611 0.600872 -0.468565
vn 0.656647 0.615753 -0.435502
vn 0.656332 0.640622 -0.398537
vn 0.614473 0.681514 -0.397445
vn 0.405077 0.733448 -0.545864
vn 0.330129 0.782841 -0.527423
vn 0.162938 0.888751 -0.428454
vn -0.048562 0.998417 -0.028375
vn -0.188261 0.981984 -0.016262
vn -0.259241 0.961642 0.089663
vn -0.262095 0.941272 0.212867
vn -0.311461 0.907352 0.282319
vn -0.329161 0.891889 0.310141
vn -0.343257 0.878143 0.333226
vn -0.338694 0.879205 0.335089
vn -0.310902 0.903084 0.296274
vn -0.198240 0.969103 0.146767
vn -0.171820 0.981029 0.089775
vn -0.179247 0.982594 0.048783
vn -0.295394 0.953150 0.065168
vn -0.375206 0.923891 0.075139
vn -0.389996 0.918586 0.064050
vn -0.353057 0.929581 -0.105969
vn -0.400858 0.893361 -0.203025
vn -0.462619 0.876930 -0.130296
vn -0.476244 0.879311 0.002065
vn -0.385074 0.915052 0.119989
vn -0.342929 0.916454 0.206183
vn -0.095915 0.950909 0.294231
vn -0.172198 0.970557 0.168427
vn -0.259662 0.965679 0.006288
vn -0.454238 0.862567 -0.222814
vn -0.614193 0.745547 -0.258703
vn -0.639994 0.709165 -0.295791
vn -0.453204 0.764036 -0.459191
vn -0.039666 0.904623 -0.424363
vn 0.525228 0.848000 0.070928
vn 0.560559 0.794865 0.232299
vn 0.487232 0.789820 0.372545
vn 0.384808 0.796005 0.467225
vn 0.240297 0.774838 0.584708
vn 0.076273 0.702564 0.707521
vn -0.032884 0.611877 0.790269
vn -0.322006 0.534081 0.781709
vn -0.360413 0.484824 0.796899
vn -0.415136 0.457820 0.786170
vn -0.449850 0.464407 0.762864
vn -0.355956 0.532741 0.767777
vn -0.097087 0.638911 0.763130
vn 0.395534 0.667747 0.630608
vn 0.568900 0.616550 0.544260
vn 0.516450 0.637663 0.571547
vn 0.270610 0.695572 0.665545
vn 0.100803 0.719437 0.687204
vn 0.121375 0.759216 0.639421
vn 0.120748 0.788805 0.602666
vn 0.066249 0.799471 0.597040
vn 0.032484 0.824112 0.565495
vn -0.181485 0.842382 0.507401
vn -0.276594 0.906601 0.318700
vn -0.069531 0.996065 -0.054946
vn 0.272656 0.914295 -0.299538
vn 0.601722 0.754585 -0.261788
vn 0.614493 0.710669 -0.342561
vn 0.640911 0.665534 -0.382489
vn 0.683986 0.624570 -0.376928
vn 0.682338 0.620164 -0.387056
vn 0.663340 0.626470 -0.409286
vn 0.479098 0.689684 -0.542955
vn 0.444523 0.699777 -0.559206
vn 0.369860 0.756604 -0.539216
vn 0.249328 0.813842 -0.524878
vn -0.101368 0.979725 -0.172811
vn -0.194171 0.947372 -0.254527
vn -0.167324 0.959952 -0.224709
vn -0.210275 0.958850 -0.190764
vn -0.268503 0.944095 -0.191288
vn -0.308927 0.930777 -0.195496
vn -0.323338 0.928324 -0.183485
vn -0.346833 0.923040 -0.166443
vn -0.396592 0.896198 -0.198855
vn -0.280438 0.907052 -0.314025
vn -0.229058 0.932040 -0.280773
vn -0.191312 0.944757 -0.266145
vn -0.262302 0.934146 -0.242009
vn -0.306649 0.944780 -0.115568
vn -0.351090 0.933970 0.066603
vn -0.398411 0.906469 0.139938
vn -0.397880 0.909182 0.122802
vn -0.307566 0.936350 0.169271
vn -0.321584 0.900422 0.292959
vn -0.308629 0.881534 0.357275
vn -0.341670 0.871096 0.352778
vn -0.206921 0.940686 0.268875
vn -0.237327 0.954629 0.179887
vn -0.394097 0.914457 0.091962
vn -0.584433 0.810498 -0.039137
vn -0.689107 0.711842 -0.135689
vn -0.684012 0.707439 -0.177929
vn -0.536983 0.820793 -0.194802
vn 0.375933 0.926204 0.028650
vn 0.591828 0.799620 0.101725
vn 0.631154 0.769770 0.095390
vn 0.598997 0.789677 0.132711
vn 0.496145 0.832812 0.245487
vn 0.383923 0.850268 0.360066
vn 0.279712 0.841132 0.462880
vn 0.149462 0.807294 0.570910
vn -0.274260 0.701909 0.657347
vn -0.301643 0.590522 0.748529
vn -0.413387 0.506805 0.756479
vn -0.492847 0.465465 0.735149
vn -0.438099 0.503296 0.744824
vn -0.234162 0.599140 0.765637
vn 0.258436 0.673725 0.692318
vn 0.561788 0.610538 0.558244
vn 0.528542 0.627818 0.571391
vn 0.327755 0.675130 0.660891
vn 0.069401 0.681249 0.728754
vn 0.028804 0.708837 0.704784
vn 0.069984 0.744297 0.664172
vn 0.015826 0.773693 0.633362
vn -0.005723 0.812636 0.582744
vn -0.197968 0.787102 0.584191
vn -0.346473 0.770130 0.535589
vn -0.245241 0.821777 0.514333
vn 0.009082 0.884552 0.466354
vn 0.473655 0.866144 0.159517
vn 0.594054 0.803002 -0.047834
vn 0.661710 0.739877 -0.121332
vn 0.704092 0.683256 -0.193432
vn 0.684202 0.672189 -0.282894
vn 0.598853 0.688408 -0.409231
vn 0.443639 0.707505 -0.550110
vn 0.492284 0.694218 -0.525087
vn 0.369731 0.746580 -0.553097
vn 0.294234 0.781335 -0.550401
vn -0.130849 0.924092 -0.359072
vn -0.181349 0.932073 -0.313612
vn -0.141173 0.932025 -0.333767
vn -0.232107 0.893186 -0.385155
vn -0.284758 0.871231 -0.399837
vn -0.300803 0.854522 -0.423450
vn -0.288944 0.862376 -0.415714
vn -0.350321 0.845603 -0.402780
vn -0.433467 0.785072 -0.442457
vn -0.271618 0.796407 -0.540333
vn -0.080758 0.867624 -0.490618
vn -0.136836 0.881679 -0.451573
vn -0.141142 0.928772 -0.342727
vn -0.104868 0.978776 -0.176067
vn -0.194624 0.977569 -0.080497
vn -0.345202 0.938384 -0.016473
vn -0.395513 0.917865 0.033068
vn -0.337782 0.941024 0.019407
vn -0.328613 0.941158 -0.078966
vn -0.302556 0.946526 -0.112020
vn -0.391935 0.914409 -0.101214
vn -0.316683 0.937576 -0.143743
vn -0.335083 0.913896 -0.229159
vn -0.465349 0.827527 -0.314085
vn -0.593796 0.733760 -0.330155
vn -0.668319 0.692973 -0.270440
vn -0.660249 0.728285 -0.183499
vn -0.441854 0.890341 -0.109805
vn 0.455099 0.890407 0.007787
vn 0.582454 0.812818 -0.008611
vn 0.604884 0.795284 -0.040472
vn 0.600225 0.793844 -0.097682
vn 0.568522 0.810632 -0.140206
vn 0.516849 0.851011 -0.092997
vn 0.420943 0.905580 0.052261
vn 0.277896 0.941316 0.191568
vn -0.067099 0.939727 0.335278
vn -0.156800 0.803570 0.574186
vn -0.353500 0.646325 0.676241
vn -0.512681 0.519152 0.683841
vn -0.497799 0.510574 0.701079
vn -0.348718 0.583386 0.733524
vn 0.075575 0.703944 0.706224
vn 0.573355 0.631062 0.522519
vn 0.545310 0.649957 0.529332
vn 0.409251 0.709897 0.573202
vn 0.119482 0.730677 0.672186
vn -0.033144 0.726036 0.686858
vn -0.005223 0.759147 0.650899
vn -0.071338 0.801294 0.594002
vn -0.019042 0.830609 0.556531
vn -0.154478 0.787321 0.596876
vn -0.357316 0.727987 0.585115
vn -0.281404 0.764290 0.580235
vn -0.044253 0.828244 0.558618
vn 0.212731 0.828461 0.518071
vn 0.488533 0.806807 0.332263
vn 0.570346 0.789278 0.227477
vn 0.637904 0.770097 -0.005431
vn 0.608550 0.766896 -0.203809
vn 0.521867 0.765885 -0.375600
vn 0.420259 0.777830 -0.467294
vn 0.492201 0.731650 -0.471621
vn 0.414076 0.759184 -0.502175
vn 0.308664 0.794374 -0.523160
vn -0.046245 0.944772 -0.324448
vn -0.216223 0.909810 -0.354249
vn -0.232498 0.865314 -0.444045
vn -0.220635 0.854005 -0.471165
vn -0.304383 0.822631 -0.480239
vn -0.301857 0.802687 -0.514369
vn -0.247861 0.811161 -0.529701
vn -0.348498 0.792344 -0.500740
vn -0.460826 0.745980 -0.480783
vn -0.339555 0.776790 -0.530376
vn 0.007278 0.768871 -0.639362
vn -0.071255 0.798507 -0.597754
vn 0.039604 0.840212 -0.540811
vn -0.054300 0.854821 -0.516074
vn -0.197044 0.816319 -0.542952
vn -0.300053 0.768238 -0.565489
vn -0.320452 0.748498 -0.580570
vn -0.309697 0.737608 -0.600018
vn -0.329253 0.694833 -0.639375
vn -0.191014 0.713253 -0.674377
vn -0.326060 0.693840 -0.642083
vn -0.225670 0.744947 -0.627796
vn -0.313953 0.746058 -0.587223
vn -0.441057 0.715507 -0.541773
vn -0.523968 0.698546 -0.487330
vn -0.566205 0.729038 -0.384597
vn -0.554550 0.801936 -0.222201
vn -0.290494 0.954929 0.061031
vn 0.387248 0.916063 0.104252
vn 0.543830 0.825783 -0.149439
vn 0.570155 0.788042 -0.232192
vn 0.551345 0.791455 -0.263853
vn 0.517248 0.810024 -0.276253
vn 0.514037 0.808583 -0.286286
vn 0.501620 0.821237 -0.271932
vn 0.417512 0.891692 -0.174843
vn 0.216200 0.973956 0.068325
vn 0.080195 0.952016 0.295354
vn -0.176749 0.861253 0.476449
vn -0.481423 0.651108 0.586762
vn -0.527639 0.566571 0.632925
vn -0.437965 0.596186 0.672866
vn -0.134850 0.714364 0.686658
vn 0.563110 0.679548 0.470235
vn 0.564242 0.696238 0.443717
vn 0.451040 0.760300 0.467447
vn 0.232470 0.793775 0.562031
vn -0.036969 0.771179 0.635544
vn -0.088738 0.786471 0.611220
vn -0.149115 0.823632 0.547170
vn -0.007528 0.845644 0.533694
vn -0.061013 0.820333 0.568623
vn -0.338771 0.731289 0.591989
vn -0.320684 0.735545 0.596770
vn -0.116355 0.805025 0.581719
vn 0.154163 0.845362 0.511465
vn 0.367892 0.861340 0.350356
vn 0.367241 0.905083 0.214380
vn 0.501216 0.864698 -0.032857
vn 0.501977 0.846254 -0.178530
vn 0.506752 0.834633 -0.215847
vn 0.491791 0.859648 -0.138371
vn 0.494726 0.864172 -0.091943
vn 0.471239 0.865346 -0.170615
vn 0.274070 0.919160 -0.282898
vn -0.129266 0.970932 -0.201450
vn -0.293061 0.919106 -0.263362
vn -0.345561 0.888827 -0.300954
vn -0.278386 0.865319 -0.416802
vn -0.355729 0.828580 -0.432334
vn -0.361567 0.801549 -0.476223
vn -0.246130 0.798188 -0.549833
vn -0.323271 0.781661 -0.533387
vn -0.442595 0.761675 -0.473245
vn -0.434868 0.778344 -0.452846
vn -0.091879 0.756126 -0.647944
vn -0.029826 0.752388 -0.658045
vn 0.016493 0.717568 -0.696293
vn -0.102049 0.656272 -0.747591
vn -0.187447 0.620562 -0.761424
vn -0.257873 0.595305 -0.760995
vn -0.272006 0.577766 -0.769545
vn -0.280463 0.560332 -0.779338
vn -0.312870 0.536756 -0.783585
vn -0.096827 0.574697 -0.812618
vn -0.239185 0.587147 -0.773336
vn -0.116352 0.642392 -0.757493
vn -0.217463 0.682809 -0.697482
vn -0.347129 0.714589 -0.607342
vn -0.450369 0.745707 -0.491007
vn -0.459977 0.837381 -0.295320
vn -0.312329 0.949973 0.001450
vn 0.089152 0.937386 0.336690
vn 0.146275 0.915533 0.374704
vn 0.229549 0.971175 0.064233
vn 0.458685 0.814212 -0.355903
vn 0.501654 0.742641 -0.443653
vn 0.526327 0.735797 -0.426124
vn 0.544003 0.769577 -0.334382
vn 0.537844 0.805270 -0.249530
vn 0.522902 0.828912 -0.198692
vn 0.434660 0.897893 -0.069711
vn 0.209370 0.967369 0.142697
vn 0.039748 0.968042 0.247620
vn -0.358833 0.833345 0.420446
vn -0.513345 0.683972 0.518324
vn -0.490390 0.645657 0.585359
vn -0.263665 0.726013 0.635127
vn 0.442750 0.739345 0.507288
vn 0.558664 0.723074 0.406274
vn 0.490133 0.753680 0.437877
vn 0.341492 0.777220 0.528500
vn 0.003988 0.775196 0.631709
vn -0.166713 0.783362 0.598791
vn -0.219273 0.822710 0.524469
vn -0.042353 0.875809 0.480796
vn 0.018126 0.900921 0.433604
vn -0.287743 0.817679 0.498603
vn -0.347208 0.763181 0.544979
vn -0.214976 0.812007 0.542614
vn 0.043496 0.896242 0.441428
vn 0.214467 0.887126 0.408671
vn 0.337252 0.860928 0.380873
vn 0.295504 0.874206 0.385280
vn 0.448070 0.850541 0.275343
vn 0.510132 0.832452 0.216307
vn 0.549187 0.813055 0.193222
vn 0.535444 0.809386 0.241237
vn 0.477147 0.810939 0.338687
vn 0.240125 0.845115 0.477619
vn -0.177565 0.944385 -0.276781
vn -0.335645 0.894490 -0.295346
vn -0.367697 0.901137 -0.229674
vn -0.352118 0.915819 -0.193101
vn -0.394367 0.883783 -0.251798
vn -0.456358 0.846135 -0.275305
vn -0.362720 0.838210 -0.407233
vn -0.306199 0.812275 -0.496439
vn -0.414421 0.795163 -0.442686
vn -0.470037 0.779094 -0.414822
vn -0.330612 0.786115 -0.522225
vn -0.022411 0.737839 -0.674605
vn -0.161485 0.699845 -0.695802
vn -0.188333 0.613497 -0.766910
vn -0.218106 0.580432 -0.784556
vn -0.272094 0.552172 -0.788081
vn -0.281774 0.536292 -0.795610
vn -0.285331 0.527840 -0.799982
vn -0.298290 0.532903 -0.791857
vn -0.040853 0.585976 -0.809298
vn -0.159823 0.612240 -0.774351
vn -0.005166 0.673942 -0.738766
vn -0.092590 0.741712 -0.664297
vn -0.180259 0.878948 -0.441539
vn -0.126988 0.975471 0.179806
vn -0.117390 0.870405 0.478137
vn -0.127335 0.845247 0.518983
vn 0.046743 0.894537 0.444543
vn 0.152998 0.914260 0.375128
vn -0.132422 0.916412 0.377694
vn 0.046780 0.998900 -0.003343
vn 0.474764 0.816876 -0.327586
vn 0.586787 0.749779 -0.305799
vn 0.642596 0.733960 -0.219938
vn 0.625854 0.776094 -0.077367
vn 0.562006 0.824670 0.063797
vn 0.539028 0.835373 0.107703
vn 0.333874 0.928457 0.162773
vn 0.167585 0.964770 0.202813
vn -0.224748 0.930574 0.289000
vn -0.471719 0.829288 0.299604
vn -0.519232 0.780306 0.348599
vn -0.220373 0.796262 0.563384
vn 0.332959 0.756217 0.563271
vn 0.511585 0.737965 0.440099
vn 0.519962 0.728701 0.445685
vn 0.418306 0.732774 0.536715
vn 0.048897 0.774700 0.630436
vn -0.249808 0.767072 0.590928
vn -0.321107 0.794003 0.516187
vn -0.185478 0.884515 0.428055
vn -0.024271 0.967585 0.251376
vn -0.179139 0.948135 0.262582
vn -0.318648 0.867950 0.380954
vn -0.308667 0.856341 0.414010
vn -0.063313 0.934919 0.349167
vn 0.242947 0.897052 0.369155
vn 0.396660 0.838745 0.373052
vn 0.296194 0.837968 0.458343
vn 0.402891 0.797580 0.448938
vn 0.441847 0.767715 0.464095
vn 0.488506 0.745918 0.452733
vn 0.511828 0.743197 0.430917
vn 0.481132 0.768168 0.422410
vn 0.250671 0.856177 0.451802
vn -0.245586 0.950043 0.192627
vn -0.096459 0.944064 0.315339
vn -0.219199 0.871689 0.438305
vn -0.369362 0.824954 0.427811
vn -0.489410 0.805135 0.335015
vn -0.518080 0.816767 0.253939
vn -0.501481 0.830477 0.242539
vn -0.436682 0.890120 0.130368
vn -0.475888 0.878161 -0.048630
vn -0.531374 0.835790 -0.138188
vn -0.540557 0.810245 -0.226498
vn -0.167245 0.809505 -0.562788
vn -0.264874 0.747917 -0.608656
vn -0.341534 0.701159 -0.625884
vn -0.313416 0.665798 -0.677114
vn -0.350190 0.629826 -0.693315
vn -0.344771 0.618246 -0.706333
vn -0.324842 0.623392 -0.711238
vn -0.293533 0.659138 -0.692369
vn -0.003639 0.731538 -0.681791
vn -0.061722 0.778368 -0.624767
vn 0.215354 0.882698 -0.417693
vn 0.374781 0.914167 0.154396
vn 0.366859 0.734045 0.571482
vn 0.129136 0.708059 0.694245
vn -0.115219 0.714254 0.690338
vn -0.194264 0.746724 0.636133
vn -0.081312 0.820096 0.566419
vn 0.098782 0.869315 0.484286
vn -0.124395 0.868969 0.478977
vn -0.330991 0.832124 0.444989
vn 0.329511 0.943072 0.045137
vn 0.636144 0.770748 -0.035622
vn 0.714305 0.699519 0.020985
vn 0.714478 0.685923 0.137948
vn 0.631943 0.709673 0.311467
vn 0.512376 0.726904 0.457254
vn 0.250171 0.772639 0.583476
vn 0.099193 0.812363 0.574653
vn -0.173738 0.841222 0.512016
vn -0.422702 0.747817 0.511949
vn -0.326896 0.736618 0.592058
vn -0.052369 0.710861 0.701380
vn 0.242437 0.672711 0.699059
vn 0.418824 0.638445 0.645735
vn 0.483186 0.631874 0.606025
vn 0.384529 0.700983 0.600634
vn 0.010461 0.826275 0.563170
vn -0.315777 0.817329 0.481932
vn -0.395130 0.793150 0.463450
vn -0.357998 0.837804 0.412216
vn -0.228118 0.939397 0.255919
vn -0.150275 0.984466 0.090798
vn -0.266455 0.962845 0.043950
vn -0.326843 0.943764 0.049838
vn -0.010924 0.978292 0.206942
vn 0.323130 0.881461 0.344402
vn 0.426723 0.828690 0.362187
vn 0.351027 0.843301 0.406969
vn 0.431313 0.788871 0.437780
vn 0.473142 0.756696 0.451162
vn 0.486312 0.741273 0.462618
vn 0.477151 0.756642 0.447013
vn 0.449341 0.789442 0.418180
vn 0.234474 0.872677 0.428319
vn -0.192972 0.856341 0.479001
vn -0.009370 0.842367 0.538822
vn -0.184665 0.805400 0.563231
vn -0.348277 0.762293 0.545539
vn -0.439716 0.720996 0.535551
vn -0.446049 0.706662 0.549244
vn -0.445646 0.711232 0.543644
vn -0.476783 0.725387 0.496479
vn -0.527641 0.737174 0.422101
vn -0.587014 0.740163 0.327983
vn -0.619552 0.748568 0.236222
vn -0.567295 0.797328 0.206023
vn -0.333054 0.942898 -0.004203
vn -0.432913 0.901052 0.026303
vn -0.494528 0.868750 -0.026765
vn -0.530420 0.841062 -0.106155
vn -0.498296 0.853204 -0.154090
vn -0.415158 0.898775 -0.140881
vn -0.257154 0.966365 -0.003366
vn 0.027683 0.989561 0.141430
vn 0.344828 0.846017 0.406631
vn 0.494918 0.663796 0.560742
vn 0.500978 0.593052 0.630326
vn 0.390339 0.573444 0.720276
vn 0.125346 0.595207 0.793736
vn -0.175908 0.620209 0.764459
vn -0.283734 0.660766 0.694898
vn -0.197629 0.742063 0.640535
vn 0.043453 0.798304 0.600685
vn -0.100058 0.794676 0.598730
vn -0.372366 0.743614 0.555321
vn -0.108161 0.879955 0.462579
vn 0.625254 0.771284 0.119072
vn 0.744131 0.659573 0.105981
vn 0.764957 0.617683 0.182508
vn 0.703443 0.632715 0.323790
vn 0.577784 0.664079 0.474516
vn 0.345609 0.697864 0.627328
vn 0.024598 0.693435 0.720099
vn -0.154664 0.708412 0.688645
vn -0.315719 0.664204 0.677609
vn -0.218525 0.660525 0.718299
vn 0.008167 0.655189 0.755421
vn 0.239004 0.623706 0.744223
vn 0.368086 0.605376 0.705714
vn 0.396064 0.637555 0.660800
vn 0.245015 0.763415 0.597633
vn -0.158483 0.866237 0.473832
vn -0.394791 0.838626 0.375294
vn -0.454813 0.849513 0.267343
vn -0.444933 0.877313 0.179879
vn -0.374253 0.916875 0.138834
vn -0.271430 0.950843 0.149072
vn -0.315020 0.936148 0.156173
vn -0.320374 0.938277 0.130369
vn 0.297533 0.933751 0.198953
vn 0.385510 0.888960 0.247248
vn 0.441723 0.856350 0.267479
vn 0.418392 0.864031 0.279998
vn 0.482460 0.828645 0.283865
vn 0.529518 0.790358 0.308131
vn 0.520232 0.782911 0.341187
vn 0.479501 0.797233 0.366741
vn 0.442712 0.814014 0.376014
vn 0.230328 0.879127 0.417234
vn -0.147649 0.870112 0.470219
vn 0.010494 0.859052 0.511780
vn -0.164881 0.844661 0.509277
vn -0.328100 0.789525 0.518653
vn -0.405893 0.734691 0.543580
vn -0.427457 0.705299 0.565539
vn -0.459998 0.689542 0.559404
vn -0.505923 0.683096 0.526709
vn -0.544277 0.680416 0.490710
vn -0.584783 0.671573 0.454994
vn -0.556877 0.679839 0.477186
vn -0.359851 0.685470 0.632960
vn -0.303606 0.664619 0.682719
vn -0.338935 0.647299 0.682736
vn -0.412110 0.632666 0.655667
vn -0.444320 0.640059 0.626821
vn -0.396209 0.664373 0.633741
vn -0.265161 0.691951 0.671486
vn -0.074689 0.694320 0.715780
vn 0.133839 0.670189 0.730023
vn 0.340658 0.618858 0.707790
vn 0.491020 0.543296 0.680976
vn 0.511461 0.502085 0.697366
vn 0.400997 0.511188 0.760190
vn 0.089970 0.559651 0.823830
vn -0.264255 0.576333 0.773311
vn -0.378717 0.605730 0.699760
vn -0.295305 0.687788 0.663131
vn -0.001580 0.754291 0.656538
vn -0.073942 0.766903 0.637489
vn -0.415064 0.703125 0.577354
vn -0.279687 0.758200 0.588988
vn 0.427800 0.821037 0.378001
vn 0.745136 0.646171 0.165031
vn 0.800239 0.574064 0.173402
vn 0.771196 0.575119 0.272936
vn 0.652574 0.618928 0.437122
vn 0.471521 0.663895 0.580441
vn 0.077986 0.669354 0.738839
vn -0.143955 0.640453 0.754385
vn -0.264120 0.617225 0.741130
vn -0.173256 0.616342 0.768183
vn 0.027305 0.620255 0.783925
vn 0.223052 0.610456 0.759994
vn 0.302074 0.636924 0.709281
vn 0.255301 0.745582 0.615572
vn 0.027782 0.901302 0.432300
vn -0.271988 0.917893 0.288955
vn -0.464110 0.859803 0.212931
vn -0.567986 0.814295 0.119648
vn -0.520892 0.850182 0.076566
vn -0.295121 0.947337 0.124327
vn -0.120143 0.936448 0.329593
vn -0.308717 0.899044 0.310505
vn -0.343540 0.887700 0.306543
vn 0.203457 0.971596 0.120860
vn 0.444173 0.891567 0.088424
vn 0.490657 0.850521 0.189391
vn 0.434242 0.863063 0.257985
vn 0.506840 0.804208 0.310423
vn 0.548083 0.761084 0.346922
vn 0.537115 0.751991 0.382122
vn 0.496768 0.762059 0.415315
vn 0.415806 0.801162 0.430401
vn 0.236327 0.870838 0.431034
vn -0.094152 0.940873 0.325412
vn -0.026989 0.939279 0.342092
vn -0.161953 0.933718 0.319283
vn -0.286340 0.888650 0.358203
vn -0.371832 0.825479 0.424648
vn -0.422290 0.770925 0.476809
vn -0.471820 0.725011 0.501742
vn -0.517510 0.690831 0.504912
vn -0.551262 0.671160 0.495635
vn -0.560864 0.658140 0.502279
vn -0.392095 0.656965 0.643940
vn -0.247748 0.639377 0.727886
vn -0.203267 0.598160 0.775169
vn -0.258956 0.559061 0.787650
vn -0.360141 0.532665 0.765876
vn -0.389437 0.533906 0.750522
vn -0.325555 0.545701 0.772155
vn -0.201152 0.561430 0.802704
vn -0.045758 0.568578 0.821356
vn 0.114890 0.567802 0.815108
vn 0.318180 0.549347 0.772645
vn 0.497401 0.498366 0.710087
vn 0.522985 0.483600 0.701867
vn 0.407922 0.533425 0.740984
vn 0.042899 0.613796 0.788298
vn -0.350069 0.593729 0.724526
vn -0.463653 0.585505 0.664989
vn -0.386175 0.655638 0.648851
vn -0.043830 0.752316 0.657343
vn -0.125606 0.788032 0.602685
vn -0.335920 0.693101 0.637784
vn -0.355399 0.680312 0.640990
vn 0.172597 0.813513 0.555344
vn 0.683699 0.673066 0.282025
vn 0.810659 0.557904 0.177697
vn 0.818638 0.535775 0.206827
vn 0.739428 0.580350 0.341234
vn 0.569153 0.648426 0.505577
vn 0.249653 0.692597 0.676744
vn -0.089861 0.628361 0.772714
vn -0.234042 0.591086 0.771907
vn -0.151765 0.589034 0.793729
vn 0.011618 0.602167 0.798285
vn 0.151962 0.628208 0.763061
vn 0.132661 0.721439 0.679652
vn -0.034259 0.873130 0.486282
vn -0.192147 0.951014 0.242183
vn -0.359077 0.928538 0.094238
vn -0.540355 0.841035 -0.026001
vn -0.576407 0.816437 -0.034423
vn -0.461222 0.884847 0.065723
vn -0.090418 0.954680 0.283568
vn -0.147188 0.951859 0.268888
vn -0.299352 0.912175 0.279867
vn -0.351822 0.895505 0.272565
vn -0.100454 0.971415 0.215086
vn 0.492039 0.870453 0.014460
vn 0.575409 0.806939 0.133245
vn 0.528006 0.817213 0.231025
vn 0.567547 0.729097 0.382503
vn 0.554576 0.699123 0.451301
vn 0.525625 0.701566 0.481169
vn 0.459528 0.739372 0.492101
vn 0.334799 0.807341 0.485911
vn 0.233114 0.865146 0.444049
vn -0.056196 0.987508 0.147206
vn -0.065807 0.990041 0.124451
vn -0.152845 0.980446 0.123956
vn -0.265366 0.957812 0.110349
vn -0.344504 0.934379 0.090849
vn -0.388622 0.910569 0.140844
vn -0.469238 0.850415 0.237928
vn -0.545909 0.776483 0.314734
vn -0.548992 0.727348 0.411792
vn -0.424005 0.685993 0.591298
vn -0.286829 0.665545 0.689042
vn -0.145895 0.641072 0.753486
vn -0.103711 0.593533 0.798100
vn -0.204563 0.545510 0.812756
vn -0.343880 0.509407 0.788829
vn -0.361826 0.501931 0.785587
vn -0.283432 0.501046 0.817691
vn -0.177155 0.508464 0.842663
vn -0.052351 0.520841 0.852047
vn 0.076322 0.535968 0.840781
vn 0.274753 0.547796 0.790209
vn 0.511728 0.520735 0.683352
vn 0.532265 0.549158 0.644298
vn 0.400071 0.672952 0.622157
vn 0.002656 0.790015 0.613082
vn -0.391467 0.702564 0.594271
vn -0.511937 0.616675 0.598023
vn -0.459614 0.640294 0.615450
vn -0.166175 0.768578 0.617798
vn -0.075425 0.829466 0.553441
vn -0.244446 0.755967 0.607256
vn -0.384343 0.666298 0.639005
vn -0.076684 0.752182 0.654478
vn 0.568088 0.724333 0.390664
vn 0.796802 0.575577 0.183895
vn 0.840755 0.521661 0.144916
vn 0.811076 0.546774 0.207830
vn 0.668442 0.639224 0.380233
vn 0.436370 0.718241 0.541951
vn 0.057488 0.701657 0.710191
vn -0.186915 0.621116 0.761103
vn -0.149471 0.599900 0.785989
vn -0.045418 0.621862 0.781809
vn -0.003874 0.688517 0.725210
vn -0.145570 0.802369 0.578804
vn -0.312491 0.873622 0.373006
vn -0.392812 0.905793 0.158860
vn -0.508423 0.855993 -0.093709
vn -0.557796 0.807072 -0.193647
vn -0.506688 0.849662 -0.146088
vn -0.303508 0.952792 0.008428
vn -0.035088 0.989516 0.140096
vn -0.161654 0.981226 0.105181
vn -0.311254 0.949010 0.050012
vn -0.399298 0.916764 -0.010251
vn -0.212243 0.976883 0.025538
vn 0.544800 0.824377 0.153606
vn 0.614036 0.761843 0.206288
vn 0.629675 0.714985 0.303819
vn 0.627466 0.665431 0.404336
vn 0.577645 0.670739 0.465227
vn 0.522987 0.695442 0.492793
vn 0.416838 0.750960 0.512156
vn 0.280926 0.820173 0.498395
vn 0.188078 0.878395 0.439373
vn -0.093430 0.981716 0.165843
vn -0.109301 0.990141 0.087601
vn -0.127887 0.981448 0.142842
vn -0.295008 0.942066 0.159630
vn -0.359106 0.925072 0.123631
vn -0.363442 0.928820 0.072137
vn -0.382510 0.916377 0.118063
vn -0.360587 0.848851 0.386561
vn -0.312746 0.754134 0.577470
vn -0.313978 0.702283 0.638919
vn -0.220889 0.692252 0.687019
vn -0.071847 0.681374 0.728400
vn -0.006872 0.645173 0.764006
vn -0.152836 0.591433 0.791738
vn -0.330329 0.537246 0.776047
vn -0.337956 0.518249 0.785623
vn -0.251950 0.520905 0.815585
vn -0.181139 0.521097 0.834054
vn -0.091269 0.537934 0.838032
vn 0.008309 0.563854 0.825833
vn 0.168947 0.604518 0.778470
vn 0.475327 0.640523 0.603153
vn 0.520976 0.739784 0.425797
vn 0.314551 0.895870 0.313805
vn -0.004611 0.973029 0.230638
vn -0.320255 0.890905 0.322063
vn -0.501759 0.749279 0.432227
vn -0.521071 0.687176 0.506236
vn -0.304976 0.780602 0.545573
vn -0.142041 0.870547 0.471140
vn -0.133708 0.879429 0.456866
vn -0.309481 0.764902 0.564931
vn -0.182348 0.737642 0.650102
vn 0.346099 0.794895 0.498354
vn 0.752689 0.627480 0.199316
vn 0.841694 0.533858 0.080909
vn 0.847602 0.526366 0.067147
vn 0.772600 0.610978 0.172615
vn 0.558044 0.745581 0.364275
vn 0.261574 0.831850 0.489494
vn -0.077197 0.782785 0.617486
vn -0.154844 0.720767 0.675662
vn -0.151485 0.730256 0.666167
vn -0.222953 0.787078 0.575153
vn -0.363638 0.824713 0.433147
vn -0.472889 0.829673 0.296681
vn -0.581229 0.808083 0.095790
vn -0.613126 0.788584 -0.047037
vn -0.562087 0.824189 -0.069071
vn -0.420357 0.907296 -0.010696
vn -0.189163 0.980602 0.051350
vn -0.093770 0.995555 -0.008780
vn -0.250206 0.956240 -0.151667
vn -0.388849 0.878911 -0.276246
vn -0.378062 0.876935 -0.296739
vn 0.174380 0.982041 0.072027
vn 0.595949 0.741252 0.308853
vn 0.625709 0.689505 0.364790
vn 0.655281 0.634693 0.409600
vn 0.640973 0.629852 0.438681
vn 0.584367 0.659826 0.472382
vn 0.513681 0.699416 0.496940
vn 0.377096 0.768759 0.516535
vn 0.230989 0.836903 0.496224
vn 0.118022 0.897820 0.424253
vn -0.123280 0.950189 0.286257
vn -0.073420 0.961284 0.265598
vn -0.044269 0.946125 0.320761
vn -0.271794 0.902215 0.334868
vn -0.370068 0.861529 0.347587
vn -0.370877 0.862506 0.344289
vn -0.209671 0.896723 0.389777
vn -0.139259 0.866808 0.478801
vn -0.212120 0.795966 0.566960
vn -0.273727 0.745144 0.608140
vn -0.202141 0.743194 0.637810
vn -0.036065 0.746301 0.664631
vn 0.070381 0.729875 0.679947
vn -0.080995 0.685647 0.723414
vn -0.308872 0.614506 0.725934
vn -0.342966 0.565675 0.749925
vn -0.314494 0.592260 0.741837
vn -0.222542 0.610621 0.760011
vn -0.150154 0.631487 0.760709
vn -0.042659 0.668353 0.742620
vn 0.073590 0.693018 0.717155
vn 0.158548 0.807861 0.567647
vn 0.333972 0.929150 0.158565
vn 0.263451 0.959774 -0.097097
vn 0.009361 0.996175 -0.086882
vn -0.239571 0.965848 -0.098710
vn -0.413806 0.910224 0.015996
vn -0.452760 0.850201 0.268639
vn -0.362467 0.832045 0.419904
vn -0.247004 0.866465 0.433852
vn -0.107992 0.922023 0.371769
vn -0.139410 0.890801 0.432480
vn -0.150333 0.800621 0.580005
vn 0.106515 0.805191 0.583372
vn 0.645979 0.731637 0.217758
vn 0.820333 0.571014 0.031566
vn 0.845566 0.530610 -0.058915
vn 0.815458 0.572579 -0.084743
vn 0.676568 0.736301 -0.010829
vn 0.352461 0.928040 0.120471
vn 0.054385 0.979546 0.193731
vn -0.119455 0.951526 0.283424
vn -0.233102 0.919103 0.317667
vn -0.356925 0.889755 0.284499
vn -0.484667 0.852507 0.195778
vn -0.608632 0.791454 0.056284
vn -0.660214 0.749908 -0.041901
vn -0.632617 0.771157 -0.071502
vn -0.546148 0.835174 -0.064861
vn -0.418566 0.905226 -0.073269
vn -0.244363 0.960769 -0.131183
vn -0.221888 0.947255 -0.231244
vn -0.373949 0.857825 -0.352561
vn -0.405512 0.827119 -0.389146
vn 0.064160 0.997868 0.011980
vn 0.430963 0.817683 0.381661
vn 0.647632 0.638059 0.416477
vn 0.606461 0.628431 0.487112
vn 0.649790 0.600225 0.466372
vn 0.630139 0.617211 0.471143
vn 0.575094 0.659390 0.484222
vn 0.497790 0.711509 0.495944
vn 0.334294 0.791854 0.511091
vn 0.167102 0.863264 0.476290
vn 0.050065 0.914173 0.402221
vn -0.099801 0.948098 0.301912
vn -0.061382 0.944076 0.323965
vn -0.019189 0.948555 0.316031
vn -0.245793 0.917465 0.312799
vn -0.333920 0.878547 0.341546
vn -0.362142 0.849932 0.382712
vn -0.206267 0.901132 0.381334
vn -0.072390 0.926761 0.368610
vn -0.130202 0.900565 0.414765
vn -0.248329 0.846753 0.470470
vn -0.188938 0.830993 0.523214
vn -0.012459 0.819806 0.572506
vn 0.098212 0.812619 0.574461
vn 0.009342 0.802958 0.595962
vn -0.268567 0.729041 0.629580
vn -0.368109 0.676243 0.638116
vn -0.295479 0.639488 0.709751
vn -0.207686 0.634605 0.744408
vn -0.195084 0.635819 0.746777
vn -0.103999 0.667517 0.737296
vn -0.076974 0.700786 0.709207
vn -0.060618 0.755497 0.652342
vn -0.096200 0.856117 0.507749
vn -0.015132 0.988622 0.149660
vn -0.037547 0.979281 -0.198993
vn -0.223990 0.939825 -0.257988
vn -0.249234 0.952221 -0.176515
vn -0.194893 0.980058 0.038766
vn -0.301165 0.932496 0.199374
vn -0.258304 0.900543 0.349717
vn -0.157322 0.928994 0.334992
vn -0.030850 0.941653 0.335167
vn -0.010111 0.896292 0.443349
vn -0.037830 0.860587 0.507896
vn 0.463547 0.846905 0.260531
vn 0.761720 0.647868 0.007046
vn 0.796729 0.580140 -0.169292
vn 0.759828 0.567616 -0.316976
vn 0.652466 0.634087 -0.414997
vn 0.444969 0.800067 -0.402361
vn 0.140090 0.946414 -0.290990
vn -0.099084 0.961029 -0.258082
vn -0.257774 0.917151 -0.303953
vn -0.406873 0.830786 -0.379801
vn -0.513250 0.743242 -0.429146
vn -0.579505 0.698345 -0.420105
vn -0.606572 0.708463 -0.360762
vn -0.581459 0.758070 -0.295355
vn -0.511183 0.819338 -0.259571
vn -0.407045 0.879577 -0.246290
vn -0.289556 0.921777 -0.257845
vn -0.337170 0.882429 -0.328080
vn -0.421735 0.830878 -0.363017
vn -0.068649 0.990236 -0.121326
vn 0.483135 0.765699 0.424601
vn 0.492511 0.703990 0.511694
vn 0.646356 0.592375 0.480953
vn 0.616531 0.580221 0.532197
vn 0.619139 0.600581 0.505934
vn 0.606026 0.617160 0.501843
vn 0.547767 0.671502 0.499036
vn 0.467312 0.741587 0.481319
vn 0.283918 0.830807 0.478697
vn 0.090154 0.902667 0.420790
vn 0.008629 0.928524 0.371173
vn -0.058971 0.957151 0.283522
vn -0.075647 0.943943 0.321324
vn -0.055186 0.961135 0.270508
vn -0.228050 0.939433 0.255849
vn -0.298720 0.910143 0.287066
vn -0.346272 0.884578 0.312437
vn -0.276980 0.904987 0.322925
vn -0.115165 0.965343 0.234200
vn -0.063678 0.968465 0.240874
vn -0.204546 0.938870 0.276919
vn -0.107752 0.928602 0.355089
vn 0.041211 0.889473 0.455125
vn 0.075604 0.884073 0.461193
vn 0.075769 0.899025 0.431292
vn -0.180405 0.836770 0.516982
vn -0.316883 0.745811 0.585961
vn -0.296093 0.736375 0.608343
vn -0.213493 0.740081 0.637731
vn -0.236602 0.721874 0.650321
vn -0.130780 0.741586 0.657987
vn -0.095323 0.730912 0.675782
vn -0.130543 0.722459 0.678978
vn -0.233908 0.717590 0.656011
vn -0.306706 0.757183 0.576720
vn -0.368599 0.852959 0.369590
vn -0.285226 0.950949 0.119754
vn -0.178206 0.979144 -0.097564
vn -0.094815 0.985676 -0.139472
vn -0.141859 0.988184 -0.058042
vn -0.153534 0.981708 0.112594
vn -0.156111 0.968128 0.195849
vn -0.009221 0.972811 0.231415
vn 0.106997 0.956283 0.272166
vn -0.061231 0.941952 0.330117
vn 0.218878 0.932171 0.288358
vn 0.652754 0.755408 -0.057198
vn 0.700194 0.663570 -0.263446
vn 0.669328 0.611985 -0.421277
vn 0.598807 0.602213 -0.527986
vn 0.470731 0.660861 -0.584530
vn 0.176956 0.749978 -0.637354
vn -0.081452 0.771154 -0.631416
vn -0.277127 0.738672 -0.614463
vn -0.403246 0.688169 -0.603172
vn -0.476191 0.672369 -0.566711
vn -0.508649 0.692247 -0.511928
vn -0.511888 0.747494 -0.423348
vn -0.509238 0.811954 -0.285319
vn -0.474245 0.864099 -0.168595
vn -0.395434 0.909805 -0.126040
vn -0.351299 0.921656 -0.164741
vn -0.389965 0.893407 -0.223051
vn -0.253569 0.967125 -0.019278
vn 0.450246 0.795867 0.404814
vn 0.580769 0.676183 0.453303
vn 0.510129 0.653163 0.559595
vn 0.653881 0.567520 0.500360
vn 0.651229 0.558451 0.513841
vn 0.542515 0.601556 0.586351
vn 0.575747 0.636661 0.513008
vn 0.501589 0.717895 0.482738
vn 0.432082 0.780054 0.452572
vn 0.183257 0.900545 0.394254
vn -0.064406 0.964215 0.257179
vn 0.124369 0.950648 0.284255
vn -0.017946 0.969289 0.245271
vn -0.097716 0.955672 0.277746
vn -0.113088 0.968105 0.223569
vn -0.211186 0.955569 0.205640
vn -0.274815 0.936723 0.216857
vn -0.333048 0.914873 0.228224
vn -0.309613 0.916614 0.252899
vn -0.201657 0.959782 0.195326
vn -0.029923 0.973610 0.226250
vn -0.186955 0.955719 0.227263
vn -0.006921 0.968846 0.247566
vn 0.107419 0.945393 0.307724
vn 0.042058 0.948784 0.313112
vn 0.084839 0.960782 0.264009
vn -0.045975 0.953458 0.297999
vn -0.224358 0.879039 0.420660
vn -0.307447 0.804052 0.508899
vn -0.236601 0.818257 0.523905
vn -0.232451 0.808996 0.539900
vn -0.117974 0.807264 0.578280
vn -0.048650 0.784262 0.618519
vn -0.113750 0.756594 0.643915
vn -0.220169 0.719439 0.658736
vn -0.342598 0.679559 0.648711
vn -0.409580 0.670378 0.618738
vn -0.452055 0.715136 0.533130
vn -0.418257 0.820051 0.390612
vn -0.240110 0.965265 0.103010
vn -0.061306 0.988925 -0.135160
vn -0.052359 0.992949 -0.106350
vn -0.111830 0.988607 -0.100745
vn 0.097890 0.994435 0.038937
vn 0.141453 0.983058 0.116570
vn 0.074756 0.978487 0.192288
vn 0.066258 0.918149 0.390657
vn 0.405997 0.909542 0.088888
vn 0.590210 0.780623 -0.205618
vn 0.588551 0.704512 -0.396572
vn 0.545038 0.650320 -0.529166
vn 0.396097 0.643774 -0.654723
vn 0.131931 0.645387 -0.752376
vn -0.056450 0.638612 -0.767455
vn -0.234499 0.626424 -0.743373
vn -0.328975 0.626780 -0.706344
vn -0.369342 0.674138 -0.639628
vn -0.404147 0.749124 -0.524860
vn -0.382765 0.842234 -0.379648
vn -0.359107 0.909066 -0.211284
vn -0.399283 0.911632 -0.097473
vn -0.422989 0.899019 -0.113336
vn -0.410177 0.894542 -0.177624
vn -0.205614 0.973566 0.099456
vn 0.234775 0.820927 0.520538
vn 0.428650 0.706814 0.562737
vn 0.637252 0.603722 0.478988
vn 0.530031 0.613492 0.585401
vn 0.624729 0.559855 0.544312
vn 0.678827 0.560045 0.474914
vn 0.514387 0.630848 0.580893
vn 0.513867 0.702568 0.492278
vn 0.458440 0.775209 0.434607
vn 0.377800 0.839307 0.390936
vn 0.043095 0.956541 0.288395
vn -0.089732 0.943417 0.319238
vn 0.146973 0.948236 0.281508
vn 0.000119 0.971652 0.236414
vn -0.119508 0.971671 0.203896
vn -0.150295 0.969575 0.193226
vn -0.221706 0.954383 0.199996
vn -0.287870 0.941772 0.173771
vn -0.323698 0.933356 0.155136
vn -0.316891 0.939892 0.127216
vn -0.174390 0.970780 0.164844
vn -0.013440 0.969216 0.245846
vn -0.181576 0.952114 0.245985
vn -0.030925 0.973494 0.226611
vn 0.117548 0.980417 0.158000
vn 0.026666 0.987916 0.152681
vn 0.044383 0.993153 0.108065
vn -0.013935 0.996018 0.088054
vn -0.127215 0.983689 0.127168
vn -0.189255 0.956225 0.223198
vn -0.264729 0.903912 0.335949
vn -0.188243 0.901828 0.388935
vn -0.059581 0.870473 0.488598
vn 0.019094 0.835777 0.548737
vn -0.097778 0.818582 0.566007
vn -0.144400 0.788051 0.598434
vn -0.313875 0.705837 0.635041
vn -0.421418 0.653474 0.628791
vn -0.512700 0.635574 0.577221
vn -0.522494 0.684354 0.508586
vn -0.481393 0.789878 0.379939
vn -0.349200 0.930556 0.110117
vn -0.080386 0.964738 -0.250637
vn -0.057344 0.961794 -0.267702
vn 0.218682 0.964661 -0.146993
vn 0.254917 0.966770 -0.019294
vn 0.245720 0.954257 0.170339
vn 0.150202 0.960339 0.234921
vn 0.165848 0.942558 0.289965
vn 0.380306 0.922196 0.070160
vn 0.433501 0.868983 -0.238633
vn 0.439438 0.768716 -0.464725
vn 0.259835 0.716893 -0.646954
vn 0.044349 0.657795 -0.751890
vn -0.075389 0.620742 -0.780382
vn -0.201302 0.606491 -0.769185
vn -0.239120 0.632119 -0.737053
vn -0.208536 0.709159 -0.673503
vn -0.196054 0.819608 -0.538335
vn -0.215508 0.914875 -0.341408
vn -0.303461 0.907849 -0.289346
vn -0.407416 0.851924 -0.328995
vn -0.404849 0.880438 -0.246832
vn -0.017941 0.961601 0.273865
vn 0.234190 0.792657 0.562895
vn 0.324970 0.713057 0.621244
vn 0.442041 0.639726 0.628769
vn 0.609551 0.560732 0.560382
vn 0.548432 0.581447 0.600951
vn 0.585768 0.571456 0.574729
vn 0.617771 0.599411 0.508985
vn 0.582858 0.691705 0.426405
vn 0.418238 0.786901 0.453722
vn 0.392157 0.840610 0.373613
vn 0.264055 0.920470 0.288114
vn 0.099375 0.940326 0.325441
vn -0.128392 0.941805 0.310674
vn 0.140815 0.942342 0.303584
vn -0.113287 0.969719 0.216359
vn -0.121619 0.978954 0.163885
vn -0.169404 0.975983 0.136965
vn -0.223941 0.970614 0.088085
vn -0.288250 0.952843 0.094876
vn -0.341179 0.933075 0.113874
vn -0.308621 0.939972 0.145622
vn -0.081935 0.972424 0.218354
vn -0.013268 0.977511 0.210469
vn -0.178509 0.960645 0.212829
vn -0.139398 0.969774 0.200265
vn 0.084459 0.992390 0.089601
vn 0.027059 0.996282 0.081796
vn -0.038446 0.998535 0.038079
vn -0.007438 0.998813 -0.048138
vn -0.087251 0.994353 -0.060413
vn -0.159839 0.986287 -0.041095
vn -0.125465 0.992072 0.007164
vn -0.063759 0.967834 0.243377
vn 0.073345 0.912360 0.402764
vn 0.085029 0.869048 0.487367
vn -0.114868 0.862875 0.492191
vn -0.047820 0.861961 0.504714
vn -0.249217 0.785956 0.565830
vn -0.414227 0.699443 0.582405
vn -0.538902 0.628784 0.560548
vn -0.579382 0.622996 0.525540
vn -0.595881 0.670554 0.441909
vn -0.572461 0.763329 0.299363
vn -0.423392 0.905067 0.039917
vn -0.004460 0.961965 -0.273136
vn 0.262792 0.903871 -0.337575
vn 0.394129 0.872906 -0.287571
vn 0.355029 0.921660 -0.156518
vn 0.203245 0.978715 -0.028421
vn 0.148389 0.988928 -0.001178
vn 0.204586 0.975628 -0.079340
vn 0.227596 0.956832 -0.180757
vn 0.256760 0.907674 -0.331967
vn 0.059278 0.854423 -0.516185
vn -0.113249 0.762148 -0.637421
vn -0.148955 0.669172 -0.728026
vn -0.182014 0.644174 -0.742907
vn -0.148859 0.686785 -0.711454
vn -0.036478 0.765291 -0.642650
vn 0.042676 0.857797 -0.512214
vn -0.092205 0.921722 -0.376733
vn -0.327133 0.902229 -0.281012
vn -0.203133 0.970302 0.131344
vn 0.081309 0.846962 0.525399
vn 0.221789 0.756080 0.615754
vn 0.309848 0.690129 0.654000
vn 0.359693 0.645927 0.673349
vn 0.441092 0.611817 0.656596
vn 0.594402 0.550850 0.585875
vn 0.545763 0.604631 0.580141
vn 0.572626 0.623586 0.532202
vn 0.554430 0.684340 0.473589
vn 0.498853 0.773175 0.391595
vn 0.403498 0.847445 0.345002
vn 0.328597 0.896083 0.298429
vn 0.255090 0.931177 0.260457
vn 0.112656 0.960921 0.252863
vn -0.099823 0.955836 0.276430
vn 0.123687 0.948710 0.290949
vn -0.126497 0.971912 0.198459
vn -0.119579 0.968837 0.216923
vn -0.200196 0.956233 0.213399
vn -0.265487 0.946214 0.184922
vn -0.303484 0.941844 0.144319
vn -0.304177 0.942863 0.135960
vn -0.270005 0.949126 0.162042
vn -0.045839 0.970270 0.237645
vn -0.042547 0.980042 0.194186
vn -0.178247 0.968612 0.173260
vn -0.182695 0.971643 0.150107
vn 0.037233 0.983141 0.179017
vn 0.016378 0.989639 0.142642
vn -0.122772 0.985375 0.118166
vn -0.089677 0.994401 0.055895
vn -0.137571 0.989907 0.034043
vn -0.164465 0.982675 -0.085442
vn 0.114567 0.992825 0.034257
vn 0.132630 0.968345 0.211464
vn 0.219019 0.912217 0.346254
vn 0.150012 0.891487 0.427490
vn -0.143539 0.885654 0.441604
vn -0.000152 0.900792 0.434251
vn -0.172054 0.861690 0.477375
vn -0.370301 0.771835 0.516864
vn -0.532264 0.667134 0.521179
vn -0.611069 0.612128 0.501890
vn -0.646764 0.608669 0.459585
vn -0.637805 0.655231 0.404817
vn -0.572243 0.751001 0.329447
vn -0.373110 0.917177 0.139915
vn 0.104337 0.937945 -0.330716
vn 0.405937 0.816238 -0.411061
vn 0.425397 0.812500 -0.398600
vn 0.319989 0.893494 -0.315081
vn 0.165226 0.965972 -0.198994
vn 0.153936 0.970885 -0.183538
vn 0.163174 0.963347 -0.212926
vn 0.076338 0.920142 -0.384073
vn -0.070697 0.852165 -0.518475
vn -0.275206 0.795222 -0.540263
vn -0.311192 0.748718 -0.585304
vn -0.213961 0.739878 -0.637809
vn -0.042585 0.783539 -0.619881
vn 0.127964 0.852606 -0.506643
vn 0.230057 0.911485 -0.340982
vn 0.132968 0.991120 0.000838
vn 0.166038 0.885532 0.433895
vn 0.129855 0.793544 0.594497
vn 0.182943 0.725879 0.663048
vn 0.272211 0.668510 0.692095
vn 0.343119 0.627534 0.698907
vn 0.361277 0.600681 0.713205
vn 0.407461 0.586583 0.699926
vn 0.524810 0.637894 0.563618
vn 0.557777 0.693251 0.456386
vn 0.567046 0.726086 0.388919
vn 0.532609 0.777380 0.334675
vn 0.457593 0.840687 0.289577
vn 0.363924 0.896826 0.251520
vn 0.297585 0.928133 0.223635
vn 0.215268 0.956927 0.194810
vn 0.109907 0.980648 0.162018
vn -0.024581 0.979053 0.202114
vn 0.093666 0.970589 0.221773
vn -0.118190 0.968599 0.218738
vn -0.112301 0.965331 0.235638
vn -0.209550 0.951796 0.223995
vn -0.275618 0.937471 0.212562
vn -0.309225 0.929517 0.200940
vn -0.308943 0.930839 0.195177
vn -0.274983 0.943420 0.185316
vn 0.015754 0.962727 0.270016
vn -0.090427 0.967729 0.235211
vn -0.210785 0.956968 0.199453
vn -0.126624 0.970764 0.203923
vn 0.033598 0.962809 0.268086
vn -0.006640 0.964884 0.262593
vn -0.110580 0.961009 0.253444
vn -0.044368 0.951821 0.303427
vn -0.174614 0.926446 0.333480
vn -0.267081 0.915944 0.299525
vn 0.194714 0.968895 0.152737
vn 0.268365 0.927334 0.260831
vn 0.300044 0.899732 0.316949
vn 0.201223 0.910072 0.362324
vn -0.147766 0.911072 0.384855
vn 0.010713 0.915648 0.401839
vn -0.109881 0.898919 0.424111
vn -0.299490 0.834260 0.462942
vn -0.503543 0.717761 0.480898
vn -0.606409 0.630596 0.484372
vn -0.648196 0.588663 0.483030
vn -0.642628 0.597684 0.479378
vn -0.605808 0.651318 0.456926
vn -0.553351 0.746201 0.370117
vn -0.385842 0.909944 0.152075
vn 0.296842 0.879210 -0.372660
vn 0.431290 0.789714 -0.436281
vn 0.406817 0.810975 -0.420499
vn 0.252686 0.896416 -0.364127
vn 0.188125 0.938798 -0.288560
vn 0.022007 0.959258 -0.281674
vn -0.097210 0.903179 -0.418113
vn -0.166521 0.852434 -0.495608
vn -0.314979 0.787978 -0.529035
vn -0.325401 0.772530 -0.545262
vn -0.187997 0.844761 -0.501034
vn 0.169512 0.962652 -0.211108
vn 0.452285 0.863252 0.224128
vn 0.457274 0.775955 0.434503
vn 0.359978 0.778069 0.514805
vn 0.271586 0.752880 0.599510
vn 0.231147 0.708686 0.666584
vn 0.248497 0.666708 0.702673
vn 0.304258 0.626594 0.717500
vn 0.375585 0.583814 0.719789
vn 0.335410 0.664931 0.667358
vn 0.345920 0.723330 0.597606
vn 0.372632 0.752505 0.543030
vn 0.529269 0.774003 0.347553
vn 0.540064 0.808970 0.232161
vn 0.507715 0.846075 0.162429
vn 0.430754 0.895521 0.111770
vn 0.349377 0.933011 0.086173
vn 0.291563 0.952895 0.083554
vn 0.200148 0.975420 0.092175
vn 0.106849 0.989521 0.097116
vn 0.039605 0.992564 0.115102
vn 0.060550 0.990669 0.122099
vn -0.119013 0.963456 0.239974
vn -0.105702 0.962985 0.247965
vn -0.219034 0.948633 0.228297
vn -0.280862 0.932841 0.225666
vn -0.316291 0.923423 0.217373
vn -0.317296 0.925261 0.207883
vn -0.188534 0.946281 0.262694
vn 0.002536 0.955730 0.294233
vn -0.119331 0.954059 0.274829
vn -0.213391 0.940377 0.264868
vn -0.083637 0.952099 0.294131
vn 0.074920 0.938183 0.337933
vn -0.015130 0.928650 0.370649
vn -0.078206 0.926775 0.367386
vn -0.001021 0.920242 0.391348
vn -0.170847 0.902021 0.396445
vn -0.296627 0.881004 0.368572
vn 0.061205 0.959965 0.273351
vn 0.375114 0.893471 0.246978
vn 0.310584 0.882161 0.354018
vn 0.207031 0.917800 0.338794
vn -0.114939 0.933137 0.340652
vn 0.032086 0.920336 0.389810
vn -0.080992 0.915345 0.394441
vn -0.235551 0.881172 0.409941
vn -0.444174 0.776119 0.447604
vn -0.566937 0.666155 0.484582
vn -0.622640 0.597495 0.505291
vn -0.634470 0.576313 0.515084
vn -0.629490 0.593846 0.501088
vn -0.610087 0.647874 0.456127
vn -0.544694 0.736097 0.401833
vn -0.267886 0.940452 0.209255
vn 0.384820 0.862366 -0.328998
vn 0.425175 0.811879 -0.400098
vn 0.308461 0.853929 -0.419115
vn 0.250845 0.885257 -0.391660
vn -0.051310 0.911697 -0.407647
vn -0.182359 0.872118 -0.454043
vn -0.233467 0.835684 -0.497117
vn -0.338751 0.808693 -0.480898
vn -0.251422 0.936691 -0.243716
vn 0.269572 0.898897 0.345421
vn 0.433140 0.750415 0.499267
vn 0.544163 0.685678 0.483459
vn 0.431649 0.660612 0.614224
vn 0.363508 0.682557 0.634018
vn 0.320418 0.670984 0.668665
vn 0.274768 0.661571 0.697729
vn 0.281981 0.648187 0.707347
vn 0.356803 0.616499 0.701870
vn 0.243873 0.710049 0.660573
vn 0.304066 0.710402 0.634722
vn 0.325385 0.716847 0.616648
vn 0.288121 0.762233 0.579644
vn 0.287616 0.807441 0.515089
vn 0.419712 0.857639 0.297147
vn 0.457598 0.880271 0.125405
vn 0.400778 0.913977 0.063425
vn 0.340636 0.939356 0.039715
vn 0.299054 0.953713 0.031590
vn 0.218847 0.975143 0.034670
vn 0.116268 0.992139 0.046271
vn 0.058717 0.996851 0.053299
vn 0.041184 0.997484 0.057710
vn -0.122820 0.960180 0.250937
vn -0.110707 0.963139 0.245170
vn -0.225613 0.947825 0.225224
vn -0.278869 0.933619 0.224918
vn -0.317486 0.920259 0.228749
vn -0.282696 0.921436 0.266531
vn -0.127269 0.929887 0.345127
vn -0.015859 0.960723 0.277054
vn -0.119497 0.941365 0.315520
vn -0.179780 0.920543 0.346813
vn -0.067093 0.934260 0.350223
vn 0.137696 0.915244 0.378640
vn -0.005794 0.904791 0.425816
vn -0.071936 0.904103 0.421216
vn -0.018462 0.916513 0.399579
vn -0.169530 0.913406 0.370065
vn -0.311137 0.878832 0.361730
vn -0.056246 0.935203 0.349616
vn 0.396806 0.880575 0.259098
vn 0.355370 0.900883 0.249241
vn 0.189666 0.947217 0.258468
vn -0.067692 0.958735 0.276126
vn 0.045099 0.937302 0.345589
vn -0.085169 0.934386 0.345932
vn -0.205715 0.919890 0.333892
vn -0.364304 0.853925 0.371609
vn -0.505149 0.737266 0.448624
vn -0.591650 0.636202 0.495174
vn -0.632394 0.585342 0.507398
vn -0.650157 0.576064 0.495424
vn -0.640199 0.601481 0.477877
vn -0.582896 0.668605 0.461735
vn -0.463391 0.773351 0.432664
vn -0.080457 0.972082 0.220414
vn 0.338854 0.921472 -0.189912
vn 0.301859 0.890727 -0.339834
vn 0.224124 0.883103 -0.412186
vn -0.084533 0.885432 -0.457018
vn -0.220659 0.849893 -0.478531
vn -0.230402 0.868019 -0.439839
vn 0.065430 0.995479 0.068852
vn 0.339112 0.749718 0.568266
vn 0.355757 0.671785 0.649725
vn 0.390765 0.613854 0.685919
vn 0.457278 0.594474 0.661436
vn 0.490090 0.592185 0.639631
vn 0.316690 0.621308 0.716718
vn 0.322043 0.623823 0.712133
vn 0.265704 0.645000 0.716502
vn 0.276795 0.656552 0.701658
vn 0.374257 0.650824 0.660576
vn 0.096447 0.738485 0.667337
vn 0.333570 0.707091 0.623501
vn 0.254046 0.759242 0.599176
vn 0.225172 0.795013 0.563251
vn 0.220958 0.820625 0.527023
vn 0.234698 0.842595 0.484717
vn 0.269708 0.880560 0.389707
vn 0.323235 0.915577 0.239246
vn 0.310553 0.940166 0.140161
vn 0.272208 0.959751 0.069141
vn 0.202927 0.979136 0.010688
vn 0.122911 0.992417 0.000592
vn 0.078377 0.996647 0.023479
vn 0.051228 0.997471 0.049266
vn -0.146943 0.954123 0.260879
vn -0.119692 0.966372 0.227592
vn -0.226501 0.949087 0.218930
vn -0.273280 0.936360 0.220334
vn -0.282385 0.927529 0.244844
vn -0.223909 0.926292 0.303066
vn -0.176413 0.938531 0.296713
vn 0.007488 0.952483 0.304499
vn -0.066420 0.938636 0.338454
vn -0.163187 0.913816 0.371901
vn -0.065835 0.923907 0.376912
vn 0.197670 0.902339 0.383029
vn 0.009122 0.907851 0.419194
vn -0.097865 0.906456 0.410803
vn -0.079469 0.925614 0.370033
vn -0.171624 0.929191 0.327338
vn -0.308909 0.892849 0.327713
vn -0.106033 0.921448 0.373753
vn 0.338632 0.893639 0.294511
vn 0.322645 0.915107 0.241824
vn 0.147792 0.971022 0.187812
vn 0.003239 0.980538 0.196301
vn 0.109948 0.965066 0.237823
vn -0.083682 0.959884 0.267619
vn -0.212697 0.942915 0.256263
vn -0.290044 0.916247 0.276344
vn -0.422912 0.837076 0.347058
vn -0.557475 0.717900 0.416943
vn -0.641868 0.627461 0.440792
vn -0.676843 0.591648 0.437991
vn -0.667825 0.599076 0.441722
vn -0.622493 0.640648 0.449526
vn -0.544560 0.717096 0.435003
vn -0.369782 0.852974 0.368371
vn 0.006293 0.996550 0.082750
vn 0.176831 0.953052 -0.245810
vn 0.096909 0.913421 -0.395311
vn -0.087723 0.892275 -0.442888
vn -0.155090 0.930323 -0.332335
vn 0.342258 0.886580 0.311184
vn 0.440061 0.707365 0.553155
vn 0.433707 0.628681 0.645491
vn 0.408266 0.576332 0.707926
vn 0.398672 0.546056 0.736807
vn 0.365837 0.550304 0.750552
vn 0.494773 0.567858 0.657828
vn 0.283921 0.596650 0.750598
vn 0.296191 0.627359 0.720202
vn 0.226761 0.667405 0.709331
vn 0.241727 0.689834 0.682420
vn 0.359960 0.705242 0.610789
vn 0.049931 0.751702 0.657610
vn 0.284086 0.769164 0.572435
vn 0.213733 0.810538 0.545294
vn 0.189956 0.834523 0.517192
vn 0.188695 0.850366 0.491194
vn 0.186145 0.864427 0.467029
vn 0.194831 0.884534 0.423841
vn 0.208206 0.904897 0.371229
vn 0.212025 0.921668 0.324921
vn 0.166967 0.951141 0.259718
vn 0.134596 0.977796 0.160618
vn 0.133819 0.982361 0.130608
vn 0.070552 0.992086 0.103860
vn 0.061356 0.995742 0.068799
vn -0.172038 0.953884 0.245983
vn -0.137534 0.966148 0.218273
vn -0.223002 0.951517 0.211863
vn -0.261387 0.940244 0.218215
vn -0.226320 0.934462 0.274882
vn -0.197710 0.934206 0.296936
vn -0.178101 0.933508 0.311197
vn 0.010785 0.948725 0.315919
vn -0.018896 0.941929 0.335280
vn -0.140667 0.921771 0.361318
vn -0.069467 0.924520 0.374749
vn 0.216094 0.905816 0.364419
vn 0.013768 0.929741 0.367957
vn -0.125896 0.923724 0.361779
vn -0.124405 0.930244 0.345208
vn -0.173610 0.928651 0.327821
vn -0.285010 0.898253 0.334530
vn -0.110341 0.919139 0.378164
vn 0.295804 0.911102 0.287043
vn 0.245999 0.944118 0.219375
vn 0.102801 0.983792 0.146919
vn 0.070320 0.978461 0.194088
vn 0.079806 0.973644 0.213657
vn -0.061180 0.980466 0.186934
vn -0.220601 0.955521 0.195739
vn -0.272667 0.944108 0.185237
vn -0.370843 0.909323 0.188701
vn -0.521231 0.817029 0.246541
vn -0.650869 0.698926 0.296432
vn -0.701579 0.636305 0.320785
vn -0.692075 0.631103 0.350344
vn -0.649905 0.656470 0.382977
vn -0.582349 0.703481 0.407412
vn -0.468106 0.775342 0.423935
vn -0.284026 0.901168 0.327453
vn -0.194590 0.977247 0.084394
vn -0.001401 0.986574 -0.163308
vn 0.082406 0.996326 -0.023334
vn 0.398747 0.816368 0.417785
vn 0.507584 0.685204 0.522354
vn 0.524916 0.610524 0.593063
vn 0.504723 0.565051 0.652665
vn 0.461832 0.540988 0.702882
vn 0.416711 0.538762 0.732180
vn 0.337117 0.572566 0.747342
vn 0.420061 0.588795 0.690558
vn 0.298814 0.668214 0.681323
vn 0.254281 0.713948 0.652395
vn 0.201047 0.750161 0.629952
vn 0.212309 0.766723 0.605855
vn 0.291550 0.784150 0.547821
vn 0.099996 0.812669 0.574082
vn 0.173755 0.851754 0.494293
vn 0.182737 0.880186 0.438041
vn 0.166391 0.897961 0.407406
vn 0.170306 0.908687 0.381161
vn 0.163657 0.918962 0.358783
vn 0.163021 0.927033 0.337688
vn 0.172688 0.929678 0.325388
vn 0.167937 0.942499 0.288951
vn 0.104606 0.962772 0.249254
vn 0.082303 0.971313 0.223109
vn 0.093601 0.976402 0.194624
vn 0.044543 0.984732 0.168283
vn 0.021620 0.994042 0.106831
vn -0.170242 0.959807 0.223131
vn -0.163771 0.962996 0.214051
vn -0.219827 0.953008 0.208449
vn -0.211170 0.946618 0.243561
vn -0.204866 0.938864 0.276702
vn -0.150287 0.940573 0.304526
vn -0.169559 0.914651 0.366965
vn -0.013922 0.942979 0.332560
vn 0.013118 0.947078 0.320734
vn -0.132202 0.935610 0.327348
vn -0.051868 0.928597 0.367446
vn 0.191193 0.923421 0.332774
vn -0.002272 0.954583 0.297936
vn -0.119494 0.943601 0.308768
vn -0.117186 0.934513 0.336086
vn -0.169222 0.922078 0.348046
vn -0.259066 0.899644 0.351463
vn -0.184298 0.914242 0.360825
vn 0.215319 0.955965 0.199422
vn 0.177180 0.976608 0.121838
vn 0.104238 0.989249 0.102567
vn 0.106504 0.985595 0.131375
vn 0.064011 0.991668 0.111791
vn -0.069105 0.993549 0.089921
vn -0.207419 0.971239 0.116929
vn -0.292616 0.947214 0.130999
vn -0.352836 0.926289 0.132269
vn -0.471446 0.869977 0.144497
vn -0.633692 0.757443 0.157209
vn -0.706903 0.683892 0.180501
vn -0.705976 0.674296 0.216616
vn -0.673294 0.695769 0.250163
vn -0.612084 0.740057 0.278692
vn -0.517829 0.802442 0.296548
vn -0.397775 0.871123 0.287958
vn -0.279445 0.910405 0.305079
vn 0.149951 0.836997 0.526260
vn 0.199032 0.840940 0.503196
vn 0.489978 0.690139 0.532569
vn 0.556497 0.609638 0.564493
vn 0.572834 0.566891 0.592027
vn 0.557929 0.552820 0.618954
vn 0.513622 0.567882 0.643197
vn 0.440503 0.619251 0.649989
vn 0.333854 0.696041 0.635664
vn 0.348470 0.729803 0.588180
vn 0.323907 0.807799 0.492488
vn 0.210927 0.860037 0.464592
vn 0.208256 0.872242 0.442520
vn 0.206426 0.880851 0.426016
vn 0.222699 0.894791 0.386980
vn 0.143790 0.936277 0.320484
vn 0.089529 0.941592 0.324637
vn 0.149358 0.953425 0.262054
vn 0.148208 0.959466 0.239707
vn 0.152982 0.962840 0.222567
vn 0.154233 0.964980 0.212192
vn 0.166263 0.961822 0.217381
vn 0.168126 0.964690 0.202750
vn 0.109323 0.982570 0.150348
vn 0.090577 0.988294 0.122766
vn 0.092875 0.985145 0.144444
vn 0.081292 0.987685 0.133679
vn 0.019302 0.990420 0.136729
vn -0.018475 0.982081 0.187551
vn -0.157154 0.967733 0.196968
vn -0.176251 0.962507 0.206195
vn -0.197372 0.955124 0.220869
vn -0.172448 0.951332 0.255398
vn -0.179107 0.943286 0.279520
vn -0.125122 0.946829 0.296411
vn -0.093034 0.947569 0.305708
vn -0.083779 0.924494 0.371877
vn 0.000343 0.940858 0.338800
vn -0.094296 0.935904 0.339401
vn -0.050147 0.941847 0.332279
vn 0.113296 0.952899 0.281330
vn -0.024604 0.974335 0.223755
vn -0.073021 0.964183 0.254990
vn -0.073721 0.947884 0.309970
vn -0.160987 0.929043 0.333110
vn -0.254101 0.907921 0.333334
vn -0.226753 0.918082 0.325129
vn -0.030025 0.979075 0.201275
vn 0.153772 0.988101 -0.003265
vn 0.120766 0.992621 -0.010936
vn 0.106213 0.994324 -0.006236
vn 0.037774 0.999279 0.003865
vn -0.066524 0.996796 0.044415
vn -0.171434 0.983128 0.063791
vn -0.262910 0.961651 0.078139
vn -0.355778 0.930687 0.085108
vn -0.494750 0.868385 0.033610
vn -0.640158 0.768211 -0.007094
vn -0.705174 0.709031 -0.002186
vn -0.708773 0.705200 0.018272
vn -0.683494 0.728933 0.038642
vn -0.631474 0.773320 0.056713
vn -0.530547 0.841420 0.102632
vn -0.339490 0.901451 0.268575
vn 0.019152 0.849004 0.528039
vn 0.156135 0.758248 0.632995
vn 0.258348 0.768708 0.585102
vn 0.543752 0.648954 0.532158
vn 0.607767 0.597305 0.523303
vn 0.619121 0.585189 0.523683
vn 0.598659 0.613817 0.514623
vn 0.539482 0.688689 0.484425
vn 0.431524 0.802788 0.411483
vn 0.335683 0.887135 0.316715
vn 0.320437 0.913393 0.251063
vn 0.279135 0.946624 0.161205
vn 0.211859 0.960499 0.180434
vn 0.216665 0.962505 0.163217
vn 0.199907 0.968573 0.148000
vn 0.174116 0.977390 0.119966
vn 0.119017 0.990976 0.061660
vn 0.043718 0.995480 0.084313
vn 0.113446 0.993435 0.014696
vn 0.144042 0.989552 -0.006167
vn 0.165185 0.986262 -0.001197
vn 0.186511 0.981812 0.035478
vn 0.169339 0.983930 0.056620
vn 0.121038 0.991689 0.043620
vn 0.104026 0.992607 0.062527
vn 0.098189 0.991936 0.080134
vn 0.088834 0.992260 0.086771
vn 0.065374 0.995163 0.073321
vn 0.039554 0.996570 0.072685
vn 0.028797 0.994420 0.101486
vn -0.137141 0.976909 0.163831
vn -0.165172 0.967025 0.193857
vn -0.165506 0.961173 0.220802
vn -0.145793 0.957597 0.248499
vn -0.145892 0.949725 0.277017
vn -0.134239 0.942215 0.306937
vn -0.096112 0.953005 0.287304
vn -0.044254 0.964078 0.261908
vn -0.010262 0.961366 0.275082
vn -0.105086 0.956761 0.271228
vn -0.079815 0.956815 0.279527
vn 0.028930 0.975153 0.219636
vn -0.032137 0.984765 0.170894
vn -0.016519 0.978481 0.205676
vn -0.023330 0.965556 0.259146
vn -0.149436 0.948569 0.279080
vn -0.254127 0.923821 0.286311
vn -0.260038 0.922782 0.284346
vn -0.215184 0.945460 0.244544
vn -0.021616 0.997096 0.073025
vn 0.103649 0.994261 -0.026491
vn 0.148935 0.988385 -0.030225
vn 0.121660 0.991061 0.054739
vn 0.016225 0.991222 0.131208
vn -0.165686 0.973774 0.155923
vn -0.255459 0.952163 0.167711
vn -0.399553 0.907951 0.126423
vn -0.558157 0.829437 0.022239
vn -0.659750 0.749780 -0.050584
vn -0.703288 0.707919 -0.065091
vn -0.702974 0.707948 -0.068099
vn -0.673249 0.737001 -0.059704
vn -0.592071 0.805721 0.016300
vn -0.339525 0.887168 0.312498
vn -0.031483 0.827513 0.560562
vn 0.196056 0.725617 0.659577
vn 0.103987 0.755615 0.646710
vn 0.259972 0.715119 0.648860
vn 0.529431 0.644985 0.551088
vn 0.606589 0.620609 0.496884
vn 0.618061 0.651616 0.439770
vn 0.587608 0.738423 0.330831
vn 0.495936 0.854650 0.153695
vn 0.359161 0.933223 0.009927
vn 0.283490 0.958713 -0.022438
vn 0.271063 0.961073 -0.053518
vn 0.246498 0.960107 -0.132036
vn 0.201121 0.964110 -0.173325
vn 0.217031 0.956607 -0.194426
vn 0.194256 0.964739 -0.177604
vn 0.167269 0.971869 -0.165808
vn 0.133356 0.979634 -0.150109
vn 0.063922 0.991712 -0.111450
vn 0.069077 0.992798 -0.097879
vn 0.142110 0.985657 -0.091025
vn 0.190860 0.979432 -0.065470
vn 0.193550 0.978735 -0.067942
vn 0.165756 0.981310 -0.097748
vn 0.153346 0.985456 -0.073223
vn 0.141331 0.989314 -0.035838
vn 0.126844 0.991915 0.003952
vn 0.093856 0.995077 0.031813
vn 0.062736 0.996829 0.048951
vn 0.064591 0.995745 0.065733
vn 0.029032 0.996645 0.076521
vn -0.104990 0.985308 0.134705
vn -0.139173 0.973272 0.182683
vn -0.137212 0.967773 0.211160
vn -0.119710 0.964117 0.236955
vn -0.113976 0.958536 0.261185
vn -0.118786 0.951545 0.283641
vn -0.115774 0.950426 0.288596
vn -0.078654 0.957013 0.279176
vn -0.028384 0.971327 0.236049
vn -0.095245 0.971423 0.217406
vn -0.099086 0.969303 0.225021
vn -0.037103 0.981982 0.185294
vn -0.024171 0.986551 0.161660
vn 0.021797 0.982819 0.183282
vn 0.008813 0.977201 0.212131
vn -0.133570 0.965895 0.221825
vn -0.241096 0.941081 0.237149
vn -0.274496 0.930774 0.241477
vn -0.231298 0.932389 0.277761
vn -0.101543 0.956002 0.275226
vn 0.015946 0.978306 0.206550
vn 0.181877 0.970001 0.161307
vn 0.134235 0.981639 0.135518
vn 0.022495 0.993483 0.111735
vn -0.146033 0.981318 0.125259
vn -0.273029 0.954313 0.121415
vn -0.449969 0.890018 0.073455
vn -0.601704 0.798085 0.031825
vn -0.675651 0.737188 0.006995
vn -0.705619 0.708581 -0.003941
vn -0.699962 0.714110 0.009949
vn -0.630798 0.770444 0.092250
vn -0.318360 0.853138 0.413283
vn -0.052883 0.778008 0.626025
vn 0.097555 0.712270 0.695094
vn 0.243044 0.667437 0.703887
vn 0.031040 0.714898 0.698540
vn 0.256950 0.683631 0.683100
vn 0.423548 0.669144 0.610618
vn 0.587596 0.681133 0.436794
vn 0.570405 0.747694 0.339987
vn 0.466834 0.852899 0.233732
vn 0.356847 0.933713 0.028998
vn 0.311016 0.948278 -0.063547
vn 0.275974 0.957107 -0.088227
vn 0.222286 0.967294 -0.122191
vn 0.187240 0.968626 -0.163415
vn 0.173938 0.966971 -0.186310
vn 0.193454 0.954360 -0.227537
vn 0.216021 0.949503 -0.227551
vn 0.170906 0.961239 -0.216360
vn 0.145536 0.965242 -0.217088
vn 0.117892 0.982192 -0.146287
vn 0.158470 0.987347 -0.005686
vn 0.161420 0.986181 0.037294
vn 0.152936 0.988236 0.000612
vn 0.148153 0.985996 -0.076569
vn 0.176460 0.981456 -0.074875
vn 0.178076 0.982253 -0.058895
vn 0.172230 0.984530 -0.032218
vn 0.159761 0.987147 -0.004214
vn 0.126604 0.991641 0.024886
vn 0.088303 0.994835 0.050057
vn 0.079004 0.994653 0.066515
vn 0.029688 0.996942 0.072292
vn -0.063013 0.989415 0.130715
vn -0.107829 0.977941 0.178897
vn -0.116051 0.973287 0.198101
vn -0.098833 0.971098 0.217259
vn -0.094704 0.968214 0.231500
vn -0.108424 0.964126 0.242293
vn -0.110987 0.963238 0.244654
vn -0.096928 0.964112 0.247172
vn -0.066746 0.973320 0.219528
vn -0.108078 0.975433 0.191960
vn -0.110567 0.974872 0.193390
vn -0.064299 0.980336 0.186565
vn -0.018144 0.982879 0.183359
vn 0.037240 0.980931 0.190755
vn 0.013539 0.981106 0.192995
vn -0.115722 0.973820 0.195662
vn -0.231179 0.950955 0.205524
vn -0.218891 0.943754 0.247822
vn -0.195205 0.931351 0.307375
vn -0.123799 0.934530 0.333658
vn -0.048353 0.954081 0.295622
vn 0.078594 0.971281 0.224580
vn 0.095725 0.993010 0.069047
vn 0.012569 0.998862 0.046012
vn -0.132820 0.989240 0.061341
vn -0.311271 0.949649 0.035724
vn -0.485400 0.873950 -0.024436
vn -0.605712 0.794517 -0.043071
vn -0.673917 0.738713 -0.011831
vn -0.695228 0.717604 0.041260
vn -0.652473 0.747612 0.123916
vn -0.400292 0.837916 0.371031
vn -0.013808 0.765237 0.643601
vn 0.089001 0.677128 0.730464
vn 0.114358 0.663700 0.739206
vn 0.264288 0.631462 0.728978
vn -0.052817 0.691796 0.720159
vn 0.253623 0.661671 0.705597
vn 0.342005 0.662078 0.666848
vn 0.420859 0.684986 0.594704
vn 0.437847 0.750145 0.495553
vn 0.295262 0.866198 0.403139
vn 0.112545 0.946889 0.301221
vn 0.198278 0.974566 0.104437
vn 0.267546 0.961212 0.067008
vn 0.190708 0.980670 0.043774
vn 0.213503 0.975445 0.054068
vn 0.199872 0.975323 0.093783
vn 0.162739 0.972719 0.165330
vn 0.167190 0.984854 0.045940
vn 0.214758 0.975857 0.039782
vn 0.221702 0.970069 0.099068
vn 0.229303 0.964979 0.127419
vn 0.206963 0.968095 0.141272
vn 0.173388 0.971000 0.164604
vn 0.123312 0.977572 0.170727
vn 0.104559 0.980723 0.165075
vn 0.174534 0.974678 0.139790
vn 0.165923 0.977872 0.127424
vn 0.192875 0.977397 0.086571
vn 0.170109 0.982653 0.073867
vn 0.133505 0.989293 0.058959
vn 0.099049 0.992799 0.067380
vn 0.086706 0.993762 0.070136
vn 0.030932 0.996735 0.074578
vn -0.032096 0.988853 0.145396
vn -0.084112 0.986111 0.143217
vn -0.094247 0.978379 0.184096
vn -0.092597 0.978015 0.186848
vn -0.091487 0.976858 0.193337
vn -0.105545 0.975208 0.194497
vn -0.109062 0.975197 0.192605
vn -0.107928 0.975065 0.193907
vn -0.096928 0.979542 0.176361
vn -0.114023 0.980261 0.161518
vn -0.099678 0.979032 0.177654
vn -0.058740 0.979416 0.193116
vn -0.012386 0.978101 0.207762
vn 0.037227 0.976598 0.211825
vn 0.002619 0.979701 0.200445
vn -0.099337 0.975225 0.197656
vn -0.212694 0.952850 0.216423
vn -0.147733 0.952265 0.267146
vn -0.158678 0.940816 0.299476
vn -0.121255 0.935478 0.331931
vn -0.103581 0.943259 0.315490
vn -0.087938 0.967878 0.235538
vn -0.006218 0.998560 0.053289
vn 0.019685 0.999783 -0.006750
vn -0.132619 0.991020 0.017066
vn -0.343240 0.938501 0.037452
vn -0.506420 0.860566 0.054452
vn -0.589024 0.803660 0.084737
vn -0.628715 0.765727 0.135572
vn -0.637037 0.744909 0.198230
vn -0.514873 0.799816 0.308546
vn -0.071337 0.790184 0.608704
vn 0.173427 0.678166 0.714153
vn 0.131148 0.646632 0.751443
vn 0.122940 0.641782 0.756969
vn 0.220767 0.635496 0.739870
vn -0.054953 0.667108 0.742932
vn 0.230460 0.655031 0.719599
vn 0.274551 0.675458 0.684381
vn 0.308074 0.722195 0.619294
vn 0.297967 0.799502 0.521548
vn 0.186117 0.878512 0.439975
vn 0.046443 0.918173 0.393449
vn 0.138652 0.924246 0.355732
vn 0.238704 0.918329 0.315741
vn 0.163358 0.937167 0.308272
vn 0.228479 0.922457 0.311240
vn 0.196719 0.921670 0.334403
vn 0.196703 0.916845 0.347424
vn 0.100930 0.938933 0.328966
vn 0.183559 0.938681 0.291863
vn 0.199781 0.944294 0.261527
vn 0.205709 0.949882 0.235388
vn 0.192772 0.957835 0.213050
vn 0.161094 0.965596 0.204140
vn 0.120790 0.971857 0.202249
vn 0.119973 0.968488 0.218263
vn 0.175859 0.956209 0.233960
vn 0.121064 0.975283 0.184842
vn 0.130827 0.981072 0.142764
vn 0.147036 0.984129 0.099351
vn 0.127350 0.986522 0.102744
vn 0.108001 0.989005 0.101017
vn 0.071361 0.993427 0.089498
vn 0.030965 0.996809 0.073579
vn -0.024234 0.997448 0.067160
vn -0.058751 0.994263 0.089389
vn -0.056332 0.993782 0.096044
vn -0.079877 0.987221 0.137891
vn -0.093999 0.985548 0.140924
vn -0.105155 0.983967 0.144053
vn -0.110818 0.983362 0.143942
vn -0.113579 0.983127 0.143388
vn -0.112078 0.984270 0.136571
vn -0.107879 0.984985 0.134785
vn -0.078904 0.985195 0.152198
vn -0.036993 0.985008 0.168494
vn 0.006403 0.981234 0.192712
vn 0.031918 0.979294 0.199912
vn -0.013985 0.982445 0.186026
vn -0.088893 0.979815 0.179052
vn -0.173779 0.963059 0.205712
vn -0.120838 0.964203 0.236033
vn -0.123340 0.957273 0.261565
vn -0.115149 0.951191 0.286316
vn -0.136127 0.950879 0.278028
vn -0.182614 0.956176 0.228867
vn -0.159590 0.973214 0.165488
vn -0.014153 0.999157 0.038542
vn -0.077259 0.996762 0.022271
vn -0.272957 0.957417 0.094062
vn -0.453724 0.877358 0.156131
vn -0.554290 0.813259 0.177125
vn -0.601650 0.776737 0.186272
vn -0.598017 0.771455 0.217331
vn -0.349395 0.840605 0.413891
vn 0.197404 0.756215 0.623836
vn 0.269534 0.676042 0.685798
vn 0.167479 0.672785 0.720633
vn 0.128749 0.670046 0.731069
vn 0.176442 0.678188 0.713393
vn -0.028865 0.688371 0.724784
vn 0.185473 0.699553 0.690091
vn 0.204217 0.737064 0.644230
vn 0.197096 0.792225 0.577523
vn 0.177163 0.851201 0.494035
vn 0.113079 0.896273 0.428844
vn 0.008144 0.919125 0.393883
vn 0.102625 0.920133 0.377919
vn 0.203060 0.920776 0.333074
vn 0.175259 0.927547 0.330063
vn 0.230362 0.913006 0.336681
vn 0.217928 0.916217 0.336234
vn 0.181292 0.929338 0.321658
vn 0.072090 0.943055 0.324732
vn 0.147900 0.944169 0.294398
vn 0.168278 0.949427 0.265087
vn 0.173491 0.956117 0.236095
vn 0.173572 0.962043 0.210586
vn 0.155543 0.968230 0.195800
vn 0.129281 0.972093 0.195761
vn 0.144230 0.966967 0.210171
vn 0.111104 0.977331 0.180221
vn 0.098186 0.984063 0.148258
vn 0.117268 0.980554 0.157361
vn 0.102149 0.986304 0.129498
vn 0.150359 0.985245 0.081754
vn 0.094650 0.990937 0.095318
vn 0.056815 0.995093 0.081010
vn 0.023705 0.998017 0.058306
vn -0.011286 0.999297 0.035737
vn -0.042785 0.997317 0.059391
vn -0.053065 0.995820 0.074346
vn -0.051783 0.995677 0.077110
vn -0.093982 0.991606 0.088800
vn -0.097701 0.990218 0.099611
vn -0.109424 0.988554 0.103858
vn -0.115131 0.987622 0.106529
vn -0.115062 0.986897 0.113114
vn -0.099182 0.987576 0.121885
vn -0.070017 0.989611 0.125567
vn -0.027214 0.992327 0.120610
vn 0.027719 0.992347 0.120330
vn 0.026961 0.991969 0.123572
vn -0.026286 0.993023 0.114953
vn -0.074965 0.990679 0.113732
vn -0.139790 0.978226 0.153402
vn -0.107519 0.978333 0.176930
vn -0.100439 0.976969 0.188267
vn -0.111594 0.973081 0.201645
vn -0.142343 0.967997 0.206687
vn -0.224932 0.955661 0.190044
vn -0.222680 0.959147 0.174502
vn -0.115990 0.986484 0.115738
vn -0.094779 0.994854 0.035812
vn -0.224352 0.974474 -0.008143
vn -0.425437 0.904986 0.001921
vn -0.545042 0.838140 0.021238
vn -0.582206 0.810561 0.063455
vn -0.540407 0.823554 0.172393
vn -0.042767 0.913194 0.405274
vn 0.338617 0.755704 0.560580
vn 0.330752 0.751883 0.570328
vn 0.207273 0.792575 0.573466
vn 0.159366 0.792229 0.589046
vn 0.169316 0.802275 0.572440
vn -0.042088 0.824062 0.564934
vn 0.135208 0.840809 0.524174
vn 0.135706 0.876870 0.461175
vn 0.117144 0.910060 0.397578
vn 0.104118 0.934120 0.341437
vn 0.056410 0.956863 0.285011
vn 0.005184 0.961685 0.274108
vn 0.094670 0.946515 0.308459
vn 0.174963 0.940020 0.292832
vn 0.193325 0.936391 0.292913
vn 0.222007 0.930935 0.289953
vn 0.206032 0.943523 0.259453
vn 0.151076 0.965752 0.210947
vn 0.088282 0.966311 0.241764
vn 0.132664 0.962542 0.236462
vn 0.146600 0.963624 0.223465
vn 0.151630 0.966079 0.209047
vn 0.154726 0.968688 0.194175
vn 0.144953 0.973405 0.177404
vn 0.130044 0.977403 0.166648
vn 0.143214 0.976132 0.163266
vn 0.074133 0.986989 0.142679
vn 0.115207 0.981891 0.150389
vn 0.097021 0.986593 0.131229
vn 0.079590 0.989972 0.116707
vn 0.105124 0.990254 0.091352
vn 0.096341 0.993442 0.061569
vn 0.044975 0.997330 0.057536
vn 0.012356 0.999340 0.034172
vn -0.005455 0.999960 0.007102
vn -0.024790 0.999619 0.012172
vn -0.039301 0.999061 0.018260
vn -0.055301 0.998202 0.023112
vn -0.080859 0.996109 0.035049
vn -0.083834 0.995000 0.054293
vn -0.093733 0.992979 0.072161
vn -0.102227 0.990986 0.086579
vn -0.105312 0.990276 0.090898
vn -0.099834 0.990990 0.089287
vn -0.083186 0.993232 0.081060
vn -0.053743 0.996562 0.063052
vn 0.019085 0.998995 0.040548
vn 0.019080 0.999246 0.033809
vn -0.021206 0.999205 0.033749
vn -0.053418 0.997605 0.043935
vn -0.093307 0.993255 0.068839
vn -0.099143 0.991152 0.088247
vn -0.094653 0.991625 0.087864
vn -0.102308 0.990589 0.090918
vn -0.170200 0.981013 0.092983
vn -0.228796 0.973474 -0.000762
vn -0.191944 0.978515 0.075273
vn -0.162281 0.982413 0.092351
vn -0.152341 0.986113 0.066127
vn -0.230162 0.971378 0.058745
vn -0.379707 0.921192 0.085015
vn -0.487023 0.861671 0.142589
vn -0.520802 0.830164 0.198982
vn -0.523578 0.822301 0.222906
vn 0.210104 0.942213 0.260944
vn 0.426475 0.860769 0.277841
vn 0.318482 0.917550 0.238057
vn 0.216028 0.955472 0.201010
vn 0.190103 0.961580 0.198054
vn 0.137609 0.980141 0.142786
vn -0.058159 0.986312 0.154293
vn 0.093667 0.983238 0.156430
vn 0.089157 0.987075 0.133169
vn 0.079143 0.990234 0.114772
vn 0.056926 0.993975 0.093662
vn 0.035528 0.996813 0.071430
vn 0.070865 0.992830 0.096264
vn 0.139062 0.980042 0.142055
vn 0.184599 0.969633 0.160419
vn 0.202890 0.964568 0.168652
vn 0.190624 0.968798 0.158408
vn 0.150077 0.981009 0.122875
vn 0.130286 0.988530 0.076384
vn 0.132746 0.988098 0.077725
vn 0.138296 0.987186 0.079609
vn 0.144091 0.986516 0.077620
vn 0.146783 0.986336 0.074807
vn 0.142284 0.987372 0.069662
vn 0.129163 0.989721 0.061394
vn 0.117470 0.991572 0.054636
vn 0.112344 0.992977 0.037093
vn 0.111290 0.990933 0.075269
vn 0.092970 0.991746 0.088292
vn 0.080996 0.993659 0.077988
vn 0.069083 0.995227 0.068929
vn 0.062764 0.996351 0.057845
vn 0.083480 0.996455 0.010402
vn 0.033498 0.999358 0.012677
vn 0.006005 0.999957 0.007073
f 1/1/1 66/66/66 2/2/2
f 2/2/2 66/66/66 67/67/67
f 2/2/2 67/67/67 3/3/3
f 3/3/3 67/67/67 68/68/68
f 3/3/3 68/68/68 4/4/4
f 4/4/4 68/68/68 69/69/69
f 4/4/4 69/69/69 5/5/5
f 5/5/5 69/69/69 70/70/70
f 5/5/5 70/70/70 6/6/6
f 6/6/6 70/70/70 71/71/71
f 6/6/6 71/71/71 7/7/7
f 7/7/7 71/71/71 72/72/72
f 7/7/7 72/72/72 8/8/8
f 8/8/8 72/72/72 73/73/73
f 8/8/8 73/73/73 9/9/9
f 9/9/9 73/73/73 74/74/74
f 9/9/9 74/74/74 10/10/10
f 10/10/10 74/74/74 75/75/75
f 10/10/10 75/75/75 11/11/11
f 11/11/11 75/75/75 76/76/76
f 11/11/11 76/76/76 12/12/12
f 12/12/12 76/76/76 77/77/77
f 12/12/12 77/77/77 13/13/13
f 13/13/13 77/77/77 78/78/78
f 13/13/13 78/78/78 14/14/14
f 14/14/14 78/78/78 79/79/79
f 14/14/14 79/79/79 15/15/15
f 15/15/15 79/79/79 80/80/80
f 15/15/15 80/80/80 16/16/16
f 16/16/16 80/80/80 81/81/81
f 16/16/16 81/81/81 17/17/17
f 17/17/17 81/81/81 82/82/82
f 17/17/17 82/82/82 18/18/18
f 18/18/18 82/82/82 83/83/83
f 18/18/18 83/83/83 19/19/19
f 19/19/19 83/83/83 84/84/84
f 19/19/19 84/84/84 20/20/20
f 20/20/20 84/84/84 85/85/85
f 20/20/20 85/85/85 21/21/21
f 21/21/21 85/85/85 86/86/86
f 21/21/21 86/86/86 22/22/22
f 22/22/22 86/86/86 87/87/87
f 22/22/22 87/87/87 23/23/23
f 23/23/23 87/87/87 88/88/88
f 23/23/23 88/88/88 24/24/24
f 24/24/24 88/88/88 89/89/89
f 24/24/24 89/89/89 25/25/25
f 25/25/25 89/89/89 90/90/90
f 25/25/25 90/90/90 26/26/26
f 26/26/26 90/90/90 91/91/91
f 26/26/26 91/91/91 27/27/27
f 27/27/27 91/91/91 92/92/92
f 27/27/27 92/92/92 28/28/28
f 28/28/28 92/92/92 93/93/93
f 28/28/28 93/93/93 29/29/29
f 29/29/29 93/93/93 94/94/94
f 29/29/29 94/94/94 30/30/30
f 30/30/30 94/94/94 95/95/95
f 30/30/30 95/95/95 31/31/31
f 31/31/31 95/95/95 96/96/96
f 31/31/31 96/96/96 32/32/32
f 32/32/32 96/96/96 97/97/97
f 32/32/32 97/97/97 33/33/33
f 33/33/33 97/97/97 98/98/98
f 33/33/33 98/98/98 34/34/34
f 34/34/34 98/98/98 99/99/99
f 34/34/34 99/99/99 35/35/35
f 35/35/35 99/99/99 100/100/100
f 35/35/35 100/100/100 36/36/36
f 36/36/36 100/100/100 101/101/101
f 36/36/36 101/101/101 37/37/37
f 37/37/37 101/101/101 102/102/102
f 37/37/37 102/102/102 38/38/38
f 38/38/38 102/102/102 103/103/103
f 38/38/38 103/103/103 39/39/39
f 39/39/39 103/103/103 104/104/104
f 39/39/39 104/104/104 40/40/40
f 40/40/40 104/104/104 105/105/105
f 40/40/40 105/105/105 41/41/41
f 41/41/41 105/105/105 106/106/106
f 41/41/41 106/106/106 42/42/42
f 42/42/42 106/106/106 107/107/107
f 42/42/42 107/107/107 43/43/43
f 43/43/43 107/107/107 108/108/108
f 43/43/43 108/108/108 44/44/44
f 44/44/44 108/108/108 109/109/109
f 44/44/44 109/109/109 45/45/45
f 45/45/45 109/109/109 110/110/110
f 45/45/45 110/110/110 46/46/46
f 46/46/46 110/110/110 111/111/111
f 46/46/46 111/111/111 47/47/47
f 47/47/47 111/111/111 112/112/112
f 47/47/47 112/112/112 48/48/48
f 48/48/48 112/112/112 113/113/113
f 48/48/48 113/113/113 49/49/49
f 49/49/49 113/113/113 114/114/114
f 49/49/49 114/114/114 50/50/50
f 50/50/50 114/114/114 115/115/115
f 50/50/50 115/115/115 51/51/51
f 51/51/51 115/115/115 116/116/116
f 51/51/51 116/116/116 52/52/52
f 52/52/52 116/116/116 117/117/117
f 52/52/52 117/117/117 53/53/53
f 53/53/53 117/117/117 118/118/118
f 53/53/53 118/118/118 54/54/54
f 54/54/54 118/118/118 119/119/119
f 54/54/54 119/119/119 55/55/55
f 55/55/55 119/119/119 120/120/120
f 55/55/55 120/120/120 56/56/56
f 56/56/56 120/120/120 121/121/121
f 56/56/56 121/121/121 57/57/57
f 57/57/57 121/121/121 122/122/122
f 57/57/57 122/122/122 58/58/58
f 58/58/58 122/122/122 123/123/123
f 58/58/58 123/123/123 59/59/59
f 59/59/59 123/123/123 124/124/124
f 59/59/59 124/124/124 60/60/60
f 60/60/60 124/124/124 125/125/125
f 60/60/60 125/125/125 61/61/61
f 61/61/61 125/125/125 126/126/126
f 61/61/61 126/126/126 62/62/62
f 62/62/62 126/126/126 127/127/127
f 62/62/62 127/127/127 63/63/63
f 63/63/63 127/127/127 128/128/128
f 63/63/63 128/128/128 64/64/64
f 64/64/64 128/128/128 129/129/129
f 64/64/64 129/129/129 65/65/65
f 65/65/65 129/129/129 130/130/130
f 66/66/66 131/131/131 67/67/67
f 67/67/67 131/131/131 132/132/132
f 67/67/67 132/132/132 68/68/68
f 68/68/68 132/132/132 133/133/133
f 68/68/68 133/133/133 69/69/69
f 69/69/69 133/133/133 134/134/134
f 69/69/69 134/134/134 70/70/70
f 70/70/70 134/134/134 135/135/135
f 70/70/70 135/135/135 71/71/71
f 71/71/71 135/135/135 136/136/136
f 71/71/71 136/136/136 72/72/72
f 72/72/72 136/136/136 137/137/137
f 72/72/72 137/137/137 73/73/73
f 73/73/73 137/137/137 138/138/138
f 73/73/73 138/138/138 74/74/74
f 74/74/74 138/138/138 139/139/139
f 74/74/74 139/139/139 75/75/75
f 75/75/75 139/139/139 140/140/140
f 75/75/75 140/140/140 76/76/76
f 76/76/76 140/140/140 141/141/141
f 76/76/76 141/141/141 77/77/77
f 77/77/77 141/141/141 142/142/142
f 77/77/77 142/142/142 78/78/78
f 78/78/78 142/142/142 143/143/143
f 78/78/78 143/143/143 79/79/79
f 79/79/79 143/143/143 144/144/144
f 79/79/79 144/144/144 80/80/80
f 80/80/80 144/144/144 145/145/145
f 80/80/80 145/145/145 81/81/81
f 81/81/81 145/145/145 146/146/146
f 81/81/81 146/146/146 82/82/82
f 82/82/82 146/146/146 147/147/147
f 82/82/82 147/147/147 83/83/83
f 83/83/83 147/147/147 148/148/148
f 83/83/83 148/148/148 84/84/84
f 84/84/84 148/148/148 149/149/149
f 84/84/84 149/149/149 85/85/85
f 85/85/85 149/149/149 150/150/150
f 85/85/85 150/150/150 86/86/86
f 86/86/86 150/150/150 151/151/151
f 86/86/86 151/151/151 87/87/87
f 87/87/87 151/151/151 152/152/152
f 87/87/87 152/152/152 88/88/88
f 88/88/88 152/152/152 153/153/153
f 88/88/88 153/153/153 89/89/89
f 89/89/89 153/153/153 154/154/154
f 89/89/89 154/154/154 90/90/90
f 90/90/90 154/154/154 155/155/155
f 90/90/90 155/155/155 91/91/91
f 91/91/91 155/155/155 156/156/156
f 91/91/91 156/156/156 92/92/92
f 92/92/92 156/156/156 157/157/157
f 92/92/92 157/157/157 93/93/93
f 93/93/93 157/157/157 158/158/158
f 93/93/93 158/158/158 94/94/94
f 94/94/94 158/158/158 159/159/159
f 94/94/94 159/159/159 95/95/95
f 95/95/95 159/159/159 160/160/160
f 95/95/95 160/160/160 96/96/96
f 96/96/96 160/160/160 161/161/161
f 96/96/96 161/161/161 97/97/97
f 97/97/97 161/161/161 162/162/162
f 97/97/97 162/162/162 98/98/98
f 98/98/98 162/162/162 163/163/163
f 98/98/98 163/163/163 99/99/99
f 99/99/99 163/163/163 164/164/164
f 99/99/99 164/164/164 100/100/100
f 100/100/100 164/164/164 165/165/165
f 100/100/100 165/165/165 101/101/101
f 101/101/101 165/165/165 166/166/166
f 101/101/101 166/166/166 102/102/102
f 102/102/102 166/166/166 167/167/167
f 102/102/102 167/167/167 103/103/103
f 103/103/103 167/167/167 168/168/168
f 103/103/103 168/168/168 104/104/104
f 104/104/104 168/168/168 169/169/169
f 104/104/104 169/169/169 105/105/105
f 105/105/105 169/169/169 170/170/170
f 105/105/105 170/170/170 106/106/106
f 106/106/106 170/170/170 171/171/171
f 106/106/106 171/171/171 107/107/107
f 107/107/107 171/171/171 172/172/172
f 107/107/107 172/172/172 108/108/108
f 108/108/108 172/172/172 173/173/173
f 108/108/108 173/173/173 109/109/109
f 109/109/109 173/173/173 174/174/174
f 109/109/109 174/174/174 110/110/110
f 110/110/110 174/174/174 175/175/175
f 110/110/110 175/175/175 111/111/111
f 111/111/111 175/175/175 176/176/176
f 111/111/111 176/176/176 112/112/112
f 112/112/112 176/176/176 177/177/177
f 112/112/112 177/177/177 113/113/113
f 113/113/113 177/177/177 178/178/178
f 113/113/113 178/178/178 114/114/114
f 114/114/114 178/178/178 179/179/179
f 114/114/114 179/179/179 115/115/115
f 115/115/115 179/179/179 180/180/180
f 115/115/115 180/180/180 116/116/116
f 116/116/116 180/180/180 181/181/181
f 116/116/116 181/181/181 117/117/117
f 117/117/117 181/181/181 182/182/182
f 117/117/117 182/182/182 118/118/118
f 118/118/118 182/182/182 183/183/183
f 118/118/118 183/183/183 119/119/119
f 119/119/119 183/183/183 184/184/184
f 119/119/119 184/184/184 120/120/120
f 120/120/120 184/184/184 185/185/185
f 120/120/120 185/185/185 121/121/121
f 121/121/121 185/185/185 186/186/186
f 121/121/121 186/186/186 122/122/122
f 122/122/122 186/186/186 187/187/187
f 122/122/122 187/187/187 123/123/123
f 123/123/123 187/187/187 188/188/188
f 123/123/123 188/188/188 124/124/124
f 124/124/124 188/188/188 189/189/189
f 124/124/124 189/189/189 125/125/125
f 125/125/125 189/189/189 190/190/190
f 125/125/125 190/190/190 126/126/126
f 126/126/126 190/190/190 191/191/191
f 126/126/126 191/191/191 127/127/127
f 127/127/127 191/191/191 192/192/192
f 127/127/127 192/192/192 128/128/128
f 128/128/128 192/192/192 193/193/193
f 128/128/128 193/193/193 129/129/129
f 129/129/129 193/193/193 194/194/194
f 129/129/129 194/194/194 130/130/130
f 130/130/130 194/194/194 195/195/195
f 131/131/131 196/196/196 132/132/132
f 132/132/132 196/196/196 197/197/197
f 132/132/132 197/197/197 133/133/133
f 133/133/133 197/197/197 198/198/198
f 133/133/133 198/198/198 134/134/134
f 134/134/134 198/198/198 199/199/199
f 134/134/134 199/199/199 135/135/135
f 135/135/135 199/199/199 200/200/200
f 135/135/135 200/200/200 136/136/136
f 136/136/136 200/200/200 201/201/201
f 136/136/136 201/201/201 137/137/137
f 137/137/137 201/201/201 202/202/202
f 137/137/137 202/202/202 138/138/138
f 138/138/138 202/202/202 203/203/203
f 138/138/138 203/203/203 139/139/139
f 139/139/139 203/203/203 204/204/204
f 139/139/139 204/204/204 140/140/140
f 140/140/140 204/204/204 205/205/205
f 140/140/140 205/205/205 141/141/141
f 141/141/141 205/205/205 206/206/206
f 141/141/141 206/206/206 142/142/142
f 142/142/142 206/206/206 207/207/207
f 142/142/142 207/207/207 143/143/143
f 143/143/143 207/207/207 208/208/208
f 143/143/143 208/208/208 144/144/144
f 144/144/144 208/208/208 209/209/209
f 144/144/144 209/209/209 145/145/145
f 145/145/145 209/209/209 210/210/210
f 145/145/145 210/210/210 146/146/146
f 146/146/146 210/210/210 211/211/211
f 146/146/146 211/211/211 147/147/147
f 147/147/147 211/211/211 212/212/212
f 147/147/147 212/212/212 148/148/148
f 148/148/148 212/212/212 213/213/213
f 148/148/148 213/213/213 149/149/149
f 149/149/149 213/213/213 214/214/214
f 149/149/149 214/214/214 150/150/150
f 150/150/150 214/214/214 215/215/215
f 150/150/150 215/215/215 151/151/151
f 151/151/151 215/215/215 216/216/216
f 151/151/151 216/216/216 152/152/152
f 152/152/152 216/216/216 217/217/217
f 152/152/152 217/217/217 153/153/153
f 153/153/153 217/217/217 218/218/218
f 153/153/153 218/218/218 154/154/154
f 154/154/154 218/218/218 219/219/219
f 154/154/154 219/219/219 155/155/155
f 155/155/155 219/219/219 220/220/220
f 155/155/155 220/220/220 156/156/156
f 156/156/156 220/220/220 221/221/221
f 156/156/156 221/221/221 157/157/157
f 157/157/157 221/221/221 222/222/222
f 157/157/157 222/222/222 158/158/158
f 158/158/158 222/222/222 223/223/223
f 158/158/158 223/223/223 159/159/159
f 159/159/159 223/223/223 224/224/224
f 159/159/159 224/224/224 160/160/160
f 160/160/160 224/224/224 225/225/225
f 160/160/160 225/225/225 161/161/161
f 161/161/161 225/225/225 226/226/226
f 161/161/161 226/226/226 162/162/162
f 162/162/162 226/226/226 227/227/227
f 162/162/162 227/227/227 163/163/163
f 163/163/163 227/227/227 228/228/228
f 163/163/163 228/228/228 164/164/164
f 164/164/164 228/228/228 229/229/229
f 164/164/164 229/229/229 165/165/165
f 165/165/165 229/229/229 230/230/230
f 165/165/165 230/230/230 166/166/166
f 166/166/166 230/230/230 231/231/231
f 166/166/166 231/231/231 167/167/167
f 167/167/167 231/231/231 232/232/232
f 167/167/167 232/232/232 168/168/168
f 168/168/168 232/232/232 233/233/233
f 168/168/168 233/233/233 169/169/169
f 169/169/169 233/233/233 234/234/234
f 169/169/169 234/234/234 170/170/170
f 170/170/170 234/234/234 235/235/235
f 170/170/170 235/235/235 171/171/171
f 171/171/171 235/235/235 236/236/236
f 171/171/171 236/236/236 172/172/172
f 172/172/172 236/236/236 237/237/237
f 172/172/172 237/237/237 173/173/173
f 173/173/173 237/237/237 238/238/238
f 173/173/173 238/238/238 174/174/174
f 174/174/174 238/238/238 239/239/239
f 174/174/174 239/239/239 175/175/175
f 175/175/175 239/239/239 240/240/240
f 175/175/175 240/240/240 176/176/176
f 176/176/176 240/240/240 241/241/241
f 176/176/176 241/241/241 177/177/177
f 177/177/177 241/241/241 242/242/242
f 177/177/177 242/242/242 178/178/178
f 178/178/178 242/242/242 243/243/243
f 178/178/178 243/243/243 179/179/179
f 179/179/179 243/243/243 244/244/244
f 179/179/179 244/244/244 180/180/180
f 180/180/180 244/244/244 245/245/245
f 180/180/180 245/245/245 181/181/181
f 181/181/181 245/245/245 246/246/246
f 181/181/181 246/246/246 182/182/182
f 182/182/182 246/246/246 247/247/247
f 182/182/182 247/247/247 183/183/183
f 183/183/183 247/247/247 248/248/248
f 183/183/183 248/248/248 184/184/184
f 184/184/184 248/248/248 249/249/249
f 184/184/184 249/249/249 185/185/185
f 185/185/185 249/249/249 250/250/250
f 185/185/185 250/250/250 186/186/186
f 186/186/186 250/250/250 251/251/251
f 186/186/186 251/251/251 187/187/187
f 187/187/187 251/251/251 252/252/252
f 187/187/187 252/252/252 188/188/188
f 188/188/188 252/252/252 253/253/253
f 188/188/188 253/253/253 189/189/189
f 189/189/189 253/253/253 254/254/254
f 189/189/189 254/254/254 190/190/190
f 190/190/190 254/254/254 255/255/255
f 190/190/190 255/255/255 191/191/191
f 191/191/191 255/255/255 256/256/256
f 191/191/191 256/256/256 192/192/192
f 192/192/192 256/256/256 257/257/257
f 192/192/192 257/257/257 193/193/193
f 193/193/193 257/257/257 258/258/258
f 193/193/193 258/258/258 194/194/194
f 194/194/194 258/258/258 259/259/259
f 194/194/194 259/259/259 195/195/195
f 195/195/195 259/259/259 260/260/260
f 196/196/196 261/261/261 197/197/197
f 197/197/197 261/261/261 262/262/262
f 197/197/197 262/262/262 198/198/198
f 198/198/198 262/262/262 263/263/263
f 198/198/198 263/263/263 199/199/199
f 199/199/199 263/263/263 264/264/264
f 199/199/199 264/264/264 200/200/200
f 200/200/200 264/264/264 265/265/265
f 200/200/200 265/265/265 201/201/201
f 201/201/201 265/265/265 266/266/266
f 201/201/201 266/266/266 202/202/202
f 202/202/202 266/266/266 267/267/267
f 202/202/202 267/267/267 203/203/203
f 203/203/203 267/267/267 268/268/268
f 203/203/203 268/268/268 204/204/204
f 204/204/204 268/268/268 269/269/269
f 204/204/204 269/269/269 205/205/205
f 205/205/205 269/269/269 270/270/270
f 205/205/205 270/270/270 206/206/206
f 206/206/206 270/270/270 271/271/271
f 206/206/206 271/271/271 207/207/207
f 207/207/207 271/271/271 272/272/272
f 207/207/207 272/272/272 208/208/208
f 208/208/208 272/272/272 273/273/273
f 208/208/208 273/273/273 209/209/209
f 209/209/209 273/273/273 274/274/274
f 209/209/209 274/274/274 210/210/210
f 210/210/210 274/274/274 275/275/275
f 210/210/210 275/275/275 211/211/211
f 211/211/211 275/275/275 276/276/276
f 211/211/211 276/276/276 212/212/212
f 212/212/212 276/276/276 277/277/277
f 212/212/212 277/277/277 213/213/213
f 213/213/213 277/277/277 278/278/278
f 213/213/213 278/278/278 214/214/214
f 214/214/214 278/278/278 279/279/279
f 214/214/214 279/279/279 215/215/215
f 215/215/215 279/279/279 280/280/280
f 215/215/215 280/280/280 216/216/216
f 216/216/216 280/280/280 281/281/281
f 216/216/216 281/281/281 217/217/217
f 217/217/217 281/281/281 282/282/282
f 217/217/217 282/282/282 218/218/218
f 218/218/218 282/282/282 283/283/283
f 218/218/218 283/283/283 219/219/219
f 219/219/219 283/283/283 284/284/284
f 219/219/219 284/284/284 220/220/220
f 220/220/220 284/284/284 285/285/285
f 220/220/220 285/285/285 221/221/221
f 221/221/221 285/285/285 286/286/286
f 221/221/221 286/286/286 222/222/222
f 222/222/222 286/286/286 287/287/287
f 222/222/222 287/287/287 223/223/223
f 223/223/223 287/287/287 288/288/288
f 223/223/223 288/288/288 224/224/224
f 224/224/224 288/288/288 289/289/289
f 224/224/224 289/289/289 225/225/225
f 225/225/225 289/289/289 290/290/290
f 225/225/225 290/290/290 226/226/226
f 226/226/226 290/290/290 291/291/291
f 226/226/226 291/291/291 227/227/227
f 227/227/227 291/291/291 292/292/292
f 227/227/227 292/292/292 228/228/228
f 228/228/228 292/292/292 293/293/293
f 228/228/228 293/293/293 229/229/229
f 229/229/229 293/293/293 294/294/294
f 229/229/229 294/294/294 230/230/230
f 230/230/230 294/294/294 295/295/295
f 230/230/230 295/295/295 231/231/231
f 231/231/231 295/295/295 296/296/296
f 231/231/231 296/296/296 232/232/232
f 232/232/232 296/296/296 297/297/297
f 232/232/232 297/297/297 233/233/233
f 233/233/233 297/297/297 298/298/298
f 233/233/233 298/298/298 234/234/234
f 234/234/234 298/298/298 299/299/299
f 234/234/234 299/299/299 235/235/235
f 235/235/235 299/299/299 300/300/300
f 235/235/235 300/300/300 236/236/236
f 236/236/236 300/300/300 301/301/301
f 236/236/236 301/301/301 237/237/237
f 237/237/237 301/301/301 302/302/302
f 237/237/237 302/302/302 238/238/238
f 238/238/238 302/302/302 303/303/303
f 238/238/238 303/303/303 239/239/239
f 239/239/239 303/303/303 304/304/304
f 239/239/239 304/304/304 240/240/240
f 240/240/240 304/304/304 305/305/305
f 240/240/240 305/305/305 241/241/241
f 241/241/241 305/305/305 306/306/306
f 241/241/241 306/306/306 242/242/242
f 242/242/242 306/306/306 307/307/307
f 242/242/242 307/307/307 243/243/243
f 243/243/243 307/307/307 308/308/308
f 243/243/243 308/308/308 244/244/244
f 244/244/244 308/308/308 309/309/309
f 244/244/244 309/309/309 245/245/245
f 245/245/245 309/309/309 310/310/310
f 245/245/245 310/310/310 246/246/246
f 246/246/246 310/310/310 311/311/311
f 246/246/246 311/311/311 247/247/247
f 247/247/247 311/311/311 312/312/312
f 247/247/247 312/312/312 248/248/248
f 248/248/248 312/312/312 313/313/313
f 248/248/248 313/313/313 249/249/249
f 249/249/249 313/313/313 314/314/314
f 249/249/249 314/314/314 250/250/250
f 250/250/250 314/314/314 315/315/315
f 250/250/250 315/315/315 251/251/251
f 251/251/251 315/315/315 316/316/316
f 251/251/251 316/316/316 252/252/252
f 252/252/252 316/316/316 317/317/317
f 252/252/252 317/317/317 253/253/253
f 253/253/253 317/317/317 318/318/318
f 253/253/253 318/318/318 254/254/254
f 254/254/254 318/318/318 319/319/319
f 254/254/254 319/319/319 255/255/255
f 255/255/255 319/319/319 320/320/320
f 255/255/255 320/320/320 256/256/256
f 256/256/256 320/320/320 321/321/321
f 256/256/256 321/321/321 257/257/257
f 257/257/257 321/321/321 322/322/322
f 257/257/257 322/322/322 258/258/258
f 258/258/258 322/322/322 323/323/323
f 258/258/258 323/323/323 259/259/259
f 259/259/259 323/323/323 324/324/324
f 259/259/259 324/324/324 260/260/260
f 260/260/260 324/324/324 325/325/325
f 261/261/261 326/326/326 262/262/262
f 262/262/262 326/326/326 327/327/327
f 262/262/262 327/327/327 263/263/263
f 263/263/263 327/327/327 328/328/328
f 263/263/263 328/328/328 264/264/264
f 264/264/264 328/328/328 329/329/329
f 264/264/264 329/329/329 265/265/265
f 265/265/265 329/329/329 330/330/330
f 265/265/265 330/330/330 266/266/266
f 266/266/266 330/330/330 331/331/331
f 266/266/266 331/331/331 267/267/267
f 267/267/267 331/331/331 332/332/332
f 267/267/267 332/332/332 268/268/268
f 268/268/268 332/332/332 333/333/333
f 268/268/268 333/333/333 269/269/269
f 269/269/269 333/333/333 334/334/334
f 269/269/269 334/334/334 270/270/270
f 270/270/270 334/334/334 335/335/335
f 270/270/270 335/335/335 271/271/271
f 271/271/271 335/335/335 336/336/336
f 271/271/271 336/336/336 272/272/272
f 272/272/272 336/336/336 337/337/337
f 272/272/272 337/337/337 273/273/273
f 273/273/273 337/337/337 338/338/338
f 273/273/273 338/338/338 274/274/274
f 274/274/274 338/338/338 339/339/339
f 274/274/274 339/339/339 275/275/275
f 275/275/275 339/339/339 340/340/340
f 275/275/275 340/340/340 276/276/276
f 276/276/276 340/340/340 341/341/341
f 276/276/276 341/341/341 277/277/277
f 277/277/277 341/341/341 342/342/342
f 277/277/277 342/342/342 278/278/278
f 278/278/278 342/342/342 343/343/343
f 278/278/278 343/343/343 279/279/279
f 279/279/279 343/343/343 344/344/344
f 279/279/279 344/344/344 280/280/280
f 280/280/280 344/344/344 345/345/345
f 280/280/280 345/345/345 281/281/281
f 281/281/281 345/345/345 346/346/346
f 281/281/281 346/346/346 282/282/282
f 282/282/282 346/346/346 347/347/347
f 282/282/282 347/347/347 283/283/283
f 283/283/283 347/347/347 348/348/348
f 283/283/283 348/348/348 284/284/284
f 284/284/284 348/348/348 349/349/349
f 284/284/284 349/349/349 285/285/285
f 285/285/285 349/349/349 350/350/350
f 285/285/285 350/350/350 286/286/286
f 286/286/286 350/350/350 351/351/351
f 286/286/286 351/351/351 287/287/287
f 287/287/287 351/351/351 352/352/352
f 287/287/287 352/352/352 288/288/288
f 288/288/288 352/352/352 353/353/353
f 288/288/288 353/353/353 289/289/289
f 289/289/289 353/353/353 354/354/354
f 289/289/289 354/354/354 290/290/290
f 290/290/290 354/354/354 355/355/355
f 290/290/290 355/355/355 291/291/291
f 291/291/291 355/355/355 356/356/356
f 291/291/291 356/356/356 292/292/292
f 292/292/292 356/356/356 357/357/357
f 292/292/292 357/357/357 293/293/293
f 293/293/293 357/357/357 358/358/358
f 293/293/293 358/358/358 294/294/294
f 294/294/294 358/358/358 359/359/359
f 294/294/294 359/359/359 295/295/295
f 295/295/295 359/359/359 360/360/360
f 295/295/295 360/360/360 296/296/296
f 296/296/296 360/360/360 361/361/361
f 296/296/296 361/361/361 297/297/297
f 297/297/297 361/361/361 362/362/362
f 297/297/297 362/362/362 298/298/298
f 298/298/298 362/362/362 363/363/363
f 298/298/298 363/363/363 299/299/299
f 299/299/299 363/363/363 364/364/364
f 299/299/299 364/364/364 300/300/300
f 300/300/300 364/364/364 365/365/365
f 300/300/300 365/365/365 301/301/301
f 301/301/301 365/365/365 366/366/366
f 301/301/301 366/366/366 302/302/302
f 302/302/302 366/366/366 367/367/367
f 302/302/302 367/367/367 303/303/303
f 303/303/303 367/367/367 368/368/368
f 303/303/303 368/368/368 304/304/304
f 304/304/304 368/368/368 369/369/369
f 304/304/304 369/369/369 305/305/305
f 305/305/305 369/369/369 370/370/370
f 305/305/305 370/370/370 306/306/306
f 306/306/306 370/370/370 371/371/371
f 306/306/306 371/371/371 307/307/307
f 307/307/307 371/371/371 372/372/372
f 307/307/307 372/372/372 308/308/308
f 308/308/308 372/372/372 373/373/373
f 308/308/308 373/373/373 309/309/309
f 309/309/309 373/373/373 374/374/374
f 309/309/309 374/374/374 310/310/310
f 310/310/310 374/374/374 375/375/375
f 310/310/310 375/375/375 311/311/311
f 311/311/311 375/375/375 376/376/376
f 311/311/311 376/376/376 312/312/312
f 312/312/312 376/376/376 377/377/377
f 312/312/312 377/377/377 313/313/313
f 313/313/313 377/377/377 378/378/378
f 313/313/313 378/378/378 314/314/314
f 314/314/314 378/378/378 379/379/379
f 314/314/314 379/379/379 315/315/315
f 315/315/315 379/379/379 380/380/380
f 315/315/315 380/380/380 316/316/316
f 316/316/316 380/380/380 381/381/381
f 316/316/316 381/381/381 317/317/317
f 317/317/317 381/381/381 382/382/382
f 317/317/317 382/382/382 318/318/318
f 318/318/318 382/382/382 383/383/383
f 318/318/318 383/383/383 319/319/319
f 319/319/319 383/383/383 384/384/384
f 319/319/319 384/384/384 320/320/320
f 320/320/320 384/384/384 385/385/385
f 320/320/320 385/385/385 321/321/321
f 321/321/321 385/385/385 386/386/386
f 321/321/321 386/386/386 322/322/322
f 322/322/322 386/386/386 387/387/387
f 322/322/322 387/387/387 323/323/323
f 323/323/323 387/387/387 388/388/388
f 323/323/323 388/388/388 324/324/324
f 324/324/324 388/388/388 389/389/389
f 324/324/324 389/389/389 325/325/325
f 325/325/325 389/389/389 390/390/390
f 326/326/326 391/391/391 327/327/327
f 327/327/327 391/391/391 392/392/392
f 327/327/327 392/392/392 328/328/328
f 328/328/328 392/392/392 393/393/393
f 328/328/328 393/393/393 329/329/329
f 329/329/329 393/393/393 394/394/394
f 329/329/329 394/394/394 330/330/330
f 330/330/330 394/394/394 395/395/395
f 330/330/330 395/395/395 331/331/331
f 331/331/331 395/395/395 396/396/396
f 331/331/331 396/396/396 332/332/332
f 332/332/332 396/396/396 397/397/397
f 332/332/332 397/397/397 333/333/333
f 333/333/333 397/397/397 398/398/398
f 333/333/333 398/398/398 334/334/334
f 334/334/334 398/398/398 399/399/399
f 334/334/334 399/399/399 335/335/335
f 335/335/335 399/399/399 400/400/400
f 335/335/335 400/400/400 336/336/336
f 336/336/336 400/400/400 401/401/401
f 336/336/336 401/401/401 337/337/337
f 337/337/337 401/401/401 402/402/402
f 337/337/337 402/402/402 338/338/338
f 338/338/338 402/402/402 403/403/403
f 338/338/338 403/403/403 339/339/339
f 339/339/339 403/403/403 404/404/404
f 339/339/339 404/404/404 340/340/340
f 340/340/340 404/404/404 405/405/405
f 340/340/340 405/405/405 341/341/341
f 341/341/341 405/405/405 406/406/406
f 341/341/341 406/406/406 342/342/342
f 342/342/342 406/406/406 407/407/407
f 342/342/342 407/407/407 343/343/343
f 343/343/343 407/407/407 408/408/408
f 343/343/343 408/408/408 344/344/344
f 344/344/344 408/408/408 409/409/409
f 344/344/344 409/409/409 345/345/345
f 345/345/345 409/409/409 410/410/410
f 345/345/345 410/410/410 346/346/346
f 346/346/346 410/410/410 411/411/411
f 346/346/346 411/411/411 347/347/347
f 347/347/347 411/411/411 412/412/412
f 347/347/347 412/412/412 348/348/348
f 348/348/348 412/412/412 413/413/413
f 348/348/348 413/413/413 349/349/349
f 349/349/349 413/413/413 414/414/414
f 349/349/349 414/414/414 350/350/350
f 350/350/350 414/414/414 415/415/415
f 350/350/350 415/415/415 351/351/351
f 351/351/351 415/415/415 416/416/416
f 351/351/351 416/416/416 352/352/352
f 352/352/352 416/416/416 417/417/417
f 352/352/352 417/417/417 353/353/353
f 353/353/353 417/417/417 418/418/418
f 353/353/353 418/418/418 354/354/354
f 354/354/354 418/418/418 419/419/419
f 354/354/354 419/419/419 355/355/355
f 355/355/355 419/419/419 420/420/420
f 355/355/355 420/420/420 356/356/356
f 356/356/356 420/420/420 421/421/421
f 356/356/356 421/421/421 357/357/357
f 357/357/357 421/421/421 422/422/422
f 357/357/357 422/422/422 358/358/358
f 358/358/358 422/422/422 423/423/423
f 358/358/358 423/423/423 359/359/359
f 359/359/359 423/423/423 424/424/424
f 359/359/359 424/424/424 360/360/360
f 360/360/360 424/424/424 425/425/425
f 360/360/360 425/425/425 361/361/361
f 361/361/361 425/425/425 426/426/426
f 361/361/361 426/426/426 362/362/362
f 362/362/362 426/426/426 427/427/427
f 362/362/362 427/427/427 363/363/363
f 363/363/363 427/427/427 428/428/428
f 363/363/363 428/428/428 364/364/364
f 364/364/364 428/428/428 429/429/429
f 364/364/364 429/429/429 365/365/365
f 365/365/365 429/429/429 430/430/430
f 365/365/365 430/430/430 366/366/366
f 366/366/366 430/430/430 431/431/431
f 366/366/366 431/431/431 367/367/367
f 367/367/367 431/431/431 432/432/432
f 367/367/367 432/432/432 368/368/368
f 368/368/368 432/432/432 433/433/433
f 368/368/368 433/433/433 369/369/369
f 369/369/369 433/433/433 434/434/434
f 369/369/369 434/434/434 370/370/370
f 370/370/370 434/434/434 435/435/435
f 370/370/370 435/435/435 371/371/371
f 371/371/371 435/435/435 436/436/436
f 371/371/371 436/436/436 372/372/372
f 372/372/372 436/436/436 437/437/437
f 372/372/372 437/437/437 373/373/373
f 373/373/373 437/437/437 438/438/438
f 373/373/373 438/438/438 374/374/374
f 374/374/374 438/438/438 439/439/439
f 374/374/374 439/439/439 375/375/375
f 375/375/375 439/439/439 440/440/440
f 375/375/375 440/440/440 376/376/376
f 376/376/376 440/440/440 441/441/441
f 376/376/376 441/441/441 377/377/377
f 377/377/377 441/441/441 442/442/442
f 377/377/377 442/442/442 378/378/378
f 378/378/378 442/442/442 443/443/443
f 378/378/378 443/443/443 379/379/379
f 379/379/379 443/443/443 444/444/444
f 379/379/379 444/444/444 380/380/380
f 380/380/380 444/444/444 445/445/445
f 380/380/380 445/445/445 381/381/381
f 381/381/381 445/445/445 446/446/446
f 381/381/381 446/446/446 382/382/382
f 382/382/382 446/446/446 447/447/447
f 382/382/382 447/447/447 383/383/383
f 383/383/383 447/447/447 448/448/448
f 383/383/383 448/448/448 384/384/384
f 384/384/384 448/448/448 449/449/449
f 384/384/384 449/449/449 385/385/385
f 385/385/385 449/449/449 450/450/450
f 385/385/385 450/450/450 386/386/386
f 386/386/386 450/450/450 451/451/451
f 386/386/386 451/451/451 387/387/387
f 387/387/387 451/451/451 452/452/452
f 387/387/387 452/452/452 388/388/388
f 388/388/388 452/452/452 453/453/453
f 388/388/388 453/453/453 389/389/389
f 389/389/389 453/453/453 454/454/454
f 389/389/389 454/454/454 390/390/390
f 390/390/390 454/454/454 455/455/455
f 391/391/391 456/456/456 392/392/392
f 392/392/392 456/456/456 457/457/457
f 392/392/392 457/457/457 393/393/393
f 393/393/393 457/457/457 458/458/458
f 393/393/393 458/458/458 394/394/394
f 394/394/394 458/458/458 459/459/459
f 394/394/394 459/459/459 395/395/395
f 395/395/395 459/459/459 460/460/460
f 395/395/395 460/460/460 396/396/396
f 396/396/396 460/460/460 461/461/461
f 396/396/396 461/461/461 397/397/397
f 397/397/397 461/461/461 462/462/462
f 397/397/397 462/462/462 398/398/398
f 398/398/398 462/462/462 463/463/463
f 398/398/398 463/463/463 399/399/399
f 399/399/399 463/463/463 464/464/464
f 399/399/399 464/464/464 400/400/400
f 400/400/400 464/464/464 465/465/465
f 400/400/400 465/465/465 401/401/401
f 401/401/401 465/465/465 466/466/466
f 401/401/401 466/466/466 402/402/402
f 402/402/402 466/466/466 467/467/467
f 402/402/402 467/467/467 403/403/403
f 403/403/403 467/467/467 468/468/468
f 403/403/403 468/468/468 404/404/404
f 404/404/404 468/468/468 469/469/469
f 404/404/404 469/469/469 405/405/405
f 405/405/405 469/469/469 470/470/470
f 405/405/405 470/470/470 406/406/406
f 406/406/406 470/470/470 471/471/471
f 406/406/406 471/471/471 407/407/407
f 407/407/407 471/471/471 472/472/472
f 407/407/407 472/472/472 408/408/408
f 408/408/408 472/472/472 473/473/473
f 408/408/408 473/473/473 409/409/409
f 409/409/409 473/473/473 474/474/474
f 409/409/409 474/474/474 410/410/410
f 410/410/410 474/474/474 475/475/475
f 410/410/410 475/475/475 411/411/411
f 411/411/411 475/475/475 476/476/476
f 411/411/411 476/476/476 412/412/412
f 412/412/412 476/476/476 477/477/477
f 412/412/412 477/477/477 413/413/413
f 413/413/413 477/477/477 478/478/478
f 413/413/413 478/478/478 414/414/414
f 414/414/414 478/478/478 479/479/479
f 414/414/414 479/479/479 415/415/415
f 415/415/415 479/479/479 480/480/480
f 415/415/415 480/480/480 416/416/416
f 416/416/416 480/480/480 481/481/481
f 416/416/416 481/481/481 417/417/417
f 417/417/417 481/481/481 482/482/482
f 417/417/417 482/482/482 418/418/418
f 418/418/418 482/482/482 483/483/483
f 418/418/418 483/483/483 419/419/419
f 419/419/419 483/483/483 484/484/484
f 419/419/419 484/484/484 420/420/420
f 420/420/420 484/484/484 485/485/485
f 420/420/420 485/485/485 421/421/421
f 421/421/421 485/485/485 486/486/486
f 421/421/421 486/486/486 422/422/422
f 422/422/422 486/486/486 487/487/487
f 422/422/422 487/487/487 423/423/423
f 423/423/423 487/487/487 488/488/488
f 423/423/423 488/488/488 424/424/424
f 424/424/424 488/488/488 489/489/489
f 424/424/424 489/489/489 425/425/425
f 425/425/425 489/489/489 490/490/490
f 425/425/425 490/490/490 426/426/426
f 426/426/426 490/490/490 491/491/491
f 426/426/426 491/491/491 427/427/427
f 427/427/427 491/491/491 492/492/492
f 427/427/427 492/492/492 428/428/428
f 428/428/428 492/492/492 493/493/493
f 428/428/428 493/493/493 429/429/429
f 429/429/429 493/493/493 494/494/494
f 429/429/429 494/494/494 430/430/430
f 430/430/430 494/494/494 495/495/495
f 430/430/430 495/495/495 431/431/431
f 431/431/431 495/495/495 496/496/496
f 431/431/431 496/496/496 432/432/432
f 432/432/432 496/496/496 497/497/497
f 432/432/432 497/497/497 433/433/433
f 433/433/433 497/497/497 498/498/498
f 433/433/433 498/498/498 434/434/434
f 434/434/434 498/498/498 499/499/499
f 434/434/434 499/499/499 435/435/435
f 435/435/435 499/499/499 500/500/500
f 435/435/435 500/500/500 436/436/436
f 436/436/436 500/500/500 501/501/501
f 436/436/436 501/501/501 437/437/437
f 437/437/437 501/501/501 502/502/502
f 437/437/437 502/502/502 438/438/438
f 438/438/438 502/502/502 503/503/503
f 438/438/438 503/503/503 439/439/439
f 439/439/439 503/503/503 504/504/504
f 439/439/439 504/504/504 440/440/440
f 440/440/440 504/504/504 505/505/505
f 440/440/440 505/505/505 441/441/441
f 441/441/441 505/505/505 506/506/506
f 441/441/441 506/506/506 442/442/442
f 442/442/442 506/506/506 507/507/507
f 442/442/442 507/507/507 443/443/443
f 443/443/443 507/507/507 508/508/508
f 443/443/443 508/508/508 444/444/444
f 444/444/444 508/508/508 509/509/509
f 444/444/444 509/509/509 445/445/445
f 445/445/445 509/509/509 510/510/510
f 445/445/445 510/510/510 446/446/446
f 446/446/446 510/510/510 511/511/511
f 446/446/446 511/511/511 447/447/447
f 447/447/447 511/511/511 512/512/512
f 447/447/447 512/512/512 448/448/448
f 448/448/448 512/512/512 513/513/513
f 448/448/448 513/513/513 449/449/449
f 449/449/449 513/513/513 514/514/514
f 449/449/449 514/514/514 450/450/450
f 450/450/450 514/514/514 515/515/515
f 450/450/450 515/515/515 451/451/451
f 451/451/451 515/515/515 516/516/516
f 451/451/451 516/516/516 452/452/452
f 452/452/452 516/516/516 517/517/517
f 452/452/452 517/517/517 453/453/453
f 453/453/453 517/517/517 518/518/518
f 453/453/453 518/518/518 454/454/454
f 454/454/454 518/518/518 519/519/519
f 454/454/454 519/519/519 455/455/455
f 455/455/455 519/519/519 520/520/520
f 456/456/456 521/521/521 457/457/457
f 457/457/457 521/521/521 522/522/522
f 457/457/457 522/522/522 458/458/458
f 458/458/458 522/522/522 523/523/523
f 458/458/458 523/523/523 459/459/459
f 459/459/459 523/523/523 524/524/524
f 459/459/459 524/524/524 460/460/460
f 460/460/460 524/524/524 525/525/525
f 460/460/460 525/525/525 461/461/461
f 461/461/461 525/525/525 526/526/526
f 461/461/461 526/526/526 462/462/462
f 462/462/462 526/526/526 527/527/527
f 462/462/462 527/527/527 463/463/463
f 463/463/463 527/527/527 528/528/528
f 463/463/463 528/528/528 464/464/464
f 464/464/464 528/528/528 529/529/529
f 464/464/464 529/529/529 465/465/465
f 465/465/465 529/529/529 530/530/530
f 465/465/465 530/530/530 466/466/466
f 466/466/466 530/530/530 531/531/531
f 466/466/466 531/531/531 467/467/467
f 467/467/467 531/531/531 532/532/532
f 467/467/467 532/532/532 468/468/468
f 468/468/468 532/532/532 533/533/533
f 468/468/468 533/533/533 469/469/469
f 469/469/469 533/533/533 534/534/534
f 469/469/469 534/534/534 470/470/470
f 470/470/470 534/534/534 535/535/535
f 470/470/470 535/535/535 471/471/471
f 471/471/471 535/535/535 536/536/536
f 471/471/471 536/536/536 472/472/472
f 472/472/472 536/536/536 537/537/537
f 472/472/472 537/537/537 473/473/473
f 473/473/473 537/537/537 538/538/538
f 473/473/473 538/538/538 474/474/474
f 474/474/474 538/538/538 539/539/539
f 474/474/474 539/539/539 475/475/475
f 475/475/475 539/539/539 540/540/540
f 475/475/475 540/540/540 476/476/476
f 476/476/476 540/540/540 541/541/541
f 476/476/476 541/541/541 477/477/477
f 477/477/477 541/541/541 542/542/542
f 477/477/477 542/542/542 478/478/478
f 478/478/478 542/542/542 543/543/543
f 478/478/478 543/543/543 479/479/479
f 479/479/479 543/543/543 544/544/544
f 479/479/479 544/544/544 480/480/480
f 480/480/480 544/544/544 545/545/545
f 480/480/480 545/545/545 481/481/481
f 481/481/481 545/545/545 546/546/546
f 481/481/481 546/546/546 482/482/482
f 482/482/482 546/546/546 547/547/547
f 482/482/482 547/547/547 483/483/483
f 483/483/483 547/547/547 548/548/548
f 483/483/483 548/548/548 484/484/484
f 484/484/484 548/548/548 549/549/549
f 484/484/484 549/549/549 485/485/485
f 485/485/485 549/549/549 550/550/550
f 485/485/485 550/550/550 486/486/486
f 486/486/486 550/550/550 551/551/551
f 486/486/486 551/551/551 487/487/487
f 487/487/487 551/551/551 552/552/552
f 487/487/487 552/552/552 488/488/488
f 488/488/488 552/552/552 553/553/553
f 488/488/488 553/553/553 489/489/489
f 489/489/489 553/553/553 554/554/554
f 489/489/489 554/554/554 490/490/490
f 490/490/490 554/554/554 555/555/555
f 490/490/490 555/555/555 491/491/491
f 491/491/491 555/555/555 556/556/556
f 491/491/491 556/556/556 492/492/492
f 492/492/492 556/556/556 557/557/557
f 492/492/492 557/557/557 493/493/493
f 493/493/493 557/557/557 558/558/558
f 493/493/493 558/558/558 494/494/494
f 494/494/494 558/558/558 559/559/559
f 494/494/494 559/559/559 495/495/495
f 495/495/495 559/559/559 560/560/560
f 495/495/495 560/560/560 496/496/496
f 496/496/496 560/560/560 561/561/561
f 496/496/496 561/561/561 497/497/497
f 497/497/497 561/561/561 562/562/562
f 497/497/497 562/562/562 498/498/498
f 498/498/498 562/562/562 563/563/563
f 498/498/498 563/563/563 499/499/499
f 499/499/499 563/563/563 564/564/564
f 499/499/499 564/564/564 500/500/500
f 500/500/500 564/564/564 565/565/565
f 500/500/500 565/565/565 501/501/501
f 501/501/501 565/565/565 566/566/566
f 501/501/501 566/566/566 502/502/502
f 502/502/502 566/566/566 567/567/567
f 502/502/502 567/567/567 503/503/503
f 503/503/503 567/567/567 568/568/568
f 503/503/503 568/568/568 504/504/504
f 504/504/504 568/568/568 569/569/569
f 504/504/504 569/569/569 505/505/505
f 505/505/505 569/569/569 570/570/570
f 505/505/505 570/570/570 506/506/506
f 506/506/506 570/570/570 571/571/571
f 506/506/506 571/571/571 507/507/507
f 507/507/507 571/571/571 572/572/572
f 507/507/507 572/572/572 508/508/508
f 508/508/508 572/572/572 573/573/573
f 508/508/508 573/573/573 509/509/509
f 509/509/509 573/573/573 574/574/574
f 509/509/509 574/574/574 510/510/510
f 510/510/510 574/574/574 575/575/575
f 510/510/510 575/575/575 511/511/511
f 511/511/511 575/575/575 576/576/576
f 511/511/511 576/576/576 512/512/512
f 512/512/512 576/576/576 577/577/577
f 512/512/512 577/577/577 513/513/513
f 513/513/513 577/577/577 578/578/578
f 513/513/513 578/578/578 514/514/514
f 514/514/514 578/578/578 579/579/579
f 514/514/514 579/579/579 515/515/515
f 515/515/515 579/579/579 580/580/580
f 515/515/515 580/580/580 516/516/516
f 516/516/516 580/580/580 581/581/581
f 516/516/516 581/581/581 517/517/517
f 517/517/517 581/581/581 582/582/582
f 517/517/517 582/582/582 518/518/518
f 518/518/518 582/582/582 583/583/583
f 518/518/518 583/583/583 519/519/519
f 519/519/519 583/583/583 584/584/584
f 519/519/519 584/584/584 520/520/520
f 520/520/520 584/584/584 585/585/585
f 521/521/521 586/586/586 522/522/522
f 522/522/522 586/586/586 587/587/587
f 522/522/522 587/587/587 523/523/523
f 523/523/523 587/587/587 588/588/588
f 523/523/523 588/588/588 524/524/524
f 524/524/524 588/588/588 589/589/589
f 524/524/524 589/589/589 525/525/525
f 525/525/525 589/589/589 590/590/590
f 525/525/525 590/590/590 526/526/526
f 526/526/526 590/590/590 591/591/591
f 526/526/526 591/591/591 527/527/527
f 527/527/527 591/591/591 592/592/592
f 527/527/527 592/592/592 528/528/528
f 528/528/528 592/592/592 593/593/593
f 528/528/528 593/593/593 529/529/529
f 529/529/529 593/593/593 594/594/594
f 529/529/529 594/594/594 530/530/530
f 530/530/530 594/594/594 595/595/595
f 530/530/530 595/595/595 531/531/531
f 531/531/531 595/595/595 596/596/596
f 531/531/531 596/596/596 532/532/532
f 532/532/532 596/596/596 597/597/597
f 532/532/532 597/597/597 533/533/533
f 533/533/533 597/597/597 598/598/598
f 533/533/533 598/598/598 534/534/534
f 534/534/534 598/598/598 599/599/599
f 534/534/534 599/599/599 535/535/535
f 535/535/535 599/599/599 600/600/600
f 535/535/535 600/600/600 536/536/536
f 536/536/536 600/600/600 601/601/601
f 536/536/536 601/601/601 537/537/537
f 537/537/537 601/601/601 602/602/602
f 537/537/537 602/602/602 538/538/538
f 538/538/538 602/602/602 603/603/603
f 538/538/538 603/603/603 539/539/539
f 539/539/539 603/603/603 604/604/604
f 539/539/539 604/604/604 540/540/540
f 540/540/540 604/604/604 605/605/605
f 540/540/540 605/605/605 541/541/541
f 541/541/541 605/605/605 606/606/606
f 541/541/541 606/606/606 542/542/542
f 542/542/542 606/606/606 607/607/607
f 542/542/542 607/607/607 543/543/543
f 543/543/543 607/607/607 608/608/608
f 543/543/543 608/608/608 544/544/544
f 544/544/544 608/608/608 609/609/609
f 544/544/544 609/609/609 545/545/545
f 545/545/545 609/609/609 610/610/610
f 545/545/545 610/610/610 546/546/546
f 546/546/546 610/610/610 611/611/611
f 546/546/546 611/611/611 547/547/547
f 547/547/547 611/611/611 612/612/612
f 547/547/547 612/612/612 548/548/548
f 548/548/548 612/612/612 613/613/613
f 548/548/548 613/613/613 549/549/549
f 549/549/549 613/613/613 614/614/614
f 549/549/549 614/614/614 550/550/550
f 550/550/550 614/614/614 615/615/615
f 550/550/550 615/615/615 551/551/551
f 551/551/551 615/615/615 616/616/616
f 551/551/551 616/616/616 552/552/552
f 552/552/552 616/616/616 617/617/617
f 552/552/552 617/617/617 553/553/553
f 553/553/553 617/617/617 618/618/618
f 553/553/553 618/618/618 554/554/554
f 554/554/554 618/618/618 619/619/619
f 554/554/554 619/619/619 555/555/555
f 555/555/555 619/619/619 620/620/620
f 555/555/555 620/620/620 556/556/556
f 556/556/556 620/620/620 621/621/621
f 556/556/556 621/621/621 557/557/557
f 557/557/557 621/621/621 622/622/622
f 557/557/557 622/622/622 558/558/558
f 558/558/558 622/622/622 623/623/623
f 558/558/558 623/623/623 559/559/559
f 559/559/559 623/623/623 624/624/624
f 559/559/559 624/624/624 560/560/560
f 560/560/560 624/624/624 625/625/625
f 560/560/560 625/625/625 561/561/561
f 561/561/561 625/625/625 626/626/626
f 561/561/561 626/626/626 562/562/562
f 562/562/562 626/626/626 627/627/627
f 562/562/562 627/627/627 563/563/563
f 563/563/563 627/627/627 628/628/628
f 563/563/563 628/628/628 564/564/564
f 564/564/564 628/628/628 629/629/629
f 564/564/564 629/629/629 565/565/565
f 565/565/565 629/629/629 630/630/630
f 565/565/565 630/630/630 566/566/566
f 566/566/566 630/630/630 631/631/631
f 566/566/566 631/631/631 567/567/567
f 567/567/567 631/631/631 632/632/632
f 567/567/567 632/632/632 568/568/568
f 568/568/568 632/632/632 633/633/633
f 568/568/568 633/633/633 569/569/569
f 569/569/569 633/633/633 634/634/634
f 569/569/569 634/634/634 570/570/570
f 570/570/570 634/634/634 635/635/635
f 570/570/570 635/635/635 571/571/571
f 571/571/571 635/635/635 636/636/636
f 571/571/571 636/636/636 572/572/572
f 572/572/572 636/636/636 637/637/637
f 572/572/572 637/637/637 573/573/573
f 573/573/573 637/637/637 638/638/638
f 573/573/573 638/638/638 574/574/574
f 574/574/574 638/638/638 639/639/639
f 574/574/574 639/639/639 575/575/575
f 575/575/575 639/639/639 640/640/640
f 575/575/575 640/640/640 576/576/576
f 576/576/576 640/640/640 641/641/641
f 576/576/576 641/641/641 577/577/577
f 577/577/577 641/641/641 642/642/642
f 577/577/577 642/642/642 578/578/578
f 578/578/578 642/642/642 643/643/643
f 578/578/578 643/643/643 579/579/579
f 579/579/579 643/643/643 644/644/644
f 579/579/579 644/644/644 580/580/580
f 580/580/580 644/644/644 645/645/645
f 580/580/580 645/645/645 581/581/581
f 581/581/581 645/645/645 646/646/646
f 581/581/581 646/646/646 582/582/582
f 582/582/582 646/646/646 647/647/647
f 582/582/582 647/647/647 583/583/583
f 583/583/583 647/647/647 648/648/648
f 583/583/583 648/648/648 584/584/584
f 584/584/584 648/648/648 649/649/649
f 584/584/584 649/649/649 585/585/585
f 585/585/585 649/649/649 650/650/650
f 586/586/586 651/651/651 587/587/587
f 587/587/587 651/651/651 652/652/652
f 587/587/587 652/652/652 588/588/588
f 588/588/588 652/652/652 653/653/653
f 588/588/588 653/653/653 589/589/589
f 589/589/589 653/653/653 654/654/654
f 589/589/589 654/654/654 590/590/590
f 590/590/590 654/654/654 655/655/655
f 590/590/590 655/655/655 591/591/591
f 591/591/591 655/655/655 656/656/656
f 591/591/591 656/656/656 592/592/592
f 592/592/592 656/656/656 657/657/657
f 592/592/592 657/657/657 593/593/593
f 593/593/593 657/657/657 658/658/658
f 593/593/593 658/658/658 594/594/594
f 594/594/594 658/658/658 659/659/659
f 594/594/594 659/659/659 595/595/595
f 595/595/595 659/659/659 660/660/660
f 595/595/595 660/660/660 596/596/596
f 596/596/596 660/660/660 661/661/661
f 596/596/596 661/661/661 597/597/597
f 597/597/597 661/661/661 662/662/662
f 597/597/597 662/662/662 598/598/598
f 598/598/598 662/662/662 663/663/663
f 598/598/598 663/663/663 599/599/599
f 599/599/599 663/663/663 664/664/664
f 599/599/599 664/664/664 600/600/600
f 600/600/600 664/664/664 665/665/665
f 600/600/600 665/665/665 601/601/601
f 601/601/601 665/665/665 666/666/666
f 601/601/601 666/666/666 602/602/602
f 602/602/602 666/666/666 667/667/667
f 602/602/602 667/667/667 603/603/603
f 603/603/603 667/667/667 668/668/668
f 603/603/603 668/668/668 604/604/604
f 604/604/604 668/668/668 669/669/669
f 604/604/604 669/669/669 605/605/605
f 605/605/605 669/669/669 670/670/670
f 605/605/605 670/670/670 606/606/606
f 606/606/606 670/670/670 671/671/671
f 606/606/606 671/671/671 607/607/607
f 607/607/607 671/671/671 672/672/672
f 607/607/607 672/672/672 608/608/608
f 608/608/608 672/672/672 673/673/673
f 608/608/608 673/673/673 609/609/609
f 609/609/609 673/673/673 674/674/674
f 609/609/609 674/674/674 610/610/610
f 610/610/610 674/674/674 675/675/675
f 610/610/610 675/675/675 611/611/611
f 611/611/611 675/675/675 676/676/676
f 611/611/611 676/676/676 612/612/612
f 612/612/612 676/676/676 677/677/677
f 612/612/612 677/677/677 613/613/613
f 613/613/613 677/677/677 678/678/678
f 613/613/613 678/678/678 614/614/614
f 614/614/614 678/678/678 679/679/679
f 614/614/614 679/679/679 615/615/615
f 615/615/615 679/679/679 680/680/680
f 615/615/615 680/680/680 616/616/616
f 616/616/616 680/680/680 681/681/681
f 616/616/616 681/681/681 617/617/617
f 617/617/617 681/681/681 682/682/682
f 617/617/617 682/682/682 618/618/618
f 618/618/618 682/682/682 683/683/683
f 618/618/618 683/683/683 619/619/619
f 619/619/619 683/683/683 684/684/684
f 619/619/619 684/684/684 620/620/620
f 620/620/620 684/684/684 685/685/685
f 620/620/620 685/685/685 621/621/621
f 621/621/621 685/685/685 686/686/686
f 621/621/621 686/686/686 622/622/622
f 622/622/622 686/686/686 687/687/687
f 622/622/622 687/687/687 623/623/623
f 623/623/623 687/687/687 688/688/688
f 623/623/623 688/688/688 624/624/624
f 624/624/624 688/688/688 689/689/689
f 624/624/624 689/689/689 625/625/625
f 625/625/625 689/689/689 690/690/690
f 625/625/625 690/690/690 626/626/626
f 626/626/626 690/690/690 691/691/691
f 626/626/626 691/691/691 627/627/627
f 627/627/627 691/691/691 692/692/692
f 627/627/627 692/692/692 628/628/628
f 628/628/628 692/692/692 693/693/693
f 628/628/628 693/693/693 629/629/629
f 629/629/629 693/693/693 694/694/694
f 629/629/629 694/694/694 630/630/630
f 630/630/630 694/694/694 695/695/695
f 630/630/630 695/695/695 631/631/631
f 631/631/631 695/695/695 696/696/696
f 631/631/631 696/696/696 632/632/632
f 632/632/632 696/696/696 697/697/697
f 632/632/632 697/697/697 633/633/633
f 633/633/633 697/697/697 698/698/698
f 633/633/633 698/698/698 634/634/634
f 634/634/634 698/698/698 699/699/699
f 634/634/634 699/699/699 635/635/635
f 635/635/635 699/699/699 700/700/700
f 635/635/635 700/700/700 636/636/636
f 636/636/636 700/700/700 701/701/701
f 636/636/636 701/701/701 637/637/637
f 637/637/637 701/701/701 702/702/702
f 637/637/637 702/702/702 638/638/638
f 638/638/638 702/702/702 703/703/703
f 638/638/638 703/703/703 639/639/639
f 639/639/639 703/703/703 704/704/704
f 639/639/639 704/704/704 640/640/640
f 640/640/640 704/704/704 705/705/705
f 640/640/640 705/705/705 641/641/641
f 641/641/641 705/705/705 706/706/706
f 641/641/641 706/706/706 642/642/642
f 642/642/642 706/706/706 707/707/707
f 642/642/642 707/707/707 643/643/643
f 643/643/643 707/707/707 708/708/708
f 643/643/643 708/708/708 644/644/644
f 644/644/644 708/708/708 709/709/709
f 644/644/644 709/709/709 645/645/645
f 645/645/645 709/709/709 710/710/710
f 645/645/645 710/710/710 646/646/646
f 646/646/646 710/710/710 711/711/711
f 646/646/646 711/711/711 647/647/647
f 647/647/647 711/711/711 712/712/712
f 647/647/647 712/712/712 648/648/648
f 648/648/648 712/712/712 713/713/713
f 648/648/648 713/713/713 649/649/649
f 649/649/649 713/713/713 714/714/714
f 649/649/649 714/714/714 650/650/650
f 650/650/650 714/714/714 715/715/715
f 651/651/651 716/716/716 652/652/652
f 652/652/652 716/716/716 717/717/717
f 652/652/652 717/717/717 653/653/653
f 653/653/653 717/717/717 718/718/718
f 653/653/653 718/718/718 654/654/654
f 654/654/654 718/718/718 719/719/719
f 654/654/654 719/719/719 655/655/655
f 655/655/655 719/719/719 720/720/720
f 655/655/655 720/720/720 656/656/656
f 656/656/656 720/720/720 721/721/721
f 656/656/656 721/721/721 657/657/657
f 657/657/657 721/721/721 722/722/722
f 657/657/657 722/722/722 658/658/658
f 658/658/658 722/722/722 723/723/723
f 658/658/658 723/723/723 659/659/659
f 659/659/659 723/723/723 724/724/724
f 659/659/659 724/724/724 660/660/660
f 660/660/660 724/724/724 725/725/725
f 660/660/660 725/725/725 661/661/661
f 661/661/661 725/725/725 726/726/726
f 661/661/661 726/726/726 662/662/662
f 662/662/662 726/726/726 727/727/727
f 662/662/662 727/727/727 663/663/663
f 663/663/663 727/727/727 728/728/728
f 663/663/663 728/728/728 664/664/664
f 664/664/664 728/728/728 729/729/729
f 664/664/664 729/729/729 665/665/665
f 665/665/665 729/729/729 730/730/730
f 665/665/665 730/730/730 666/666/666
f 666/666/666 730/730/730 731/731/731
f 666/666/666 731/731/731 667/667/667
f 667/667/667 731/731/731 732/732/732
f 667/667/667 732/732/732 668/668/668
f 668/668/668 732/732/732 733/733/733
f 668/668/668 733/733/733 669/669/669
f 669/669/669 733/733/733 734/734/734
f 669/669/669 734/734/734 670/670/670
f 670/670/670 734/734/734 735/735/735
f 670/670/670 735/735/735 671/671/671
f 671/671/671 735/735/735 736/736/736
f 671/671/671 736/736/736 672/672/672
f 672/672/672 736/736/736 737/737/737
f 672/672/672 737/737/737 673/673/673
f 673/673/673 737/737/737 738/738/738
f 673/673/673 738/738/738 674/674/674
f 674/674/674 738/738/738 739/739/739
f 674/674/674 739/739/739 675/675/675
f 675/675/675 739/739/739 740/740/740
f 675/675/675 740/740/740 676/676/676
f 676/676/676 740/740/740 741/741/741
f 676/676/676 741/741/741 677/677/677
f 677/677/677 741/741/741 742/742/742
f 677/677/677 742/742/742 678/678/678
f 678/678/678 742/742/742 743/743/743
f 678/678/678 743/743/743 679/679/679
f 679/679/679 743/743/743 744/744/744
f 679/679/679 744/744/744 680/680/680
f 680/680/680 744/744/744 745/745/745
f 680/680/680 745/745/745 681/681/681
f 681/681/681 745/745/745 746/746/746
f 681/681/681 746/746/746 682/682/682
f 682/682/682 746/746/746 747/747/747
f 682/682/682 747/747/747 683/683/683
f 683/683/683 747/747/747 748/748/748
f 683/683/683 748/748/748 684/684/684
f 684/684/684 748/748/748 749/749/749
f 684/684/684 749/749/749 685/685/685
f 685/685/685 749/749/749 750/750/750
f 685/685/685 750/750/750 686/686/686
f 686/686/686 750/750/750 751/751/751
f 686/686/686 751/751/751 687/687/687
f 687/687/687 751/751/751 752/752/752
f 687/687/687 752/752/752 688/688/688
f 688/688/688 752/752/752 753/753/753
f 688/688/688 753/753/753 689/689/689
f 689/689/689 753/753/753 754/754/754
f 689/689/689 754/754/754 690/690/690
f 690/690/690 754/754/754 755/755/755
f 690/690/690 755/755/755 691/691/691
f 691/691/691 755/755/755 756/756/756
f 691/691/691 756/756/756 692/692/692
f 692/692/692 756/756/756 757/757/757
f 692/692/692 757/757/757 693/693/693
f 693/693/693 757/757/757 758/758/758
f 693/693/693 758/758/758 694/694/694
f 694/694/694 758/758/758 759/759/759
f 694/694/694 759/759/759 695/695/695
f 695/695/695 759/759/759 760/760/760
f 695/695/695 760/760/760 696/696/696
f 696/696/696 760/760/760 761/761/761
f 696/696/696 761/761/761 697/697/697
f 697/697/697 761/761/761 762/762/762
f 697/697/697 762/762/762 698/698/698
f 698/698/698 762/762/762 763/763/763
f 698/698/698 763/763/763 699/699/699
f 699/699/699 763/763/763 764/764/764
f 699/699/699 764/764/764 700/700/700
f 700/700/700 764/764/764 765/765/765
f 700/700/700 765/765/765 701/701/701
f 701/701/701 765/765/765 766/766/766
f 701/701/701 766/766/766 702/702/702
f 702/702/702 766/766/766 767/767/767
f 702/702/702 767/767/767 703/703/703
f 703/703/703 767/767/767 768/768/768
f 703/703/703 768/768/768 704/704/704
f 704/704/704 768/768/768 769/769/769
f 704/704/704 769/769/769 705/705/705
f 705/705/705 769/769/769 770/770/770
f 705/705/705 770/770/770 706/706/706
f 706/706/706 770/770/770 771/771/771
f 706/706/706 771/771/771 707/707/707
f 707/707/707 771/771/771 772/772/772
f 707/707/707 772/772/772 708/708/708
f 708/708/708 772/772/772 773/773/773
f 708/708/708 773/773/773 709/709/709
f 709/709/709 773/773/773 774/774/774
f 709/709/709 774/774/774 710/710/710
f 710/710/710 774/774/774 775/775/775
f 710/710/710 775/775/775 711/711/711
f 711/711/711 775/775/775 776/776/776
f 711/711/711 776/776/776 712/712/712
f 712/712/712 776/776/776 777/777/777
f 712/712/712 777/777/777 713/713/713
f 713/713/713 777/777/777 778/778/778
f 713/713/713 778/778/778 714/714/714
f 714/714/714 778/778/778 779/779/779
f 714/714/714 779/779/779 715/715/715
f 715/715/715 779/779/779 780/780/780
f 716/716/716 781/781/781 717/717/717
f 717/717/717 781/781/781 782/782/782
f 717/717/717 782/782/782 718/718/718
f 718/718/718 782/782/782 783/783/783
f 718/718/718 783/783/783 719/719/719
f 719/719/719 783/783/783 784/784/784
f 719/719/719 784/784/784 720/720/720
f 720/720/720 784/784/784 785/785/785
f 720/720/720 785/785/785 721/721/721
f 721/721/721 785/785/785 786/786/786
f 721/721/721 786/786/786 722/722/722
f 722/722/722 786/786/786 787/787/787
f 722/722/722 787/787/787 723/723/723
f 723/723/723 787/787/787 788/788/788
f 723/723/723 788/788/788 724/724/724
f 724/724/724 788/788/788 789/789/789
f 724/724/724 789/789/789 725/725/725
f 725/725/725 789/789/789 790/790/790
f 725/725/725 790/790/790 726/726/726
f 726/726/726 790/790/790 791/791/791
f 726/726/726 791/791/791 727/727/727
f 727/727/727 791/791/791 792/792/792
f 727/727/727 792/792/792 728/728/728
f 728/728/728 792/792/792 793/793/793
f 728/728/728 793/793/793 729/729/729
f 729/729/729 793/793/793 794/794/794
f 729/729/729 794/794/794 730/730/730
f 730/730/730 794/794/794 795/795/795
f 730/730/730 795/795/795 731/731/731
f 731/731/731 795/795/795 796/796/796
f 731/731/731 796/796/796 732/732/732
f 732/732/732 796/796/796 797/797/797
f 732/732/732 797/797/797 733/733/733
f 733/733/733 797/797/797 798/798/798
f 733/733/733 798/798/798 734/734/734
f 734/734/734 798/798/798 799/799/799
f 734/734/734 799/799/799 735/735/735
f 735/735/735 799/799/799 800/800/800
f 735/735/735 800/800/800 736/736/736
f 736/736/736 800/800/800 801/801/801
f 736/736/736 801/801/801 737/737/737
f 737/737/737 801/801/801 802/802/802
f 737/737/737 802/802/802 738/738/738
f 738/738/738 802/802/802 803/803/803
f 738/738/738 803/803/803 739/739/739
f 739/739/739 803/803/803 804/804/804
f 739/739/739 804/804/804 740/740/740
f 740/740/740 804/804/804 805/805/805
f 740/740/740 805/805/805 741/741/741
f 741/741/741 805/805/805 806/806/806
f 741/741/741 806/806/806 742/742/742
f 742/742/742 806/806/806 807/807/807
f 742/742/742 807/807/807 743/743/743
f 743/743/743 807/807/807 808/808/808
f 743/743/743 808/808/808 744/744/744
f 744/744/744 808/808/808 809/809/809
f 744/744/744 809/809/809 745/745/745
f 745/745/745 809/809/809 810/810/810
f 745/745/745 810/810/810 746/746/746
f 746/746/746 810/810/810 811/811/811
f 746/746/746 811/811/811 747/747/747
f 747/747/747 811/811/811 812/812/812
f 747/747/747 812/812/812 748/748/748
f 748/748/748 812/812/812 813/813/813
f 748/748/748 813/813/813 749/749/749
f 749/749/749 813/813/813 814/814/814
f 749/749/749 814/814/814 750/750/750
f 750/750/750 814/814/814 815/815/815
f 750/750/750 815/815/815 751/751/751
f 751/751/751 815/815/815 816/816/816
f 751/751/751 816/816/816 752/752/752
f 752/752/752 816/816/816 817/817/817
f 752/752/752 817/817/817 753/753/753
f 753/753/753 817/817/817 818/818/818
f 753/753/753 818/818/818 754/754/754
f 754/754/754 818/818/818 819/819/819
f 754/754/754 819/819/819 755/755/755
f 755/755/755 819/819/819 820/820/820
f 755/755/755 820/820/820 756/756/756
f 756/756/756 820/820/820 821/821/821
f 756/756/756 821/821/821 757/757/757
f 757/757/757 821/821/821 822/822/822
f 757/757/757 822/822/822 758/758/758
f 758/758/758 822/822/822 823/823/823
f 758/758/758 823/823/823 759/759/759
f 759/759/759 823/823/823 824/824/824
f 759/759/759 824/824/824 760/760/760
f 760/760/760 824/824/824 825/825/825
f 760/760/760 825/825/825 761/761/761
f 761/761/761 825/825/825 826/826/826
f 761/761/761 826/826/826 762/762/762
f 762/762/762 826/826/826 827/827/827
f 762/762/762 827/827/827 763/763/763
f 763/763/763 827/827/827 828/828/828
f 763/763/763 828/828/828 764/764/764
f 764/764/764 828/828/828 829/829/829
f 764/764/764 829/829/829 765/765/765
f 765/765/765 829/829/829 830/830/830
f 765/765/765 830/830/830 766/766/766
f 766/766/766 830/830/830 831/831/831
f 766/766/766 831/831/831 767/767/767
f 767/767/767 831/831/831 832/832/832
f 767/767/767 832/832/832 768/768/768
f 768/768/768 832/832/832 833/833/833
f 768/768/768 833/833/833 769/769/769
f 769/769/769 833/833/833 834/834/834
f 769/769/769 834/834/834 770/770/770
f 770/770/770 834/834/834 835/835/835
f 770/770/770 835/835/835 771/771/771
f 771/771/771 835/835/835 836/836/836
f 771/771/771 836/836/836 772/772/772
f 772/772/772 836/836/836 837/837/837
f 772/772/772 837/837/837 773/773/773
f 773/773/773 837/837/837 838/838/838
f 773/773/773 838/838/838 774/774/774
f 774/774/774 838/838/838 839/839/839
f 774/774/774 839/839/839 775/775/775
f 775/775/775 839/839/839 840/840/840
f 775/775/775 840/840/840 776/776/776
f 776/776/776 840/840/840 841/841/841
f 776/776/776 841/841/841 777/777/777
f 777/777/777 841/841/841 842/842/842
f 777/777/777 842/842/842 778/778/778
f 778/778/778 842/842/842 843/843/843
f 778/778/778 843/843/843 779/779/779
f 779/779/779 843/843/843 844/844/844
f 779/779/779 844/844/844 780/780/780
f 780/780/780 844/844/844 845/845/845
f 781/781/781 846/846/846 782/782/782
f 782/782/782 846/846/846 847/847/847
f 782/782/782 847/847/847 783/783/783
f 783/783/783 847/847/847 848/848/848
f 783/783/783 848/848/848 784/784/784
f 784/784/784 848/848/848 849/849/849
f 784/784/784 849/849/849 785/785/785
f 785/785/785 849/849/849 850/850/850
f 785/785/785 850/850/850 786/786/786
f 786/786/786 850/850/850 851/851/851
f 786/786/786 851/851/851 787/787/787
f 787/787/787 851/851/851 852/852/852
f 787/787/787 852/852/852 788/788/788
f 788/788/788 852/852/852 853/853/853
f 788/788/788 853/853/853 789/789/789
f 789/789/789 853/853/853 854/854/854
f 789/789/789 854/854/854 790/790/790
f 790/790/790 854/854/854 855/855/855
f 790/790/790 855/855/855 791/791/791
f 791/791/791 855/855/855 856/856/856
f 791/791/791 856/856/856 792/792/792
f 792/792/792 856/856/856 857/857/857
f 792/792/792 857/857/857 793/793/793
f 793/793/793 857/857/857 858/858/858
f 793/793/793 858/858/858 794/794/794
f 794/794/794 858/858/858 859/859/859
f 794/794/794 859/859/859 795/795/795
f 795/795/795 859/859/859 860/860/860
f 795/795/795 860/860/860 796/796/796
f 796/796/796 860/860/860 861/861/861
f 796/796/796 861/861/861 797/797/797
f 797/797/797 861/861/861 862/862/862
f 797/797/797 862/862/862 798/798/798
f 798/798/798 862/862/862 863/863/863
f 798/798/798 863/863/863 799/799/799
f 799/799/799 863/863/863 864/864/864
f 799/799/799 864/864/864 800/800/800
f 800/800/800 864/864/864 865/865/865
f 800/800/800 865/865/865 801/801/801
f 801/801/801 865/865/865 866/866/866
f 801/801/801 866/866/866 802/802/802
f 802/802/802 866/866/866 867/867/867
f 802/802/802 867/867/867 803/803/803
f 803/803/803 867/867/867 868/868/868
f 803/803/803 868/868/868 804/804/804
f 804/804/804 868/868/868 869/869/869
f 804/804/804 869/869/869 805/805/805
f 805/805/805 869/869/869 870/870/870
f 805/805/805 870/870/870 806/806/806
f 806/806/806 870/870/870 871/871/871
f 806/806/806 871/871/871 807/807/807
f 807/807/807 871/871/871 872/872/872
f 807/807/807 872/872/872 808/808/808
f 808/808/808 872/872/872 873/873/873
f 808/808/808 873/873/873 809/809/809
f 809/809/809 873/873/873 874/874/874
f 809/809/809 874/874/874 810/810/810
f 810/810/810 874/874/874 875/875/875
f 810/810/810 875/875/875 811/811/811
f 811/811/811 875/875/875 876/876/876
f 811/811/811 876/876/876 812/812/812
f 812/812/812 876/876/876 877/877/877
f 812/812/812 877/877/877 813/813/813
f 813/813/813 877/877/877 878/878/878
f 813/813/813 878/878/878 814/814/814
f 814/814/814 878/878/878 879/879/879
f 814/814/814 879/879/879 815/815/815
f 815/815/815 879/879/879 880/880/880
f 815/815/815 880/880/880 816/816/816
f 816/816/816 880/880/880 881/881/881
f 816/816/816 881/881/881 817/817/817
f 817/817/817 881/881/881 882/882/882
f 817/817/817 882/882/882 818/818/818
f 818/818/818 882/882/882 883/883/883
f 818/818/818 883/883/883 819/819/819
f 819/819/819 883/883/883 884/884/884
f 819/819/819 884/884/884 820/820/820
f 820/820/820 884/884/884 885/885/885
f 820/820/820 885/885/885 821/821/821
f 821/821/821 885/885/885 886/886/886
f 821/821/821 886/886/886 822/822/822
f 822/822/822 886/886/886 887/887/887
f 822/822/822 887/887/887 823/823/823
f 823/823/823 887/887/887 888/888/888
f 823/823/823 888/888/888 824/824/824
f 824/824/824 888/888/888 889/889/889
f 824/824/824 889/889/889 825/825/825
f 825/825/825 889/889/889 890/890/890
f 825/825/825 890/890/890 826/826/826
f 826/826/826 890/890/890 891/891/891
f 826/826/826 891/891/891 827/827/827
f 827/827/827 891/891/891 892/892/892
f 827/827/827 892/892/892 828/828/828
f 828/828/828 892/892/892 893/893/893
f 828/828/828 893/893/893 829/829/829
f 829/829/829 893/893/893 894/894/894
f 829/829/829 894/894/894 830/830/830
f 830/830/830 894/894/894 895/895/895
f 830/830/830 895/895/895 831/831/831
f 831/831/831 895/895/895 896/896/896
f 831/831/831 896/896/896 832/832/832
f 832/832/832 896/896/896 897/897/897
f 832/832/832 897/897/897 833/833/833
f 833/833/833 897/897/897 898/898/898
f 833/833/833 898/898/898 834/834/834
f 834/834/834 898/898/898 899/899/899
f 834/834/834 899/899/899 835/835/835
f 835/835/835 899/899/899 900/900/900
f 835/835/835 900/900/900 836/836/836
f 836/836/836 900/900/900 901/901/901
f 836/836/836 901/901/901 837/837/837
f 837/837/837 901/901/901 902/902/902
f 837/837/837 902/902/902 838/838/838
f 838/838/838 902/902/902 903/903/903
f 838/838/838 903/903/903 839/839/839
f 839/839/839 903/903/903 904/904/904
f 839/839/839 904/904/904 840/840/840
f 840/840/840 904/904/904 905/905/905
f 840/840/840 905/905/905 841/841/841
f 841/841/841 905/905/905 906/906/906
f 841/841/841 906/906/906 842/842/842
f 842/842/842 906/906/906 907/907/907
f 842/842/842 907/907/907 843/843/843
f 843/843/843 907/907/907 908/908/908
f 843/843/843 908/908/908 844/844/844
f 844/844/844 908/908/908 909/909/909
f 844/844/844 909/909/909 845/845/845
f 845/845/845 909/909/909 910/910/910
f 846/846/846 911/911/911 847/847/847
f 847/847/847 911/911/911 912/912/912
f 847/847/847 912/912/912 848/848/848
f 848/848/848 912/912/912 913/913/913
f 848/848/848 913/913/913 849/849/849
f 849/849/849 913/913/913 914/914/914
f 849/849/849 914/914/914 850/850/850
f 850/850/850 914/914/914 915/915/915
f 850/850/850 915/915/915 851/851/851
f 851/851/851 915/915/915 916/916/916
f 851/851/851 916/916/916 852/852/852
f 852/852/852 916/916/916 917/917/917
f 852/852/852 917/917/917 853/853/853
f 853/853/853 917/917/917 918/918/918
f 853/853/853 918/918/918 854/854/854
f 854/854/854 918/918/918 919/919/919
f 854/854/854 919/919/919 855/855/855
f 855/855/855 919/919/919 920/920/920
f 855/855/855 920/920/920 856/856/856
f 856/856/856 920/920/920 921/921/921
f 856/856/856 921/921/921 857/857/857
f 857/857/857 921/921/921 922/922/922
f 857/857/857 922/922/922 858/858/858
f 858/858/858 922/922/922 923/923/923
f 858/858/858 923/923/923 859/859/859
f 859/859/859 923/923/923 924/924/924
f 859/859/859 924/924/924 860/860/860
f 860/860/860 924/924/924 925/925/925
f 860/860/860 925/925/925 861/861/861
f 861/861/861 925/925/925 926/926/926
f 861/861/861 926/926/926 862/862/862
f 862/862/862 926/926/926 927/927/927
f 862/862/862 927/927/927 863/863/863
f 863/863/863 927/927/927 928/928/928
f 863/863/863 928/928/928 864/864/864
f 864/864/864 928/928/928 929/929/929
f 864/864/864 929/929/929 865/865/865
f 865/865/865 929/929/929 930/930/930
f 865/865/865 930/930/930 866/866/866
f 866/866/866 930/930/930 931/931/931
f 866/866/866 931/931/931 867/867/867
f 867/867/867 931/931/931 932/932/932
f 867/867/867 932/932/932 868/868/868
f 868/868/868 932/932/932 933/933/933
f 868/868/868 933/933/933 869/869/869
f 869/869/869 933/933/933 934/934/934
f 869/869/869 934/934/934 870/870/870
f 870/870/870 934/934/934 935/935/935
f 870/870/870 935/935/935 871/871/871
f 871/871/871 935/935/935 936/936/936
f 871/871/871 936/936/936 872/872/872
f 872/872/872 936/936/936 937/937/937
f 872/872/872 937/937/937 873/873/873
f 873/873/873 937/937/937 938/938/938
f 873/873/873 938/938/938 874/874/874
f 874/874/874 938/938/938 939/939/939
f 874/874/874 939/939/939 875/875/875
f 875/875/875 939/939/939 940/940/940
f 875/875/875 940/940/940 876/876/876
f 876/876/876 940/940/940 941/941/941
f 876/876/876 941/941/941 877/877/877
f 877/877/877 941/941/941 942/942/942
f 877/877/877 942/942/942 878/878/878
f 878/878/878 942/942/942 943/943/943
f 878/878/878 943/943/943 879/879/879
f 879/879/879 943/943/943 944/944/944
f 879/879/879 944/944/944 880/880/880
f 880/880/880 944/944/944 945/945/945
f 880/880/880 945/945/945 881/881/881
f 881/881/881 945/945/945 946/946/946
f 881/881/881 946/946/946 882/882/882
f 882/882/882 946/946/946 947/947/947
f 882/882/882 947/947/947 883/883/883
f 883/883/883 947/947/947 948/948/948
f 883/883/883 948/948/948 884/884/884
f 884/884/884 948/948/948 949/949/949
f 884/884/884 949/949/949 885/885/885
f 885/885/885 949/949/949 950/950/950
f 885/885/885 950/950/950 886/886/886
f 886/886/886 950/950/950 951/951/951
f 886/886/886 951/951/951 887/887/887
f 887/887/887 951/951/951 952/952/952
f 887/887/887 952/952/952 888/888/888
f 888/888/888 952/952/952 953/953/953
f 888/888/888 953/953/953 889/889/889
f 889/889/889 953/953/953 954/954/954
f 889/889/889 954/954/954 890/890/890
f 890/890/890 954/954/954 955/955/955
f 890/890/890 955/955/955 891/891/891
f 891/891/891 955/955/955 956/956/956
f 891/891/891 956/956/956 892/892/892
f 892/892/892 956/956/956 957/957/957
f 892/892/892 957/957/957 893/893/893
f 893/893/893 957/957/957 958/958/958
f 893/893/893 958/958/958 894/894/894
f 894/894/894 958/958/958 959/959/959
f 894/894/894 959/959/959 895/895/895
f 895/895/895 959/959/959 960/960/960
f 895/895/895 960/960/960 896/896/896
f 896/896/896 960/960/960 961/961/961
f 896/896/896 961/961/961 897/897/897
f 897/897/897 961/961/961 962/962/962
f 897/897/897 962/962/962 898/898/898
f 898/898/898 962/962/962 963/963/963
f 898/898/898 963/963/963 899/899/899
f 899/899/899 963/963/963 964/964/964
f 899/899/899 964/964/964 900/900/900
f 900/900/900 964/964/964 965/965/965
f 900/900/900 965/965/965 901/901/901
f 901/901/901 965/965/965 966/966/966
f 901/901/901 966/966/966 902/902/902
f 902/902/902 966/966/966 967/967/967
f 902/902/902 967/967/967 903/903/903
f 903/903/903 967/967/967 968/968/968
f 903/903/903 968/968/968 904/904/904
f 904/904/904 968/968/968 969/969/969
f 904/904/904 969/969/969 905/905/905
f 905/905/905 969/969/969 970/970/970
f 905/905/905 970/970/970 906/906/906
f 906/906/906 970/970/970 971/971/971
f 906/906/906 971/971/971 907/907/907
f 907/907/907 971/971/971 972/972/972
f 907/907/907 972/972/972 908/908/908
f 908/908/908 972/972/972 973/973/973
f 908/908/908 973/973/973 909/909/909
f 909/909/909 973/973/973 974/974/974
f 909/909/909 974/974/974 910/910/910
f 910/910/910 974/974/974 975/975/975
f 911/911/911 976/976/976 912/912/912
f 912/912/912 976/976/976 977/977/977
f 912/912/912 977/977/977 913/913/913
f 913/913/913 977/977/977 978/978/978
f 913/913/913 978/978/978 914/914/914
f 914/914/914 978/978/978 979/979/979
f 914/914/914 979/979/979 915/915/915
f 915/915/915 979/979/979 980/980/980
f 915/915/915 980/980/980 916/916/916
f 916/916/916 980/980/980 981/981/981
f 916/916/916 981/981/981 917/917/917
f 917/917/917 981/981/981 982/982/982
f 917/917/917 982/982/982 918/918/918
f 918/918/918 982/982/982 983/983/983
f 918/918/918 983/983/983 919/919/919
f 919/919/919 983/983/983 984/984/984
f 919/919/919 984/984/984 920/920/920
f 920/920/920 984/984/984 985/985/985
f 920/920/920 985/985/985 921/921/921
f 921/921/921 985/985/985 986/986/986
f 921/921/921 986/986/986 922/922/922
f 922/922/922 986/986/986 987/987/987
f 922/922/922 987/987/987 923/923/923
f 923/923/923 987/987/987 988/988/988
f 923/923/923 988/988/988 924/924/924
f 924/924/924 988/988/988 989/989/989
f 924/924/924 989/989/989 925/925/925
f 925/925/925 989/989/989 990/990/990
f 925/925/925 990/990/990 926/926/926
f 926/926/926 990/990/990 991/991/991
f 926/926/926 991/991/991 927/927/927
f 927/927/927 991/991/991 992/992/992
f 927/927/927 992/992/992 928/928/928
f 928/928/928 992/992/992 993/993/993
f 928/928/928 993/993/993 929/929/929
f 929/929/929 993/993/993 994/994/994
f 929/929/929 994/994/994 930/930/930
f 930/930/930 994/994/994 995/995/995
f 930/930/930 995/995/995 931/931/931
f 931/931/931 995/995/995 996/996/996
f 931/931/931 996/996/996 932/932/932
f 932/932/932 996/996/996 997/997/997
f 932/932/932 997/997/997 933/933/933
f 933/933/933 997/997/997 998/998/998
f 933/933/933 998/998/998 934/934/934
f 934/934/934 998/998/998 999/999/999
f 934/934/934 999/999/999 935/935/935
f 935/935/935 999/999/999 1000/1000/1000
f 935/935/935 1000/1000/1000 936/936/936
f 936/936/936 1000/1000/1000 1001/1001/1001
f 936/936/936 1001/1001/1001 937/937/937
f 937/937/937 1001/1001/1001 1002/1002/1002
f 937/937/937 1002/1002/1002 938/938/938
f 938/938/938 1002/1002/1002 1003/1003/1003
f 938/938/938 1003/1003/1003 939/939/939
f 939/939/939 1003/1003/1003 1004/1004/1004
f 939/939/939 1004/1004/1004 940/940/940
f 940/940/940 1004/1004/1004 1005/1005/1005
f 940/940/940 1005/1005/1005 941/941/941
f 941/941/941 1005/1005/1005 1006/1006/1006
f 941/941/941 1006/1006/1006 942/942/942
f 942/942/942 1006/1006/1006 1007/1007/1007
f 942/942/942 1007/1007/1007 943/943/943
f 943/943/943 1007/1007/1007 1008/1008/1008
f 943/943/943 1008/1008/1008 944/944/944
f 944/944/944 1008/1008/1008 1009/1009/1009
f 944/944/944 1009/1009/1009 945/945/945
f 945/945/945 1009/1009/1009 1010/1010/1010
f 945/945/945 1010/1010/1010 946/946/946
f 946/946/946 1010/1010/1010 1011/1011/1011
f 946/946/946 1011/1011/1011 947/947/947
f 947/947/947 1011/1011/1011 1012/1012/1012
f 947/947/947 1012/1012/1012 948/948/948
f 948/948/948 1012/1012/1012 1013/1013/1013
f 948/948/948 1013/1013/1013 949/949/949
f 949/949/949 1013/1013/1013 1014/1014/1014
f 949/949/949 1014/1014/1014 950/950/950
f 950/950/950 1014/1014/1014 1015/1015/1015
f 950/950/950 1015/1015/1015 951/951/951
f 951/951/951 1015/1015/1015 1016/1016/1016
f 951/951/951 1016/1016/1016 952/952/952
f 952/952/952 1016/1016/1016 1017/1017/1017
f 952/952/952 1017/1017/1017 953/953/953
f 953/953/953 1017/1017/1017 1018/1018/1018
f 953/953/953 1018/1018/1018 954/954/954
f 954/954/954 1018/1018/1018 1019/1019/1019
f 954/954/954 1019/1019/1019 955/955/955
f 955/955/955 1019/1019/1019 1020/1020/1020
f 955/955/955 1020/1020/1020 956/956/956
f 956/956/956 1020/1020/1020 1021/1021/1021
f 956/956/956 1021/1021/1021 957/957/957
f 957/957/957 1021/1021/1021 1022/1022/1022
f 957/957/957 1022/1022/1022 958/958/958
f 958/958/958 1022/1022/1022 1023/1023/1023
f 958/958/958 1023/1023/1023 959/959/959
f 959/959/959 1023/1023/1023 1024/1024/1024
f 959/959/959 1024/1024/1024 960/960/960
f 960/960/960 1024/1024/1024 1025/1025/1025
f 960/960/960 1025/1025/1025 961/961/961
f 961/961/961 1025/1025/1025 1026/1026/1026
f 961/961/961 1026/1026/1026 962/962/962
f 962/962/962 1026/1026/1026 1027/1027/1027
f 962/962/962 1027/1027/1027 963/963/963
f 963/963/963 1027/1027/1027 1028/1028/1028
f 963/963/963 1028/1028/1028 964/964/964
f 964/964/964 1028/1028/1028 1029/1029/1029
f 964/964/964 1029/1029/1029 965/965/965
f 965/965/965 1029/1029/1029 1030/1030/1030
f 965/965/965 1030/1030/1030 966/966/966
f 966/966/966 1030/1030/1030 1031/1031/1031
f 966/966/966 1031/1031/1031 967/967/967
f 967/967/967 1031/1031/1031 1032/1032/1032
f 967/967/967 1032/1032/1032 968/968/968
f 968/968/968 1032/1032/1032 1033/1033/1033
f 968/968/968 1033/1033/1033 969/969/969
f 969/969/969 1033/1033/1033 1034/1034/1034
f 969/969/969 1034/1034/1034 970/970/970
f 970/970/970 1034/1034/1034 1035/1035/1035
f 970/970/970 1035/1035/1035 971/971/971
f 971/971/971 1035/1035/1035 1036/1036/1036
f 971/971/971 1036/1036/1036 972/972/972
f 972/972/972 1036/1036/1036 1037/1037/1037
f 972/972/972 1037/1037/1037 973/973/973
f 973/973/973 1037/1037/1037 1038/1038/1038
f 973/973/973 1038/1038/1038 974/974/974
f 974/974/974 1038/1038/1038 1039/1039/1039
f 974/974/974 1039/1039/1039 975/975/975
f 975/975/975 1039/1039/1039 1040/1040/1040
f 976/976/976 1041/1041/1041 977/977/977
f 977/977/977 1041/1041/1041 1042/1042/1042
f 977/977/977 1042/1042/1042 978/978/978
f 978/978/978 1042/1042/1042 1043/1043/1043
f 978/978/978 1043/1043/1043 979/979/979
f 979/979/979 1043/1043/1043 1044/1044/1044
f 979/979/979 1044/1044/1044 980/980/980
f 980/980/980 1044/1044/1044 1045/1045/1045
f 980/980/980 1045/1045/1045 981/981/981
f 981/981/981 1045/1045/1045 1046/1046/1046
f 981/981/981 1046/1046/1046 982/982/982
f 982/982/982 1046/1046/1046 1047/1047/1047
f 982/982/982 1047/1047/1047 983/983/983
f 983/983/983 1047/1047/1047 1048/1048/1048
f 983/983/983 1048/1048/1048 984/984/984
f 984/984/984 1048/1048/1048 1049/1049/1049
f 984/984/984 1049/1049/1049 985/985/985
f 985/985/985 1049/1049/1049 1050/1050/1050
f 985/985/985 1050/1050/1050 986/986/986
f 986/986/986 1050/1050/1050 1051/1051/1051
f 986/986/986 1051/1051/1051 987/987/987
f 987/987/987 1051/1051/1051 1052/1052/1052
f 987/987/987 1052/1052/1052 988/988/988
f 988/988/988 1052/1052/1052 1053/1053/1053
f 988/988/988 1053/1053/1053 989/989/989
f 989/989/989 1053/1053/1053 1054/1054/1054
f 989/989/989 1054/1054/1054 990/990/990
f 990/990/990 1054/1054/1054 1055/1055/1055
f 990/990/990 1055/1055/1055 991/991/991
f 991/991/991 1055/1055/1055 1056/1056/1056
f 991/991/991 1056/1056/1056 992/992/992
f 992/992/992 1056/1056/1056 1057/1057/1057
f 992/992/992 1057/1057/1057 993/993/993
f 993/993/993 1057/1057/1057 1058/1058/1058
f 993/993/993 1058/1058/1058 994/994/994
f 994/994/994 1058/1058/1058 1059/1059/1059
f 994/994/994 1059/1059/1059 995/995/995
f 995/995/995 1059/1059/1059 1060/1060/1060
f 995/995/995 1060/1060/1060 996/996/996
f 996/996/996 1060/1060/1060 1061/1061/1061
f 996/996/996 1061/1061/1061 997/997/997
f 997/997/997 1061/1061/1061 1062/1062/1062
f 997/997/997 1062/1062/1062 998/998/998
f 998/998/998 1062/1062/1062 1063/1063/1063
f 998/998/998 1063/1063/1063 999/999/999
f 999/999/999 1063/1063/1063 1064/1064/1064
f 999/999/999 1064/1064/1064 1000/1000/1000
f 1000/1000/1000 1064/1064/1064 1065/1065/1065
f 1000/1000/1000 1065/1065/1065 1001/1001/1001
f 1001/1001/1001 1065/1065/1065 1066/1066/1066
f 1001/1001/1001 1066/1066/1066 1002/1002/1002
f 1002/1002/1002 1066/1066/1066 1067/1067/1067
f 1002/1002/1002 1067/1067/1067 1003/1003/1003
f 1003/1003/1003 1067/1067/1067 1068/1068/1068
f 1003/1003/1003 1068/1068/1068 1004/1004/1004
f 1004/1004/1004 1068/1068/1068 1069/1069/1069
f 1004/1004/1004 1069/1069/1069 1005/1005/1005
f 1005/1005/1005 1069/1069/1069 1070/1070/1070
f 1005/1005/1005 1070/1070/1070 1006/1006/1006
f 1006/1006/1006 1070/1070/1070 1071/1071/1071
f 1006/1006/1006 1071/1071/1071 1007/1007/1007
f 1007/1007/1007 1071/1071/1071 1072/1072/1072
f 1007/1007/1007 1072/1072/1072 1008/1008/1008
f 1008/1008/1008 1072/1072/1072 1073/1073/1073
f 1008/1008/1008 1073/1073/1073 1009/1009/1009
f 1009/1009/1009 1073/1073/1073 1074/1074/1074
f 1009/1009/1009 1074/1074/1074 1010/1010/1010
f 1010/1010/1010 1074/1074/1074 1075/1075/1075
f 1010/1010/1010 1075/1075/1075 1011/1011/1011
f 1011/1011/1011 1075/1075/1075 1076/1076/1076
f 1011/1011/1011 1076/1076/1076 1012/1012/1012
f 1012/1012/1012 1076/1076/1076 1077/1077/1077
f 1012/1012/1012 1077/1077/1077 1013/1013/1013
f 1013/1013/1013 1077/1077/1077 1078/1078/1078
f 1013/1013/1013 1078/1078/1078 1014/1014/1014
f 1014/1014/1014 1078/1078/1078 1079/1079/1079
f 1014/1014/1014 1079/1079/1079 1015/1015/1015
f 1015/1015/1015 1079/1079/1079 1080/1080/1080
f 1015/1015/1015 1080/1080/1080 1016/1016/1016
f 1016/1016/1016 1080/1080/1080 1081/1081/1081
f 1016/1016/1016 1081/1081/1081 1017/1017/1017
f 1017/1017/1017 1081/1081/1081 1082/1082/1082
f 1017/1017/1017 1082/1082/1082 1018/1018/1018
f 1018/1018/1018 1082/1082/1082 1083/1083/1083
f 1018/1018/1018 1083/1083/1083 1019/1019/1019
f 1019/1019/1019 1083/1083/1083 1084/1084/1084
f 1019/1019/1019 1084/1084/1084 1020/1020/1020
f 1020/1020/1020 1084/1084/1084 1085/1085/1085
f 1020/1020/1020 1085/1085/1085 1021/1021/1021
f 1021/1021/1021 1085/1085/1085 1086/1086/1086
f 1021/1021/1021 1086/1086/1086 1022/1022/1022
f 1022/1022/1022 1086/1086/1086 1087/1087/1087
f 1022/1022/1022 1087/1087/1087 1023/1023/1023
f 1023/1023/1023 1087/1087/1087 1088/1088/1088
f 1023/1023/1023 1088/1088/1088 1024/1024/1024
f 1024/1024/1024 1088/1088/1088 1089/1089/1089
f 1024/1024/1024 1089/1089/1089 1025/1025/1025
f 1025/1025/1025 1089/1089/1089 1090/1090/1090
f 1025/1025/1025 1090/1090/1090 1026/1026/1026
f 1026/1026/1026 1090/1090/1090 1091/1091/1091
f 1026/1026/1026 1091/1091/1091 1027/1027/1027
f 1027/1027/1027 1091/1091/1091 1092/1092/1092
f 1027/1027/1027 1092/1092/1092 1028/1028/1028
f 1028/1028/1028 1092/1092/1092 1093/1093/1093
f 1028/1028/1028 1093/1093/1093 1029/1029/1029
f 1029/1029/1029 1093/1093/1093 1094/1094/1094
f 1029/1029/1029 1094/1094/1094 1030/1030/1030
f 1030/1030/1030 1094/1094/1094 1095/1095/1095
f 1030/1030/1030 1095/1095/1095 1031/1031/1031
f 1031/1031/1031 1095/1095/1095 1096/1096/1096
f 1031/1031/1031 1096/1096/1096 1032/1032/1032
f 1032/1032/1032 1096/1096/1096 1097/1097/1097
f 1032/1032/1032 1097/1097/1097 1033/1033/1033
f 1033/1033/1033 1097/1097/1097 1098/1098/1098
f 1033/1033/1033 1098/1098/1098 1034/1034/1034
f 1034/1034/1034 1098/1098/1098 1099/1099/1099
f 1034/1034/1034 1099/1099/1099 1035/1035/1035
f 1035/1035/1035 1099/1099/1099 1100/1100/1100
f 1035/1035/1035 1100/1100/1100 1036/1036/1036
f 1036/1036/1036 1100/1100/1100 1101/1101/1101
f 1036/1036/1036 1101/1101/1101 1037/1037/1037
f 1037/1037/1037 1101/1101/1101 1102/1102/1102
f 1037/1037/1037 1102/1102/1102 1038/1038/1038
f 1038/1038/1038 1102/1102/1102 1103/1103/1103
f 1038/1038/1038 1103/1103/1103 1039/1039/1039
f 1039/1039/1039 1103/1103/1103 1104/1104/1104
f 1039/1039/1039 1104/1104/1104 1040/1040/1040
f 1040/1040/1040 1104/1104/1104 1105/1105/1105
f 1041/1041/1041 1106/1106/1106 1042/1042/1042
f 1042/1042/1042 1106/1106/1106 1107/1107/1107
f 1042/1042/1042 1107/1107/1107 1043/1043/1043
f 1043/1043/1043 1107/1107/1107 1108/1108/1108
f 1043/1043/1043 1108/1108/1108 1044/1044/1044
f 1044/1044/1044 1108/1108/1108 1109/1109/1109
f 1044/1044/1044 1109/1109/1109 1045/1045/1045
f 1045/1045/1045 1109/1109/1109 1110/1110/1110
f 1045/1045/1045 1110/1110/1110 1046/1046/1046
f 1046/1046/1046 1110/1110/1110 1111/1111/1111
f 1046/1046/1046 1111/1111/1111 1047/1047/1047
f 1047/1047/1047 1111/1111/1111 1112/1112/1112
f 1047/1047/1047 1112/1112/1112 1048/1048/1048
f 1048/1048/1048 1112/1112/1112 1113/1113/1113
f 1048/1048/1048 1113/1113/1113 1049/1049/1049
f 1049/1049/1049 1113/1113/1113 1114/1114/1114
f 1049/1049/1049 1114/1114/1114 1050/1050/1050
f 1050/1050/1050 1114/1114/1114 1115/1115/1115
f 1050/1050/1050 1115/1115/1115 1051/1051/1051
f 1051/1051/1051 1115/1115/1115 1116/1116/1116
f 1051/1051/1051 1116/1116/1116 1052/1052/1052
f 1052/1052/1052 1116/1116/1116 1117/1117/1117
f 1052/1052/1052 1117/1117/1117 1053/1053/1053
f 1053/1053/1053 1117/1117/1117 1118/1118/1118
f 1053/1053/1053 1118/1118/1118 1054/1054/1054
f 1054/1054/1054 1118/1118/1118 1119/1119/1119
f 1054/1054/1054 1119/1119/1119 1055/1055/1055
f 1055/1055/1055 1119/1119/1119 1120/1120/1120
f 1055/1055/1055 1120/1120/1120 1056/1056/1056
f 1056/1056/1056 1120/1120/1120 1121/1121/1121
f 1056/1056/1056 1121/1121/1121 1057/1057/1057
f 1057/1057/1057 1121/1121/1121 1122/1122/1122
f 1057/1057/1057 1122/1122/1122 1058/1058/1058
f 1058/1058/1058 1122/1122/1122 1123/1123/1123
f 1058/1058/1058 1123/1123/1123 1059/1059/1059
f 1059/1059/1059 1123/1123/1123 1124/1124/1124
f 1059/1059/1059 1124/1124/1124 1060/1060/1060
f 1060/1060/1060 1124/1124/1124 1125/1125/1125
f 1060/1060/1060 1125/1125/1125 1061/1061/1061
f 1061/1061/1061 1125/1125/1125 1126/1126/1126
f 1061/1061/1061 1126/1126/1126 1062/1062/1062
f 1062/1062/1062 1126/1126/1126 1127/1127/1127
f 1062/1062/1062 1127/1127/1127 1063/1063/1063
f 1063/1063/1063 1127/1127/1127 1128/1128/1128
f 1063/1063/1063 1128/1128/1128 1064/1064/1064
f 1064/1064/1064 1128/1128/1128 1129/1129/1129
f 1064/1064/1064 1129/1129/1129 1065/1065/1065
f 1065/1065/1065 1129/1129/1129 1130/1130/1130
f 1065/1065/1065 1130/1130/1130 1066/1066/1066
f 1066/1066/1066 1130/1130/1130 1131/1131/1131
f 1066/1066/1066 1131/1131/1131 1067/1067/1067
f 1067/1067/1067 1131/1131/1131 1132/1132/1132
f 1067/1067/1067 1132/1132/1132 1068/1068/1068
f 1068/1068/1068 1132/1132/1132 1133/1133/1133
f 1068/1068/1068 1133/1133/1133 1069/1069/1069
f 1069/1069/1069 1133/1133/1133 1134/1134/1134
f 1069/1069/1069 1134/1134/1134 1070/1070/1070
f 1070/1070/1070 1134/1134/1134 1135/1135/1135
f 1070/1070/1070 1135/1135/1135 1071/1071/1071
f 1071/1071/1071 1135/1135/1135 1136/1136/1136
f 1071/1071/1071 1136/1136/1136 1072/1072/1072
f 1072/1072/1072 1136/1136/1136 1137/1137/1137
f 1072/1072/1072 1137/1137/1137 1073/1073/1073
f 1073/1073/1073 1137/1137/1137 1138/1138/1138
f 1073/1073/1073 1138/1138/1138 1074/1074/1074
f 1074/1074/1074 1138/1138/1138 1139/1139/1139
f 1074/1074/1074 1139/1139/1139 1075/1075/1075
f 1075/1075/1075 1139/1139/1139 1140/1140/1140
f 1075/1075/1075 1140/1140/1140 1076/1076/1076
f 1076/1076/1076 1140/1140/1140 1141/1141/1141
f 1076/1076/1076 1141/1141/1141 1077/1077/1077
f 1077/1077/1077 1141/1141/1141 1142/1142/1142
f 1077/1077/1077 1142/1142/1142 1078/1078/1078
f 1078/1078/1078 1142/1142/1142 1143/1143/1143
f 1078/1078/1078 1143/1143/1143 1079/1079/1079
f 1079/1079/1079 1143/1143/1143 1144/1144/1144
f 1079/1079/1079 1144/1144/1144 1080/1080/1080
f 1080/1080/1080 1144/1144/1144 1145/1145/1145
f 1080/1080/1080 1145/1145/1145 1081/1081/1081
f 1081/1081/1081 1145/1145/1145 1146/1146/1146
f 1081/1081/1081 1146/1146/1146 1082/1082/1082
f 1082/1082/1082 1146/1146/1146 1147/1147/1147
f 1082/1082/1082 1147/1147/1147 1083/1083/1083
f 1083/1083/1083 1147/1147/1147 1148/1148/1148
f 1083/1083/1083 1148/1148/1148 1084/1084/1084
f 1084/1084/1084 1148/1148/1148 1149/1149/1149
f 1084/1084/1084 1149/1149/1149 1085/1085/1085
f 1085/1085/1085 1149/1149/1149 1150/1150/1150
f 1085/1085/1085 1150/1150/1150 1086/1086/1086
f 1086/1086/1086 1150/1150/1150 1151/1151/1151
f 1086/1086/1086 1151/1151/1151 1087/1087/1087
f 1087/1087/1087 1151/1151/1151 1152/1152/1152
f 1087/1087/1087 1152/1152/1152 1088/1088/1088
f 1088/1088/1088 1152/1152/1152 1153/1153/1153
f 1088/1088/1088 1153/1153/1153 1089/1089/1089
f 1089/1089/1089 1153/1153/1153 1154/1154/1154
f 1089/1089/1089 1154/1154/1154 1090/1090/1090
f 1090/1090/1090 1154/1154/1154 1155/1155/1155
f 1090/1090/1090 1155/1155/1155 1091/1091/1091
f 1091/1091/1091 1155/1155/1155 1156/1156/1156
f 1091/1091/1091 1156/1156/1156 1092/1092/1092
f 1092/1092/1092 1156/1156/1156 1157/1157/1157
f 1092/1092/1092 1157/1157/1157 1093/1093/1093
f 1093/1093/1093 1157/1157/1157 1158/1158/1158
f 1093/1093/1093 1158/1158/1158 1094/1094/1094
f 1094/1094/1094 1158/1158/1158 1159/1159/1159
f 1094/1094/1094 1159/1159/1159 1095/1095/1095
f 1095/1095/1095 1159/1159/1159 1160/1160/1160
f 1095/1095/1095 1160/1160/1160 1096/1096/1096
f 1096/1096/1096 1160/1160/1160 1161/1161/1161
f 1096/1096/1096 1161/1161/1161 1097/1097/1097
f 1097/1097/1097 1161/1161/1161 1162/1162/1162
f 1097/1097/1097 1162/1162/1162 1098/1098/1098
f 1098/1098/1098 1162/1162/1162 1163/1163/1163
f 1098/1098/1098 1163/1163/1163 1099/1099/1099
f 1099/1099/1099 1163/1163/1163 1164/1164/1164
f 1099/1099/1099 1164/1164/1164 1100/1100/1100
f 1100/1100/1100 1164/1164/1164 1165/1165/1165
f 1100/1100/1100 1165/1165/1165 1101/1101/1101
f 1101/1101/1101 1165/1165/1165 1166/1166/1166
f 1101/1101/1101 1166/1166/1166 1102/1102/1102
f 1102/1102/1102 1166/1166/1166 1167/1167/1167
f 1102/1102/1102 1167/1167/1167 1103/1103/1103
f 1103/1103/1103 1167/1167/1167 1168/1168/1168
f 1103/1103/1103 1168/1168/1168 1104/1104/1104
f 1104/1104/1104 1168/1168/1168 1169/1169/1169
f 1104/1104/1104 1169/1169/1169 1105/1105/1105
f 1105/1105/1105 1169/1169/1169 1170/1170/1170
f 1106/1106/1106 1171/1171/1171 1107/1107/1107
f 1107/1107/1107 1171/1171/1171 1172/1172/1172
f 1107/1107/1107 1172/1172/1172 1108/1108/1108
f 1108/1108/1108 1172/1172/1172 1173/1173/1173
f 1108/1108/1108 1173/1173/1173 1109/1109/1109
f 1109/1109/1109 1173/1173/1173 1174/1174/1174
f 1109/1109/1109 1174/1174/1174 1110/1110/1110
f 1110/1110/1110 1174/1174/1174 1175/1175/1175
f 1110/1110/1110 1175/1175/1175 1111/1111/1111
f 1111/1111/1111 1175/1175/1175 1176/1176/1176
f 1111/1111/1111 1176/1176/1176 1112/1112/1112
f 1112/1112/1112 1176/1176/1176 1177/1177/1177
f 1112/1112/1112 1177/1177/1177 1113/1113/1113
f 1113/1113/1113 1177/1177/1177 1178/1178/1178
f 1113/1113/1113 1178/1178/1178 1114/1114/1114
f 1114/1114/1114 1178/1178/1178 1179/1179/1179
f 1114/1114/1114 1179/1179/1179 1115/1115/1115
f 1115/1115/1115 1179/1179/1179 1180/1180/1180
f 1115/1115/1115 1180/1180/1180 1116/1116/1116
f 1116/1116/1116 1180/1180/1180 1181/1181/1181
f 1116/1116/1116 1181/1181/1181 1117/1117/1117
f 1117/1117/1117 1181/1181/1181 1182/1182/1182
f 1117/1117/1117 1182/1182/1182 1118/1118/1118
f 1118/1118/1118 1182/1182/1182 1183/1183/1183
f 1118/1118/1118 1183/1183/1183 1119/1119/1119
f 1119/1119/1119 1183/1183/1183 1184/1184/1184
f 1119/1119/1119 1184/1184/1184 1120/1120/1120
f 1120/1120/1120 1184/1184/1184 1185/1185/1185
f 1120/1120/1120 1185/1185/1185 1121/1121/1121
f 1121/1121/1121 1185/1185/1185 1186/1186/1186
f 1121/1121/1121 1186/1186/1186 1122/1122/1122
f 1122/1122/1122 1186/1186/1186 1187/1187/1187
f 1122/1122/1122 1187/1187/1187 1123/1123/1123
f 1123/1123/1123 1187/1187/1187 1188/1188/1188
f 1123/1123/1123 1188/1188/1188 1124/1124/1124
f 1124/1124/1124 1188/1188/1188 1189/1189/1189
f 1124/1124/1124 1189/1189/1189 1125/1125/1125
f 1125/1125/1125 1189/1189/1189 1190/1190/1190
f 1125/1125/1125 1190/1190/1190 1126/1126/1126
f 1126/1126/1126 1190/1190/1190 1191/1191/1191
f 1126/1126/1126 1191/1191/1191 1127/1127/1127
f 1127/1127/1127 1191/1191/1191 1192/1192/1192
f 1127/1127/1127 1192/1192/1192 1128/1128/1128
f 1128/1128/1128 1192/1192/1192 1193/1193/1193
f 1128/1128/1128 1193/1193/1193 1129/1129/1129
f 1129/1129/1129 1193/1193/1193 1194/1194/1194
f 1129/1129/1129 1194/1194/1194 1130/1130/1130
f 1130/1130/1130 1194/1194/1194 1195/1195/1195
f 1130/1130/1130 1195/1195/1195 1131/1131/1131
f 1131/1131/1131 1195/1195/1195 1196/1196/1196
f 1131/1131/1131 1196/1196/1196 1132/1132/1132
f 1132/1132/1132 1196/1196/1196 1197/1197/1197
f 1132/1132/1132 1197/1197/1197 1133/1133/1133
f 1133/1133/1133 1197/1197/1197 1198/1198/1198
f 1133/1133/1133 1198/1198/1198 1134/1134/1134
f 1134/1134/1134 1198/1198/1198 1199/1199/1199
f 1134/1134/1134 1199/1199/1199 1135/1135/1135
f 1135/1135/1135 1199/1199/1199 1200/1200/1200
f 1135/1135/1135 1200/1200/1200 1136/1136/1136
f 1136/1136/1136 1200/1200/1200 1201/1201/1201
f 1136/1136/1136 1201/1201/1201 1137/1137/1137
f 1137/1137/1137 1201/1201/1201 1202/1202/1202
f 1137/1137/1137 1202/1202/1202 1138/1138/1138
f 1138/1138/1138 1202/1202/1202 1203/1203/1203
f 1138/1138/1138 1203/1203/1203 1139/1139/1139
f 1139/1139/1139 1203/1203/1203 1204/1204/1204
f 1139/1139/1139 1204/1204/1204 1140/1140/1140
f 1140/1140/1140 1204/1204/1204 1205/1205/1205
f 1140/1140/1140 1205/1205/1205 1141/1141/1141
f 1141/1141/1141 1205/1205/1205 1206/1206/1206
f 1141/1141/1141 1206/1206/1206 1142/1142/1142
f 1142/1142/1142 1206/1206/1206 1207/1207/1207
f 1142/1142/1142 1207/1207/1207 1143/1143/1143
f 1143/1143/1143 1207/1207/1207 1208/1208/1208
f 1143/1143/1143 1208/1208/1208 1144/1144/1144
f 1144/1144/1144 1208/1208/1208 1209/1209/1209
f 1144/1144/1144 1209/1209/1209 1145/1145/1145
f 1145/1145/1145 1209/1209/1209 1210/1210/1210
f 1145/1145/1145 1210/1210/1210 1146/1146/1146
f 1146/1146/1146 1210/1210/1210 1211/1211/1211
f 1146/1146/1146 1211/1211/1211 1147/1147/1147
f 1147/1147/1147 1211/1211/1211 1212/1212/1212
f 1147/1147/1147 1212/1212/1212 1148/1148/1148
f 1148/1148/1148 1212/1212/1212 1213/1213/1213
f 1148/1148/1148 1213/1213/1213 1149/1149/1149
f 1149/1149/1149 1213/1213/1213 1214/1214/1214
f 1149/1149/1149 1214/1214/1214 1150/1150/1150
f 1150/1150/1150 1214/1214/1214 1215/1215/1215
f 1150/1150/1150 1215/1215/1215 1151/1151/1151
f 1151/1151/1151 1215/1215/1215 1216/1216/1216
f 1151/1151/1151 1216/1216/1216 1152/1152/1152
f 1152/1152/1152 1216/1216/1216 1217/1217/1217
f 1152/1152/1152 1217/1217/1217 1153/1153/1153
f 1153/1153/1153 1217/1217/1217 1218/1218/1218
f 1153/1153/1153 1218/1218/1218 1154/1154/1154
f 1154/1154/1154 1218/1218/1218 1219/1219/1219
f 1154/1154/1154 1219/1219/1219 1155/1155/1155
f 1155/1155/1155 1219/1219/1219 1220/1220/1220
f 1155/1155/1155 1220/1220/1220 1156/1156/1156
f 1156/1156/1156 1220/1220/1220 1221/1221/1221
f 1156/1156/1156 1221/1221/1221 1157/1157/1157
f 1157/1157/1157 1221/1221/1221 1222/1222/1222
f 1157/1157/1157 1222/1222/1222 1158/1158/1158
f 1158/1158/1158 1222/1222/1222 1223/1223/1223
f 1158/1158/1158 1223/1223/1223 1159/1159/1159
f 1159/1159/1159 1223/1223/1223 1224/1224/1224
f 1159/1159/1159 1224/1224/1224 1160/1160/1160
f 1160/1160/1160 1224/1224/1224 1225/1225/1225
f 1160/1160/1160 1225/1225/1225 1161/1161/1161
f 1161/1161/1161 1225/1225/1225 1226/1226/1226
f 1161/1161/1161 1226/1226/1226 1162/1162/1162
f 1162/1162/1162 1226/1226/1226 1227/1227/1227
f 1162/1162/1162 1227/1227/1227 1163/1163/1163
f 1163/1163/1163 1227/1227/1227 1228/1228/1228
f 1163/1163/1163 1228/1228/1228 1164/1164/1164
f 1164/1164/1164 1228/1228/1228 1229/1229/1229
f 1164/1164/1164 1229/1229/1229 1165/1165/1165
f 1165/1165/1165 1229/1229/1229 1230/1230/1230
f 1165/1165/1165 1230/1230/1230 1166/1166/1166
f 1166/1166/1166 1230/1230/1230 1231/1231/1231
f 1166/1166/1166 1231/1231/1231 1167/1167/1167
f 1167/1167/1167 1231/1231/1231 1232/1232/1232
f 1167/1167/1167 1232/1232/1232 1168/1168/1168
f 1168/1168/1168 1232/1232/1232 1233/1233/1233
f 1168/1168/1168 1233/1233/1233 1169/1169/1169
f 1169/1169/1169 1233/1233/1233 1234/1234/1234
f 1169/1169/1169 1234/1234/1234 1170/1170/1170
f 1170/1170/1170 1234/1234/1234 1235/1235/1235
f 1171/1171/1171 1236/1236/1236 1172/1172/1172
f 1172/1172/1172 1236/1236/1236 1237/1237/1237
f 1172/1172/1172 1237/1237/1237 1173/1173/1173
f 1173/1173/1173 1237/1237/1237 1238/1238/1238
f 1173/1173/1173 1238/1238/1238 1174/1174/1174
f 1174/1174/1174 1238/1238/1238 1239/1239/1239
f 1174/1174/1174 1239/1239/1239 1175/1175/1175
f 1175/1175/1175 1239/1239/1239 1240/1240/1240
f 1175/1175/1175 1240/1240/1240 1176/1176/1176
f 1176/1176/1176 1240/1240/1240 1241/1241/1241
f 1176/1176/1176 1241/1241/1241 1177/1177/1177
f 1177/1177/1177 1241/1241/1241 1242/1242/1242
f 1177/1177/1177 1242/1242/1242 1178/1178/1178
f 1178/1178/1178 1242/1242/1242 1243/1243/1243
f 1178/1178/1178 1243/1243/1243 1179/1179/1179
f 1179/1179/1179 1243/1243/1243 1244/1244/1244
f 1179/1179/1179 1244/1244/1244 1180/1180/1180
f 1180/1180/1180 1244/1244/1244 1245/1245/1245
f 1180/1180/1180 1245/1245/1245 1181/1181/1181
f 1181/1181/1181 1245/1245/1245 1246/1246/1246
f 1181/1181/1181 1246/1246/1246 1182/1182/1182
f 1182/1182/1182 1246/1246/1246 1247/1247/1247
f 1182/1182/1182 1247/1247/1247 1183/1183/1183
f 1183/1183/1183 1247/1247/1247 1248/1248/1248
f 1183/1183/1183 1248/1248/1248 1184/1184/1184
f 1184/1184/1184 1248/1248/1248 1249/1249/1249
f 1184/1184/1184 1249/1249/1249 1185/1185/1185
f 1185/1185/1185 1249/1249/1249 1250/1250/1250
f 1185/1185/1185 1250/1250/1250 1186/1186/1186
f 1186/1186/1186 1250/1250/1250 1251/1251/1251
f 1186/1186/1186 1251/1251/1251 1187/1187/1187
f 1187/1187/1187 1251/1251/1251 1252/1252/1252
f 1187/1187/1187 1252/1252/1252 1188/1188/1188
f 1188/1188/1188 1252/1252/1252 1253/1253/1253
f 1188/1188/1188 1253/1253/1253 1189/1189/1189
f 1189/1189/1189 1253/1253/1253 1254/1254/1254
f 1189/1189/1189 1254/1254/1254 1190/1190/1190
f 1190/1190/1190 1254/1254/1254 1255/1255/1255
f 1190/1190/1190 1255/1255/1255 1191/1191/1191
f 1191/1191/1191 1255/1255/1255 1256/1256/1256
f 1191/1191/1191 1256/1256/1256 1192/1192/1192
f 1192/1192/1192 1256/1256/1256 1257/1257/1257
f 1192/1192/1192 1257/1257/1257 1193/1193/1193
f 1193/1193/1193 1257/1257/1257 1258/1258/1258
f 1193/1193/1193 1258/1258/1258 1194/1194/1194
f 1194/1194/1194 1258/1258/1258 1259/1259/1259
f 1194/1194/1194 1259/1259/1259 1195/1195/1195
f 1195/1195/1195 1259/1259/1259 1260/1260/1260
f 1195/1195/1195 1260/1260/1260 1196/1196/1196
f 1196/1196/1196 1260/1260/1260 1261/1261/1261
f 1196/1196/1196 1261/1261/1261 1197/1197/1197
f 1197/1197/1197 1261/1261/1261 1262/1262/1262
f 1197/1197/1197 1262/1262/1262 1198/1198/1198
f 1198/1198/1198 1262/1262/1262 1263/1263/1263
f 1198/1198/1198 1263/1263/1263 1199/1199/1199
f 1199/1199/1199 1263/1263/1263 1264/1264/1264
f 1199/1199/1199 1264/1264/1264 1200/1200/1200
f 1200/1200/1200 1264/1264/1264 1265/1265/1265
f 1200/1200/1200 1265/1265/1265 1201/1201/1201
f 1201/1201/1201 1265/1265/1265 1266/1266/1266
f 1201/1201/1201 1266/1266/1266 1202/1202/1202
f 1202/1202/1202 1266/1266/1266 1267/1267/1267
f 1202/1202/1202 1267/1267/1267 1203/1203/1203
f 1203/1203/1203 1267/1267/1267 1268/1268/1268
f 1203/1203/1203 1268/1268/1268 1204/1204/1204
f 1204/1204/1204 1268/1268/1268 1269/1269/1269
f 1204/1204/1204 1269/1269/1269 1205/1205/1205
f 1205/1205/1205 1269/1269/1269 1270/1270/1270
f 1205/1205/1205 1270/1270/1270 1206/1206/1206
f 1206/1206/1206 1270/1270/1270 1271/1271/1271
f 1206/1206/1206 1271/1271/1271 1207/1207/1207
f 1207/1207/1207 1271/1271/1271 1272/1272/1272
f 1207/1207/1207 1272/1272/1272 1208/1208/1208
f 1208/1208/1208 1272/1272/1272 1273/1273/1273
f 1208/1208/1208 1273/1273/1273 1209/1209/1209
f 1209/1209/1209 1273/1273/1273 1274/1274/1274
f 1209/1209/1209 1274/1274/1274 1210/1210/1210
f 1210/1210/1210 1274/1274/1274 1275/1275/1275
f 1210/1210/1210 1275/1275/1275 1211/1211/1211
f 1211/1211/1211 1275/1275/1275 1276/1276/1276
f 1211/1211/1211 1276/1276/1276 1212/1212/1212
f 1212/1212/1212 1276/1276/1276 1277/1277/1277
f 1212/1212/1212 1277/1277/1277 1213/1213/1213
f 1213/1213/1213 1277/1277/1277 1278/1278/1278
f 1213/1213/1213 1278/1278/1278 1214/1214/1214
f 1214/1214/1214 1278/1278/1278 1279/1279/1279
f 1214/1214/1214 1279/1279/1279 1215/1215/1215
f 1215/1215/1215 1279/1279/1279 1280/1280/1280
f 1215/1215/1215 1280/1280/1280 1216/1216/1216
f 1216/1216/1216 1280/1280/1280 1281/1281/1281
f 1216/1216/1216 1281/1281/1281 1217/1217/1217
f 1217/1217/1217 1281/1281/1281 1282/1282/1282
f 1217/1217/1217 1282/1282/1282 1218/1218/1218
f 1218/1218/1218 1282/1282/1282 1283/1283/1283
f 1218/1218/1218 1283/1283/1283 1219/1219/1219
f 1219/1219/1219 1283/1283/1283 1284/1284/1284
f 1219/1219/1219 1284/1284/1284 1220/1220/1220
f 1220/1220/1220 1284/1284/1284 1285/1285/1285
f 1220/1220/1220 1285/1285/1285 1221/1221/1221
f 1221/1221/1221 1285/1285/1285 1286/1286/1286
f 1221/1221/1221 1286/1286/1286 1222/1222/1222
f 1222/1222/1222 1286/1286/1286 1287/1287/1287
f 1222/1222/1222 1287/1287/1287 1223/1223/1223
f 1223/1223/1223 1287/1287/1287 1288/1288/1288
f 1223/1223/1223 1288/1288/1288 1224/1224/1224
f 1224/1224/1224 1288/1288/1288 1289/1289/1289
f 1224/1224/1224 1289/1289/1289 1225/1225/1225
f 1225/1225/1225 1289/1289/1289 1290/1290/1290
f 1225/1225/1225 1290/1290/1290 1226/1226/1226
f 1226/1226/1226 1290/1290/1290 1291/1291/1291
f 1226/1226/1226 1291/1291/1291 1227/1227/1227
f 1227/1227/1227 1291/1291/1291 1292/1292/1292
f 1227/1227/1227 1292/1292/1292 1228/1228/1228
f 1228/1228/1228 1292/1292/1292 1293/1293/1293
f 1228/1228/1228 1293/1293/1293 1229/1229/1229
f 1229/1229/1229 1293/1293/1293 1294/1294/1294
f 1229/1229/1229 1294/1294/1294 1230/1230/1230
f 1230/1230/1230 1294/1294/1294 1295/1295/1295
f 1230/1230/1230 1295/1295/1295 1231/1231/1231
f 1231/1231/1231 1295/1295/1295 1296/1296/1296
f 1231/1231/1231 1296/1296/1296 1232/1232/1232
f 1232/1232/1232 1296/1296/1296 1297/1297/1297
f 1232/1232/1232 1297/1297/1297 1233/1233/1233
f 1233/1233/1233 1297/1297/1297 1298/1298/1298
f 1233/1233/1233 1298/1298/1298 1234/1234/1234
f 1234/1234/1234 1298/1298/1298 1299/1299/1299
f 1234/1234/1234 1299/1299/1299 1235/1235/1235
f 1235/1235/1235 1299/1299/1299 1300/1300/1300
f 1236/1236/1236 1301/1301/1301 1237/1237/1237
f 1237/1237/1237 1301/1301/1301 1302/1302/1302
f 1237/1237/1237 1302/1302/1302 1238/1238/1238
f 1238/1238/1238 1302/1302/1302 1303/1303/1303
f 1238/1238/1238 1303/1303/1303 1239/1239/1239
f 1239/1239/1239 1303/1303/1303 1304/1304/1304
f 1239/1239/1239 1304/1304/1304 1240/1240/1240
f 1240/1240/1240 1304/1304/1304 1305/1305/1305
f 1240/1240/1240 1305/1305/1305 1241/1241/1241
f 1241/1241/1241 1305/1305/1305 1306/1306/1306
f 1241/1241/1241 1306/1306/1306 1242/1242/1242
f 1242/1242/1242 1306/1306/1306 1307/1307/1307
f 1242/1242/1242 1307/1307/1307 1243/1243/1243
f 1243/1243/1243 1307/1307/1307 1308/1308/1308
f 1243/1243/1243 1308/1308/1308 1244/1244/1244
f 1244/1244/1244 1308/1308/1308 1309/1309/1309
f 1244/1244/1244 1309/1309/1309 1245/1245/1245
f 1245/1245/1245 1309/1309/1309 1310/1310/1310
f 1245/1245/1245 1310/1310/1310 1246/1246/1246
f 1246/1246/1246 1310/1310/1310 1311/1311/1311
f 1246/1246/1246 1311/1311/1311 1247/1247/1247
f 1247/1247/1247 1311/1311/1311 1312/1312/1312
f 1247/1247/1247 1312/1312/1312 1248/1248/1248
f 1248/1248/1248 1312/1312/1312 1313/1313/1313
f 1248/1248/1248 1313/1313/1313 1249/1249/1249
f 1249/1249/1249 1313/1313/1313 1314/1314/1314
f 1249/1249/1249 1314/1314/1314 1250/1250/1250
f 1250/1250/1250 1314/1314/1314 1315/1315/1315
f 1250/1250/1250 1315/1315/1315 1251/1251/1251
f 1251/1251/1251 1315/1315/1315 1316/1316/1316
f 1251/1251/1251 1316/1316/1316 1252/1252/1252
f 1252/1252/1252 1316/1316/1316 1317/1317/1317
f 1252/1252/1252 1317/1317/1317 1253/1253/1253
f 1253/1253/1253 1317/1317/1317 1318/1318/1318
f 1253/1253/1253 1318/1318/1318 1254/1254/1254
f 1254/1254/1254 1318/1318/1318 1319/1319/1319
f 1254/1254/1254 1319/1319/1319 1255/1255/1255
f 1255/1255/1255 1319/1319/1319 1320/1320/1320
f 1255/1255/1255 1320/1320/1320 1256/1256/1256
f 1256/1256/1256 1320/1320/1320 1321/1321/1321
f 1256/1256/1256 1321/1321/1321 1257/1257/1257
f 1257/1257/1257 1321/1321/1321 1322/1322/1322
f 1257/1257/1257 1322/1322/1322 1258/1258/1258
f 1258/1258/1258 1322/1322/1322 1323/1323/1323
f 1258/1258/1258 1323/1323/1323 1259/1259/1259
f 1259/1259/1259 1323/1323/1323 1324/1324/1324
f 1259/1259/1259 1324/1324/1324 1260/1260/1260
f 1260/1260/1260 1324/1324/1324 1325/1325/1325
f 1260/1260/1260 1325/1325/1325 1261/1261/1261
f 1261/1261/1261 1325/1325/1325 1326/1326/1326
f 1261/1261/1261 1326/1326/1326 1262/1262/1262
f 1262/1262/1262 1326/1326/1326 1327/1327/1327
f 1262/1262/1262 1327/1327/1327 1263/1263/1263
f 1263/1263/1263 1327/1327/1327 1328/1328/1328
f 1263/1263/1263 1328/1328/1328 1264/1264/1264
f 1264/1264/1264 1328/1328/1328 1329/1329/1329
f 1264/1264/1264 1329/1329/1329 1265/1265/1265
f 1265/1265/1265 1329/1329/1329 1330/1330/1330
f 1265/1265/1265 1330/1330/1330 1266/1266/1266
f 1266/1266/1266 1330/1330/1330 1331/1331/1331
f 1266/1266/1266 1331/1331/1331 1267/1267/1267
f 1267/1267/1267 1331/1331/1331 1332/1332/1332
f 1267/1267/1267 1332/1332/1332 1268/1268/1268
f 1268/1268/1268 1332/1332/1332 1333/1333/1333
f 1268/1268/1268 1333/1333/1333 1269/1269/1269
f 1269/1269/1269 1333/1333/1333 1334/1334/1334
f 1269/1269/1269 1334/1334/1334 1270/1270/1270
f 1270/1270/1270 1334/1334/1334 1335/1335/1335
f 1270/1270/1270 1335/1335/1335 1271/1271/1271
f 1271/1271/1271 1335/1335/1335 1336/1336/1336
f 1271/1271/1271 1336/1336/1336 1272/1272/1272
f 1272/1272/1272 1336/1336/1336 1337/1337/1337
f 1272/1272/1272 1337/1337/1337 1273/1273/1273
f 1273/1273/1273 1337/1337/1337 1338/1338/1338
f 1273/1273/1273 1338/1338/1338 1274/1274/1274
f 1274/1274/1274 1338/1338/1338 1339/1339/1339
f 1274/1274/1274 1339/1339/1339 1275/1275/1275
f 1275/1275/1275 1339/1339/1339 1340/1340/1340
f 1275/1275/1275 1340/1340/1340 1276/1276/1276
f 1276/1276/1276 1340/1340/1340 1341/1341/1341
f 1276/1276/1276 1341/1341/1341 1277/1277/1277
f 1277/1277/1277 1341/1341/1341 1342/1342/1342
f 1277/1277/1277 1342/1342/1342 1278/1278/1278
f 1278/1278/1278 1342/1342/1342 1343/1343/1343
f 1278/1278/1278 1343/1343/1343 1279/1279/1279
f 1279/1279/1279 1343/1343/1343 1344/1344/1344
f 1279/1279/1279 1344/1344/1344 1280/1280/1280
f 1280/1280/1280 1344/1344/1344 1345/1345/1345
f 1280/1280/1280 1345/1345/1345 1281/1281/1281
f 1281/1281/1281 1345/1345/1345 1346/1346/1346
f 1281/1281/1281 1346/1346/1346 1282/1282/1282
f 1282/1282/1282 1346/1346/1346 1347/1347/1347
f 1282/1282/1282 1347/1347/1347 1283/1283/1283
f 1283/1283/1283 1347/1347/1347 1348/1348/1348
f 1283/1283/1283 1348/1348/1348 1284/1284/1284
f 1284/1284/1284 1348/1348/1348 1349/1349/1349
f 1284/1284/1284 1349/1349/1349 1285/1285/1285
f 1285/1285/1285 1349/1349/1349 1350/1350/1350
f 1285/1285/1285 1350/1350/1350 1286/1286/1286
f 1286/1286/1286 1350/1350/1350 1351/1351/1351
f 1286/1286/1286 1351/1351/1351 1287/1287/1287
f 1287/1287/1287 1351/1351/1351 1352/1352/1352
f 1287/1287/1287 1352/1352/1352 1288/1288/1288
f 1288/1288/1288 1352/1352/1352 1353/1353/1353
f 1288/1288/1288 1353/1353/1353 1289/1289/1289
f 1289/1289/1289 1353/1353/1353 1354/1354/1354
f 1289/1289/1289 1354/1354/1354 1290/1290/1290
f 1290/1290/1290 1354/1354/1354 1355/1355/1355
f 1290/1290/1290 1355/1355/1355 1291/1291/1291
f 1291/1291/1291 1355/1355/1355 1356/1356/1356
f 1291/1291/1291 1356/1356/1356 1292/1292/1292
f 1292/1292/1292 1356/1356/1356 1357/1357/1357
f 1292/1292/1292 1357/1357/1357 1293/1293/1293
f 1293/1293/1293 1357/1357/1357 1358/1358/1358
f 1293/1293/1293 1358/1358/1358 1294/1294/1294
f 1294/1294/1294 1358/1358/1358 1359/1359/1359
f 1294/1294/1294 1359/1359/1359 1295/1295/1295
f 1295/1295/1295 1359/1359/1359 1360/1360/1360
f 1295/1295/1295 1360/1360/1360 1296/1296/1296
f 1296/1296/1296 1360/1360/1360 1361/1361/1361
f 1296/1296/1296 1361/1361/1361 1297/1297/1297
f 1297/1297/1297 1361/1361/1361 1362/1362/1362
f 1297/1297/1297 1362/1362/1362 1298/1298/1298
f 1298/1298/1298 1362/1362/1362 1363/1363/1363
f 1298/1298/1298 1363/1363/1363 1299/1299/1299
f 1299/1299/1299 1363/1363/1363 1364/1364/1364
f 1299/1299/1299 1364/1364/1364 1300/1300/1300
f 1300/1300/1300 1364/1364/1364 1365/1365/1365
f 1301/1301/1301 1366/1366/1366 1302/1302/1302
f 1302/1302/1302 1366/1366/1366 1367/1367/1367
f 1302/1302/1302 1367/1367/1367 1303/1303/1303
f 1303/1303/1303 1367/1367/1367 1368/1368/1368
f 1303/1303/1303 1368/1368/1368 1304/1304/1304
f 1304/1304/1304 1368/1368/1368 1369/1369/1369
f 1304/1304/1304 1369/1369/1369 1305/1305/1305
f 1305/1305/1305 1369/1369/1369 1370/1370/1370
f 1305/1305/1305 1370/1370/1370 1306/1306/1306
f 1306/1306/1306 1370/1370/1370 1371/1371/1371
f 1306/1306/1306 1371/1371/1371 1307/1307/1307
f 1307/1307/1307 1371/1371/1371 1372/1372/1372
f 1307/1307/1307 1372/1372/1372 1308/1308/1308
f 1308/1308/1308 1372/1372/1372 1373/1373/1373
f 1308/1308/1308 1373/1373/1373 1309/1309/1309
f 1309/1309/1309 1373/1373/1373 1374/1374/1374
f 1309/1309/1309 1374/1374/1374 1310/1310/1310
f 1310/1310/1310 1374/1374/1374 1375/1375/1375
f 1310/1310/1310 1375/1375/1375 1311/1311/1311
f 1311/1311/1311 1375/1375/1375 1376/1376/1376
f 1311/1311/1311 1376/1376/1376 1312/1312/1312
f 1312/1312/1312 1376/1376/1376 1377/1377/1377
f 1312/1312/1312 1377/1377/1377 1313/1313/1313
f 1313/1313/1313 1377/1377/1377 1378/1378/1378
f 1313/1313/1313 1378/1378/1378 1314/1314/1314
f 1314/1314/1314 1378/1378/1378 1379/1379/1379
f 1314/1314/1314 1379/1379/1379 1315/1315/1315
f 1315/1315/1315 1379/1379/1379 1380/1380/1380
f 1315/1315/1315 1380/1380/1380 1316/1316/1316
f 1316/1316/1316 1380/1380/1380 1381/1381/1381
f 1316/1316/1316 1381/1381/1381 1317/1317/1317
f 1317/1317/1317 1381/1381/1381 1382/1382/1382
f 1317/1317/1317 1382/1382/1382 1318/1318/1318
f 1318/1318/1318 1382/1382/1382 1383/1383/1383
f 1318/1318/1318 1383/1383/1383 1319/1319/1319
f 1319/1319/1319 1383/1383/1383 1384/1384/1384
f 1319/1319/1319 1384/1384/1384 1320/1320/1320
f 1320/1320/1320 1384/1384/1384 1385/1385/1385
f 1320/1320/1320 1385/1385/1385 1321/1321/1321
f 1321/1321/1321 1385/1385/1385 1386/1386/1386
f 1321/1321/1321 1386/1386/1386 1322/1322/1322
f 1322/1322/1322 1386/1386/1386 1387/1387/1387
f 1322/1322/1322 1387/1387/1387 1323/1323/1323
f 1323/1323/1323 1387/1387/1387 1388/1388/1388
f 1323/1323/1323 1388/1388/1388 1324/1324/1324
f 1324/1324/1324 1388/1388/1388 1389/1389/1389
f 1324/1324/1324 1389/1389/1389 1325/1325/1325
f 1325/1325/1325 1389/1389/1389 1390/1390/1390
f 1325/1325/1325 1390/1390/1390 1326/1326/1326
f 1326/1326/1326 1390/1390/1390 1391/1391/1391
f 1326/1326/1326 1391/1391/1391 1327/1327/1327
f 1327/1327/1327 1391/1391/1391 1392/1392/1392
f 1327/1327/1327 1392/1392/1392 1328/1328/1328
f 1328/1328/1328 1392/1392/1392 1393/1393/1393
f 1328/1328/1328 1393/1393/1393 1329/1329/1329
f 1329/1329/1329 1393/1393/1393 1394/1394/1394
f 1329/1329/1329 1394/1394/1394 1330/1330/1330
f 1330/1330/1330 1394/1394/1394 1395/1395/1395
f 1330/1330/1330 1395/1395/1395 1331/1331/1331
f 1331/1331/1331 1395/1395/1395 1396/1396/1396
f 1331/1331/1331 1396/1396/1396 1332/1332/1332
f 1332/1332/1332 1396/1396/1396 1397/1397/1397
f 1332/1332/1332 1397/1397/1397 1333/1333/1333
f 1333/1333/1333 1397/1397/1397 1398/1398/1398
f 1333/1333/1333 1398/1398/1398 1334/1334/1334
f 1334/1334/1334 1398/1398/1398 1399/1399/1399
f 1334/1334/1334 1399/1399/1399 1335/1335/1335
f 1335/1335/1335 1399/1399/1399 1400/1400/1400
f 1335/1335/1335 1400/1400/1400 1336/1336/1336
f 1336/1336/1336 1400/1400/1400 1401/1401/1401
f 1336/1336/1336 1401/1401/1401 1337/1337/1337
f 1337/1337/1337 1401/1401/1401 1402/1402/1402
f 1337/1337/1337 1402/1402/1402 1338/1338/1338
f 1338/1338/1338 1402/1402/1402 1403/1403/1403
f 1338/1338/1338 1403/1403/1403 1339/1339/1339
f 1339/1339/1339 1403/1403/1403 1404/1404/1404
f 1339/1339/1339 1404/1404/1404 1340/1340/1340
f 1340/1340/1340 1404/1404/1404 1405/1405/1405
f 1340/1340/1340 1405/1405/1405 1341/1341/1341
f 1341/1341/1341 1405/1405/1405 1406/1406/1406
f 1341/1341/1341 1406/1406/1406 1342/1342/1342
f 1342/1342/1342 1406/1406/1406 1407/1407/1407
f 1342/1342/1342 1407/1407/1407 1343/1343/1343
f 1343/1343/1343 1407/1407/1407 1408/1408/1408
f 1343/1343/1343 1408/1408/1408 1344/1344/1344
f 1344/1344/1344 1408/1408/1408 1409/1409/1409
f 1344/1344/1344 1409/1409/1409 1345/1345/1345
f 1345/1345/1345 1409/1409/1409 1410/1410/1410
f 1345/1345/1345 1410/1410/1410 1346/1346/1346
f 1346/1346/1346 1410/1410/1410 1411/1411/1411
f 1346/1346/1346 1411/1411/1411 1347/1347/1347
f 1347/1347/1347 1411/1411/1411 1412/1412/1412
f 1347/1347/1347 1412/1412/1412 1348/1348/1348
f 1348/1348/1348 1412/1412/1412 1413/1413/1413
f 1348/1348/1348 1413/1413/1413 1349/1349/1349
f 1349/1349/1349 1413/1413/1413 1414/1414/1414
f 1349/1349/1349 1414/1414/1414 1350/1350/1350
f 1350/1350/1350 1414/1414/1414 1415/1415/1415
f 1350/1350/1350 1415/1415/1415 1351/1351/1351
f 1351/1351/1351 1415/1415/1415 1416/1416/1416
f 1351/1351/1351 1416/1416/1416 1352/1352/1352
f 1352/1352/1352 1416/1416/1416 1417/1417/1417
f 1352/1352/1352 1417/1417/1417 1353/1353/1353
f 1353/1353/1353 1417/1417/1417 1418/1418/1418
f 1353/1353/1353 1418/1418/1418 1354/1354/1354
f 1354/1354/1354 1418/1418/1418 1419/1419/1419
f 1354/1354/1354 1419/1419/1419 1355/1355/1355
f 1355/1355/1355 1419/1419/1419 1420/1420/1420
f 1355/1355/1355 1420/1420/1420 1356/1356/1356
f 1356/1356/1356 1420/1420/1420 1421/1421/1421
f 1356/1356/1356 1421/1421/1421 1357/1357/1357
f 1357/1357/1357 1421/1421/1421 1422/1422/1422
f 1357/1357/1357 1422/1422/1422 1358/1358/1358
f 1358/1358/1358 1422/1422/1422 1423/1423/1423
f 1358/1358/1358 1423/1423/1423 1359/1359/1359
f 1359/1359/1359 1423/1423/1423 1424/1424/1424
f 1359/1359/1359 1424/1424/1424 1360/1360/1360
f 1360/1360/1360 1424/1424/1424 1425/1425/1425
f 1360/1360/1360 1425/1425/1425 1361/1361/1361
f 1361/1361/1361 1425/1425/1425 1426/1426/1426
f 1361/1361/1361 1426/1426/1426 1362/1362/1362
f 1362/1362/1362 1426/1426/1426 1427/1427/1427
f 1362/1362/1362 1427/1427/1427 1363/1363/1363
f 1363/1363/1363 1427/1427/1427 1428/1428/1428
f 1363/1363/1363 1428/1428/1428 1364/1364/1364
f 1364/1364/1364 1428/1428/1428 1429/1429/1429
f 1364/1364/1364 1429/1429/1429 1365/1365/1365
f 1365/1365/1365 1429/1429/1429 1430/1430/1430
f 1366/1366/1366 1431/1431/1431 1367/1367/1367
f 1367/1367/1367 1431/1431/1431 1432/1432/1432
f 1367/1367/1367 1432/1432/1432 1368/1368/1368
f 1368/1368/1368 1432/1432/1432 1433/1433/1433
f 1368/1368/1368 1433/1433/1433 1369/1369/1369
f 1369/1369/1369 1433/1433/1433 1434/1434/1434
f 1369/1369/1369 1434/1434/1434 1370/1370/1370
f 1370/1370/1370 1434/1434/1434 1435/1435/1435
f 1370/1370/1370 1435/1435/1435 1371/1371/1371
f 1371/1371/1371 1435/1435/1435 1436/1436/1436
f 1371/1371/1371 1436/1436/1436 1372/1372/1372
f 1372/1372/1372 1436/1436/1436 1437/1437/1437
f 1372/1372/1372 1437/1437/1437 1373/1373/1373
f 1373/1373/1373 1437/1437/1437 1438/1438/1438
f 1373/1373/1373 1438/1438/1438 1374/1374/1374
f 1374/1374/1374 1438/1438/1438 1439/1439/1439
f 1374/1374/1374 1439/1439/1439 1375/1375/1375
f 1375/1375/1375 1439/1439/1439 1440/1440/1440
f 1375/1375/1375 1440/1440/1440 1376/1376/1376
f 1376/1376/1376 1440/1440/1440 1441/1441/1441
f 1376/1376/1376 1441/1441/1441 1377/1377/1377
f 1377/1377/1377 1441/1441/1441 1442/1442/1442
f 1377/1377/1377 1442/1442/1442 1378/1378/1378
f 1378/1378/1378 1442/1442/1442 1443/1443/1443
f 1378/1378/1378 1443/1443/1443 1379/1379/1379
f 1379/1379/1379 1443/1443/1443 1444/1444/1444
f 1379/1379/1379 1444/1444/1444 1380/1380/1380
f 1380/1380/1380 1444/1444/1444 1445/1445/1445
f 1380/1380/1380 1445/1445/1445 1381/1381/1381
f 1381/1381/1381 1445/1445/1445 1446/1446/1446
f 1381/1381/1381 1446/1446/1446 1382/1382/1382
f 1382/1382/1382 1446/1446/1446 1447/1447/1447
f 1382/1382/1382 1447/1447/1447 1383/1383/1383
f 1383/1383/1383 1447/1447/1447 1448/1448/1448
f 1383/1383/1383 1448/1448/1448 1384/1384/1384
f 1384/1384/1384 1448/1448/1448 1449/1449/1449
f 1384/1384/1384 1449/1449/1449 1385/1385/1385
f 1385/1385/1385 1449/1449/1449 1450/1450/1450
f 1385/1385/1385 1450/1450/1450 1386/1386/1386
f 1386/1386/1386 1450/1450/1450 1451/1451/1451
f 1386/1386/1386 1451/1451/1451 1387/1387/1387
f 1387/1387/1387 1451/1451/1451 1452/1452/1452
f 1387/1387/1387 1452/1452/1452 1388/1388/1388
f 1388/1388/1388 1452/1452/1452 1453/1453/1453
f 1388/1388/1388 1453/1453/1453 1389/1389/1389
f 1389/1389/1389 1453/1453/1453 1454/1454/1454
f 1389/1389/1389 1454/1454/1454 1390/1390/1390
f 1390/1390/1390 1454/1454/1454 1455/1455/1455
f 1390/1390/1390 1455/1455/1455 1391/1391/1391
f 1391/1391/1391 1455/1455/1455 1456/1456/1456
f 1391/1391/1391 1456/1456/1456 1392/1392/1392
f 1392/1392/1392 1456/1456/1456 1457/1457/1457
f 1392/1392/1392 1457/1457/1457 1393/1393/1393
f 1393/1393/1393 1457/1457/1457 1458/1458/1458
f 1393/1393/1393 1458/1458/1458 1394/1394/1394
f 1394/1394/1394 1458/1458/1458 1459/1459/1459
f 1394/1394/1394 1459/1459/1459 1395/1395/1395
f 1395/1395/1395 1459/1459/1459 1460/1460/1460
f 1395/1395/1395 1460/1460/1460 1396/1396/1396
f 1396/1396/1396 1460/1460/1460 1461/1461/1461
f 1396/1396/1396 1461/1461/1461 1397/1397/1397
f 1397/1397/1397 1461/1461/1461 1462/1462/1462
f 1397/1397/1397 1462/1462/1462 1398/1398/1398
f 1398/1398/1398 1462/1462/1462 1463/1463/1463
f 1398/1398/1398 1463/1463/1463 1399/1399/1399
f 1399/1399/1399 1463/1463/1463 1464/1464/1464
f 1399/1399/1399 1464/1464/1464 1400/1400/1400
f 1400/1400/1400 1464/1464/1464 1465/1465/1465
f 1400/1400/1400 1465/1465/1465 1401/1401/1401
f 1401/1401/1401 1465/1465/1465 1466/1466/1466
f 1401/1401/1401 1466/1466/1466 1402/1402/1402
f 1402/1402/1402 1466/1466/1466 1467/1467/1467
f 1402/1402/1402 1467/1467/1467 1403/1403/1403
f 1403/1403/1403 1467/1467/1467 1468/1468/1468
f 1403/1403/1403 1468/1468/1468 1404/1404/1404
f 1404/1404/1404 1468/1468/1468 1469/1469/1469
f 1404/1404/1404 1469/1469/1469 1405/1405/1405
f 1405/1405/1405 1469/1469/1469 1470/1470/1470
f 1405/1405/1405 1470/1470/1470 1406/1406/1406
f 1406/1406/1406 1470/1470/1470 1471/1471/1471
f 1406/1406/1406 1471/1471/1471 1407/1407/1407
f 1407/1407/1407 1471/1471/1471 1472/1472/1472
f 1407/1407/1407 1472/1472/1472 1408/1408/1408
f 1408/1408/1408 1472/1472/1472 1473/1473/1473
f 1408/1408/1408 1473/1473/1473 1409/1409/1409
f 1409/1409/1409 1473/1473/1473 1474/1474/1474
f 1409/1409/1409 1474/1474/1474 1410/1410/1410
f 1410/1410/1410 1474/1474/1474 1475/1475/1475
f 1410/1410/1410 1475/1475/1475 1411/1411/1411
f 1411/1411/1411 1475/1475/1475 1476/1476/1476
f 1411/1411/1411 1476/1476/1476 1412/1412/1412
f 1412/1412/1412 1476/1476/1476 1477/1477/1477
f 1412/1412/1412 1477/1477/1477 1413/1413/1413
f 1413/1413/1413 1477/1477/1477 1478/1478/1478
f 1413/1413/1413 1478/1478/1478 1414/1414/1414
f 1414/1414/1414 1478/1478/1478 1479/1479/1479
f 1414/1414/1414 1479/1479/1479 1415/1415/1415
f 1415/1415/1415 1479/1479/1479 1480/1480/1480
f 1415/1415/1415 1480/1480/1480 1416/1416/1416
f 1416/1416/1416 1480/1480/1480 1481/1481/1481
f 1416/1416/1416 1481/1481/1481 1417/1417/1417
f 1417/1417/1417 1481/1481/1481 1482/1482/1482
f 1417/1417/1417 1482/1482/1482 1418/1418/1418
f 1418/1418/1418 1482/1482/1482 1483/1483/1483
f 1418/1418/1418 1483/1483/1483 1419/1419/1419
f 1419/1419/1419 1483/1483/1483 1484/1484/1484
f 1419/1419/1419 1484/1484/1484 1420/1420/1420
f 1420/1420/1420 1484/1484/1484 1485/1485/1485
f 1420/1420/1420 1485/1485/1485 1421/1421/1421
f 1421/1421/1421 1485/1485/1485 1486/1486/1486
f 1421/1421/1421 1486/1486/1486 1422/1422/1422
f 1422/1422/1422 1486/1486/1486 1487/1487/1487
f 1422/1422/1422 1487/1487/1487 1423/1423/1423
f 1423/1423/1423 1487/1487/1487 1488/1488/1488
f 1423/1423/1423 1488/1488/1488 1424/1424/1424
f 1424/1424/1424 1488/1488/1488 1489/1489/1489
f 1424/1424/1424 1489/1489/1489 1425/1425/1425
f 1425/1425/1425 1489/1489/1489 1490/1490/1490
f 1425/1425/1425 1490/1490/1490 1426/1426/1426
f 1426/1426/1426 1490/1490/1490 1491/1491/1491
f 1426/1426/1426 1491/1491/1491 1427/1427/1427
f 1427/1427/1427 1491/1491/1491 1492/1492/1492
f 1427/1427/1427 1492/1492/1492 1428/1428/1428
f 1428/1428/1428 1492/1492/1492 1493/1493/1493
f 1428/1428/1428 1493/1493/1493 1429/1429/1429
f 1429/1429/1429 1493/1493/1493 1494/1494/1494
f 1429/1429/1429 1494/1494/1494 1430/1430/1430
f 1430/1430/1430 1494/1494/1494 1495/1495/1495
f 1431/1431/1431 1496/1496/1496 1432/1432/1432
f 1432/1432/1432 1496/1496/1496 1497/1497/1497
f 1432/1432/1432 1497/1497/1497 1433/1433/1433
f 1433/1433/1433 1497/1497/1497 1498/1498/1498
f 1433/1433/1433 1498/1498/1498 1434/1434/1434
f 1434/1434/1434 1498/1498/1498 1499/1499/1499
f 1434/1434/1434 1499/1499/1499 1435/1435/1435
f 1435/1435/1435 1499/1499/1499 1500/1500/1500
f 1435/1435/1435 1500/1500/1500 1436/1436/1436
f 1436/1436/1436 1500/1500/1500 1501/1501/1501
f 1436/1436/1436 1501/1501/1501 1437/1437/1437
f 1437/1437/1437 1501/1501/1501 1502/1502/1502
f 1437/1437/1437 1502/1502/1502 1438/1438/1438
f 1438/1438/1438 1502/1502/1502 1503/1503/1503
f 1438/1438/1438 1503/1503/1503 1439/1439/1439
f 1439/1439/1439 1503/1503/1503 1504/1504/1504
f 1439/1439/1439 1504/1504/1504 1440/1440/1440
f 1440/1440/1440 1504/1504/1504 1505/1505/1505
f 1440/1440/1440 1505/1505/1505 1441/1441/1441
f 1441/1441/1441 1505/1505/1505 1506/1506/1506
f 1441/1441/1441 1506/1506/1506 1442/1442/1442
f 1442/1442/1442 1506/1506/1506 1507/1507/1507
f 1442/1442/1442 1507/1507/1507 1443/1443/1443
f 1443/1443/1443 1507/1507/1507 1508/1508/1508
f 1443/1443/1443 1508/1508/1508 1444/1444/1444
f 1444/1444/1444 1508/1508/1508 1509/1509/1509
f 1444/1444/1444 1509/1509/1509 1445/1445/1445
f 1445/1445/1445 1509/1509/1509 1510/1510/1510
f 1445/1445/1445 1510/1510/1510 1446/1446/1446
f 1446/1446/1446 1510/1510/1510 1511/1511/1511
f 1446/1446/1446 1511/1511/1511 1447/1447/1447
f 1447/1447/1447 1511/1511/1511 1512/1512/1512
f 1447/1447/1447 1512/1512/1512 1448/1448/1448
f 1448/1448/1448 1512/1512/1512 1513/1513/1513
f 1448/1448/1448 1513/1513/1513 1449/1449/1449
f 1449/1449/1449 1513/1513/1513 1514/1514/1514
f 1449/1449/1449 1514/1514/1514 1450/1450/1450
f 1450/1450/1450 1514/1514/1514 1515/1515/1515
f 1450/1450/1450 1515/1515/1515 1451/1451/1451
f 1451/1451/1451 1515/1515/1515 1516/1516/1516
f 1451/1451/1451 1516/1516/1516 1452/1452/1452
f 1452/1452/1452 1516/1516/1516 1517/1517/1517
f 1452/1452/1452 1517/1517/1517 1453/1453/1453
f 1453/1453/1453 1517/1517/1517 1518/1518/1518
f 1453/1453/1453 1518/1518/1518 1454/1454/1454
f 1454/1454/1454 1518/1518/1518 1519/1519/1519
f 1454/1454/1454 1519/1519/1519 1455/1455/1455
f 1455/1455/1455 1519/1519/1519 1520/1520/1520
f 1455/1455/1455 1520/1520/1520 1456/1456/1456
f 1456/1456/1456 1520/1520/1520 1521/1521/1521
f 1456/1456/1456 1521/1521/1521 1457/1457/1457
f 1457/1457/1457 1521/1521/1521 1522/1522/1522
f 1457/1457/1457 1522/1522/1522 1458/1458/1458
f 1458/1458/1458 1522/1522/1522 1523/1523/1523
f 1458/1458/1458 1523/1523/1523 1459/1459/1459
f 1459/1459/1459 1523/1523/1523 1524/1524/1524
f 1459/1459/1459 1524/1524/1524 1460/1460/1460
f 1460/1460/1460 1524/1524/1524 1525/1525/1525
f 1460/1460/1460 1525/1525/1525 1461/1461/1461
f 1461/1461/1461 1525/1525/1525 1526/1526/1526
f 1461/1461/1461 1526/1526/1526 1462/1462/1462
f 1462/1462/1462 1526/1526/1526 1527/1527/1527
f 1462/1462/1462 1527/1527/1527 1463/1463/1463
f 1463/1463/1463 1527/1527/1527 1528/1528/1528
f 1463/1463/1463 1528/1528/1528 1464/1464/1464
f 1464/1464/1464 1528/1528/1528 1529/1529/1529
f 1464/1464/1464 1529/1529/1529 1465/1465/1465
f 1465/1465/1465 1529/1529/1529 1530/1530/1530
f 1465/1465/1465 1530/1530/1530 1466/1466/1466
f 1466/1466/1466 1530/1530/1530 1531/1531/1531
f 1466/1466/1466 1531/1531/1531 1467/1467/1467
f 1467/1467/1467 1531/1531/1531 1532/1532/1532
f 1467/1467/1467 1532/1532/1532 1468/1468/1468
f 1468/1468/1468 1532/1532/1532 1533/1533/1533
f 1468/1468/1468 1533/1533/1533 1469/1469/1469
f 1469/1469/1469 1533/1533/1533 1534/1534/1534
f 1469/1469/1469 1534/1534/1534 1470/1470/1470
f 1470/1470/1470 1534/1534/1534 1535/1535/1535
f 1470/1470/1470 1535/1535/1535 1471/1471/1471
f 1471/1471/1471 1535/1535/1535 1536/1536/1536
f 1471/1471/1471 1536/1536/1536 1472/1472/1472
f 1472/1472/1472 1536/1536/1536 1537/1537/1537
f 1472/1472/1472 1537/1537/1537 1473/1473/1473
f 1473/1473/1473 1537/1537/1537 1538/1538/1538
f 1473/1473/1473 1538/1538/1538 1474/1474/1474
f 1474/1474/1474 1538/1538/1538 1539/1539/1539
f 1474/1474/1474 1539/1539/1539 1475/1475/1475
f 1475/1475/1475 1539/1539/1539 1540/1540/1540
f 1475/1475/1475 1540/1540/1540 1476/1476/1476
f 1476/1476/1476 1540/1540/1540 1541/1541/1541
f 1476/1476/1476 1541/1541/1541 1477/1477/1477
f 1477/1477/1477 1541/1541/1541 1542/1542/1542
f 1477/1477/1477 1542/1542/1542 1478/1478/1478
f 1478/1478/1478 1542/1542/1542 1543/1543/1543
f 1478/1478/1478 1543/1543/1543 1479/1479/1479
f 1479/1479/1479 1543/1543/1543 1544/1544/1544
f 1479/1479/1479 1544/1544/1544 1480/1480/1480
f 1480/1480/1480 1544/1544/1544 1545/1545/1545
f 1480/1480/1480 1545/1545/1545 1481/1481/1481
f 1481/1481/1481 1545/1545/1545 1546/1546/1546
f 1481/1481/1481 1546/1546/1546 1482/1482/1482
f 1482/1482/1482 1546/1546/1546 1547/1547/1547
f 1482/1482/1482 1547/1547/1547 1483/1483/1483
f 1483/1483/1483 1547/1547/1547 1548/1548/1548
f 1483/1483/1483 1548/1548/1548 1484/1484/1484
f 1484/1484/1484 1548/1548/1548 1549/1549/1549
f 1484/1484/1484 1549/1549/1549 1485/1485/1485
f 1485/1485/1485 1549/1549/1549 1550/1550/1550
f 1485/1485/1485 1550/1550/1550 1486/1486/1486
f 1486/1486/1486 1550/1550/1550 1551/1551/1551
f 1486/1486/1486 1551/1551/1551 1487/1487/1487
f 1487/1487/1487 1551/1551/1551 1552/1552/1552
f 1487/1487/1487 1552/1552/1552 1488/1488/1488
f 1488/1488/1488 1552/1552/1552 1553/1553/1553
f 1488/1488/1488 1553/1553/1553 1489/1489/1489
f 1489/1489/1489 1553/1553/1553 1554/1554/1554
f 1489/1489/1489 1554/1554/1554 1490/1490/1490
f 1490/1490/1490 1554/1554/1554 1555/1555/1555
f 1490/1490/1490 1555/1555/1555 1491/1491/1491
f 1491/1491/1491 1555/1555/1555 1556/1556/1556
f 1491/1491/1491 1556/1556/1556 1492/1492/1492
f 1492/1492/1492 1556/1556/1556 1557/1557/1557
f 1492/1492/1492 1557/1557/1557 1493/1493/1493
f 1493/1493/1493 1557/1557/1557 1558/1558/1558
f 1493/1493/1493 1558/1558/1558 1494/1494/1494
f 1494/1494/1494 1558/1558/1558 1559/1559/1559
f 1494/1494/1494 1559/1559/1559 1495/1495/1495
f 1495/1495/1495 1559/1559/1559 1560/1560/1560
f 1496/1496/1496 1561/1561/1561 1497/1497/1497
f 1497/1497/1497 1561/1561/1561 1562/1562/1562
f 1497/1497/1497 1562/1562/1562 1498/1498/1498
f 1498/1498/1498 1562/1562/1562 1563/1563/1563
f 1498/1498/1498 1563/1563/1563 1499/1499/1499
f 1499/1499/1499 1563/1563/1563 1564/1564/1564
f 1499/1499/1499 1564/1564/1564 1500/1500/1500
f 1500/1500/1500 1564/1564/1564 1565/1565/1565
f 1500/1500/1500 1565/1565/1565 1501/1501/1501
f 1501/1501/1501 1565/1565/1565 1566/1566/1566
f 1501/1501/1501 1566/1566/1566 1502/1502/1502
f 1502/1502/1502 1566/1566/1566 1567/1567/1567
f 1502/1502/1502 1567/1567/1567 1503/1503/1503
f 1503/1503/1503 1567/1567/1567 1568/1568/1568
f 1503/1503/1503 1568/1568/1568 1504/1504/1504
f 1504/1504/1504 1568/1568/1568 1569/1569/1569
f 1504/1504/1504 1569/1569/1569 1505/1505/1505
f 1505/1505/1505 1569/1569/1569 1570/1570/1570
f 1505/1505/1505 1570/1570/1570 1506/1506/1506
f 1506/1506/1506 1570/1570/1570 1571/1571/1571
f 1506/1506/1506 1571/1571/1571 1507/1507/1507
f 1507/1507/1507 1571/1571/1571 1572/1572/1572
f 1507/1507/1507 1572/1572/1572 1508/1508/1508
f 1508/1508/1508 1572/1572/1572 1573/1573/1573
f 1508/1508/1508 1573/1573/1573 1509/1509/1509
f 1509/1509/1509 1573/1573/1573 1574/1574/1574
f 1509/1509/1509 1574/1574/1574 1510/1510/1510
f 1510/1510/1510 1574/1574/1574 1575/1575/1575
f 1510/1510/1510 1575/1575/1575 1511/1511/1511
f 1511/1511/1511 1575/1575/1575 1576/1576/1576
f 1511/1511/1511 1576/1576/1576 1512/1512/1512
f 1512/1512/1512 1576/1576/1576 1577/1577/1577
f 1512/1512/1512 1577/1577/1577 1513/1513/1513
f 1513/1513/1513 1577/1577/1577 1578/1578/1578
f 1513/1513/1513 1578/1578/1578 1514/1514/1514
f 1514/1514/1514 1578/1578/1578 1579/1579/1579
f 1514/1514/1514 1579/1579/1579 1515/1515/1515
f 1515/1515/1515 1579/1579/1579 1580/1580/1580
f 1515/1515/1515 1580/1580/1580 1516/1516/1516
f 1516/1516/1516 1580/1580/1580 1581/1581/1581
f 1516/1516/1516 1581/1581/1581 1517/1517/1517
f 1517/1517/1517 1581/1581/1581 1582/1582/1582
f 1517/1517/1517 1582/1582/1582 1518/1518/1518
f 1518/1518/1518 1582/1582/1582 1583/1583/1583
f 1518/1518/1518 1583/1583/1583 1519/1519/1519
f 1519/1519/1519 1583/1583/1583 1584/1584/1584
f 1519/1519/1519 1584/1584/1584 1520/1520/1520
f 1520/1520/1520 1584/1584/1584 1585/1585/1585
f 1520/1520/1520 1585/1585/1585 1521/1521/1521
f 1521/1521/1521 1585/1585/1585 1586/1586/1586
f 1521/1521/1521 1586/1586/1586 1522/1522/1522
f 1522/1522/1522 1586/1586/1586 1587/1587/1587
f 1522/1522/1522 1587/1587/1587 1523/1523/1523
f 1523/1523/1523 1587/1587/1587 1588/1588/1588
f 1523/1523/1523 1588/1588/1588 1524/1524/1524
f 1524/1524/1524 1588/1588/1588 1589/1589/1589
f 1524/1524/1524 1589/1589/1589 1525/1525/1525
f 1525/1525/1525 1589/1589/1589 1590/1590/1590
f 1525/1525/1525 1590/1590/1590 1526/1526/1526
f 1526/1526/1526 1590/1590/1590 1591/1591/1591
f 1526/1526/1526 1591/1591/1591 1527/1527/1527
f 1527/1527/1527 1591/1591/1591 1592/1592/1592
f 1527/1527/1527 1592/1592/1592 1528/1528/1528
f 1528/1528/1528 1592/1592/1592 1593/1593/1593
f 1528/1528/1528 1593/1593/1593 1529/1529/1529
f 1529/1529/1529 1593/1593/1593 1594/1594/1594
f 1529/1529/1529 1594/1594/1594 1530/1530/1530
f 1530/1530/1530 1594/1594/1594 1595/1595/1595
f 1530/1530/1530 1595/1595/1595 1531/1531/1531
f 1531/1531/1531 1595/1595/1595 1596/1596/1596
f 1531/1531/1531 1596/1596/1596 1532/1532/1532
f 1532/1532/1532 1596/1596/1596 1597/1597/1597
f 1532/1532/1532 1597/1597/1597 1533/1533/1533
f 1533/1533/1533 1597/1597/1597 1598/1598/1598
f 1533/1533/1533 1598/1598/1598 1534/1534/1534
f 1534/1534/1534 1598/1598/1598 1599/1599/1599
f 1534/1534/1534 1599/1599/1599 1535/1535/1535
f 1535/1535/1535 1599/1599/1599 1600/1600/1600
f 1535/1535/1535 1600/1600/1600 1536/1536/1536
f 1536/1536/1536 1600/1600/1600 1601/1601/1601
f 1536/1536/1536 1601/1601/1601 1537/1537/1537
f 1537/1537/1537 1601/1601/1601 1602/1602/1602
f 1537/1537/1537 1602/1602/1602 1538/1538/1538
f 1538/1538/1538 1602/1602/1602 1603/1603/1603
f 1538/1538/1538 1603/1603/1603 1539/1539/1539
f 1539/1539/1539 1603/1603/1603 1604/1604/1604
f 1539/1539/1539 1604/1604/1604 1540/1540/1540
f 1540/1540/1540 1604/1604/1604 1605/1605/1605
f 1540/1540/1540 1605/1605/1605 1541/1541/1541
f 1541/1541/1541 1605/1605/1605 1606/1606/1606
f 1541/1541/1541 1606/1606/1606 1542/1542/1542
f 1542/1542/1542 1606/1606/1606 1607/1607/1607
f 1542/1542/1542 1607/1607/1607 1543/1543/1543
f 1543/1543/1543 1607/1607/1607 1608/1608/1608
f 1543/1543/1543 1608/1608/1608 1544/1544/1544
f 1544/1544/1544 1608/1608/1608 1609/1609/1609
f 1544/1544/1544 1609/1609/1609 1545/1545/1545
f 1545/1545/1545 1609/1609/1609 1610/1610/1610
f 1545/1545/1545 1610/1610/1610 1546/1546/1546
f 1546/1546/1546 1610/1610/1610 1611/1611/1611
f 1546/1546/1546 1611/1611/1611 1547/1547/1547
f 1547/1547/1547 1611/1611/1611 1612/1612/1612
f 1547/1547/1547 1612/1612/1612 1548/1548/1548
f 1548/1548/1548 1612/1612/1612 1613/1613/1613
f 1548/1548/1548 1613/1613/1613 1549/1549/1549
f 1549/1549/1549 1613/1613/1613 1614/1614/1614
f 1549/1549/1549 1614/1614/1614 1550/1550/1550
f 1550/1550/1550 1614/1614/1614 1615/1615/1615
f 1550/1550/1550 1615/1615/1615 1551/1551/1551
f 1551/1551/1551 1615/1615/1615 1616/1616/1616
f 1551/1551/1551 1616/1616/1616 1552/1552/1552
f 1552/1552/1552 1616/1616/1616 1617/1617/1617
f 1552/1552/1552 1617/1617/1617 1553/1553/1553
f 1553/1553/1553 1617/1617/1617 1618/1618/1618
f 1553/1553/1553 1618/1618/1618 1554/1554/1554
f 1554/1554/1554 1618/1618/1618 1619/1619/1619
f 1554/1554/1554 1619/1619/1619 1555/1555/1555
f 1555/1555/1555 1619/1619/1619 1620/1620/1620
f 1555/1555/1555 1620/1620/1620 1556/1556/1556
f 1556/1556/1556 1620/1620/1620 1621/1621/1621
f 1556/1556/1556 1621/1621/1621 1557/1557/1557
f 1557/1557/1557 1621/1621/1621 1622/1622/1622
f 1557/1557/1557 1622/1622/1622 1558/1558/1558
f 1558/1558/1558 1622/1622/1622 1623/1623/1623
f 1558/1558/1558 1623/1623/1623 1559/1559/1559
f 1559/1559/1559 1623/1623/1623 1624/1624/1624
f 1559/1559/1559 1624/1624/1624 1560/1560/1560
f 1560/1560/1560 1624/1624/1624 1625/1625/1625
f 1561/1561/1561 1626/1626/1626 1562/1562/1562
f 1562/1562/1562 1626/1626/1626 1627/1627/1627
f 1562/1562/1562 1627/1627/1627 1563/1563/1563
f 1563/1563/1563 1627/1627/1627 1628/1628/1628
f 1563/1563/1563 1628/1628/1628 1564/1564/1564
f 1564/1564/1564 1628/1628/1628 1629/1629/1629
f 1564/1564/1564 1629/1629/1629 1565/1565/1565
f 1565/1565/1565 1629/1629/1629 1630/1630/1630
f 1565/1565/1565 1630/1630/1630 1566/1566/1566
f 1566/1566/1566 1630/1630/1630 1631/1631/1631
f 1566/1566/1566 1631/1631/1631 1567/1567/1567
f 1567/1567/1567 1631/1631/1631 1632/1632/1632
f 1567/1567/1567 1632/1632/1632 1568/1568/1568
f 1568/1568/1568 1632/1632/1632 1633/1633/1633
f 1568/1568/1568 1633/1633/1633 1569/1569/1569
f 1569/1569/1569 1633/1633/1633 1634/1634/1634
f 1569/1569/1569 1634/1634/1634 1570/1570/1570
f 1570/1570/1570 1634/1634/1634 1635/1635/1635
f 1570/1570/1570 1635/1635/1635 1571/1571/1571
f 1571/1571/1571 1635/1635/1635 1636/1636/1636
f 1571/1571/1571 1636/1636/1636 1572/1572/1572
f 1572/1572/1572 1636/1636/1636 1637/1637/1637
f 1572/1572/1572 1637/1637/1637 1573/1573/1573
f 1573/1573/1573 1637/1637/1637 1638/1638/1638
f 1573/1573/1573 1638/1638/1638 1574/1574/1574
f 1574/1574/1574 1638/1638/1638 1639/1639/1639
f 1574/1574/1574 1639/1639/1639 1575/1575/1575
f 1575/1575/1575 1639/1639/1639 1640/1640/1640
f 1575/1575/1575 1640/1640/1640 1576/1576/1576
f 1576/1576/1576 1640/1640/1640 1641/1641/1641
f 1576/1576/1576 1641/1641/1641 1577/1577/1577
f 1577/1577/1577 1641/1641/1641 1642/1642/1642
f 1577/1577/1577 1642/1642/1642 1578/1578/1578
f 1578/1578/1578 1642/1642/1642 1643/1643/1643
f 1578/1578/1578 1643/1643/1643 1579/1579/1579
f 1579/1579/1579 1643/1643/1643 1644/1644/1644
f 1579/1579/1579 1644/1644/1644 1580/1580/1580
f 1580/1580/1580 1644/1644/1644 1645/1645/1645
f 1580/1580/1580 1645/1645/1645 1581/1581/1581
f 1581/1581/1581 1645/1645/1645 1646/1646/1646
f 1581/1581/1581 1646/1646/1646 1582/1582/1582
f 1582/1582/1582 1646/1646/1646 1647/1647/1647
f 1582/1582/1582 1647/1647/1647 1583/1583/1583
f 1583/1583/1583 1647/1647/1647 1648/1648/1648
f 1583/1583/1583 1648/1648/1648 1584/1584/1584
f 1584/1584/1584 1648/1648/1648 1649/1649/1649
f 1584/1584/1584 1649/1649/1649 1585/1585/1585
f 1585/1585/1585 1649/1649/1649 1650/1650/1650
f 1585/1585/1585 1650/1650/1650 1586/1586/1586
f 1586/1586/1586 1650/1650/1650 1651/1651/1651
f 1586/1586/1586 1651/1651/1651 1587/1587/1587
f 1587/1587/1587 1651/1651/1651 1652/1652/1652
f 1587/1587/1587 1652/1652/1652 1588/1588/1588
f 1588/1588/1588 1652/1652/1652 1653/1653/1653
f 1588/1588/1588 1653/1653/1653 1589/1589/1589
f 1589/1589/1589 1653/1653/1653 1654/1654/1654
f 1589/1589/1589 1654/1654/1654 1590/1590/1590
f 1590/1590/1590 1654/1654/1654 1655/1655/1655
f 1590/1590/1590 1655/1655/1655 1591/1591/1591
f 1591/1591/1591 1655/1655/1655 1656/1656/1656
f 1591/1591/1591 1656/1656/1656 1592/1592/1592
f 1592/1592/1592 1656/1656/1656 1657/1657/1657
f 1592/1592/1592 1657/1657/1657 1593/1593/1593
f 1593/1593/1593 1657/1657/1657 1658/1658/1658
f 1593/1593/1593 1658/1658/1658 1594/1594/1594
f 1594/1594/1594 1658/1658/1658 1659/1659/1659
f 1594/1594/1594 1659/1659/1659 1595/1595/1595
f 1595/1595/1595 1659/1659/1659 1660/1660/1660
f 1595/1595/1595 1660/1660/1660 1596/1596/1596
f 1596/1596/1596 1660/1660/1660 1661/1661/1661
f 1596/1596/1596 1661/1661/1661 1597/1597/1597
f 1597/1597/1597 1661/1661/1661 1662/1662/1662
f 1597/1597/1597 1662/1662/1662 1598/1598/1598
f 1598/1598/1598 1662/1662/1662 1663/1663/1663
f 1598/1598/1598 1663/1663/1663 1599/1599/1599
f 1599/1599/1599 1663/1663/1663 1664/1664/1664
f 1599/1599/1599 1664/1664/1664 1600/1600/1600
f 1600/1600/1600 1664/1664/1664 1665/1665/1665
f 1600/1600/1600 1665/1665/1665 1601/1601/1601
f 1601/1601/1601 1665/1665/1665 1666/1666/1666
f 1601/1601/1601 1666/1666/1666 1602/1602/1602
f 1602/1602/1602 1666/1666/1666 1667/1667/1667
f 1602/1602/1602 1667/1667/1667 1603/1603/1603
f 1603/1603/1603 1667/1667/1667 1668/1668/1668
f 1603/1603/1603 1668/1668/1668 1604/1604/1604
f 1604/1604/1604 1668/1668/1668 1669/1669/1669
f 1604/1604/1604 1669/1669/1669 1605/1605/1605
f 1605/1605/1605 1669/1669/1669 1670/1670/1670
f 1605/1605/1605 1670/1670/1670 1606/1606/1606
f 1606/1606/1606 1670/1670/1670 1671/1671/1671
f 1606/1606/1606 1671/1671/1671 1607/1607/1607
f 1607/1607/1607 1671/1671/1671 1672/1672/1672
f 1607/1607/1607 1672/1672/1672 1608/1608/1608
f 1608/1608/1608 1672/1672/1672 1673/1673/1673
f 1608/1608/1608 1673/1673/1673 1609/1609/1609
f 1609/1609/1609 1673/1673/1673 1674/1674/1674
f 1609/1609/1609 1674/1674/1674 1610/1610/1610
f 1610/1610/1610 1674/1674/1674 1675/1675/1675
f 1610/1610/1610 1675/1675/1675 1611/1611/1611
f 1611/1611/1611 1675/1675/1675 1676/1676/1676
f 1611/1611/1611 1676/1676/1676 1612/1612/1612
f 1612/1612/1612 1676/1676/1676 1677/1677/1677
f 1612/1612/1612 1677/1677/1677 1613/1613/1613
f 1613/1613/1613 1677/1677/1677 1678/1678/1678
f 1613/1613/1613 1678/1678/1678 1614/1614/1614
f 1614/1614/1614 1678/1678/1678 1679/1679/1679
f 1614/1614/1614 1679/1679/1679 1615/1615/1615
f 1615/1615/1615 1679/1679/1679 1680/1680/1680
f 1615/1615/1615 1680/1680/1680 1616/1616/1616
f 1616/1616/1616 1680/1680/1680 1681/1681/1681
f 1616/1616/1616 1681/1681/1681 1617/1617/1617
f 1617/1617/1617 1681/1681/1681 1682/1682/1682
f 1617/1617/1617 1682/1682/1682 1618/1618/1618
f 1618/1618/1618 1682/1682/1682 1683/1683/1683
f 1618/1618/1618 1683/1683/1683 1619/1619/1619
f 1619/1619/1619 1683/1683/1683 1684/1684/1684
f 1619/1619/1619 1684/1684/1684 1620/1620/1620
f 1620/1620/1620 1684/1684/1684 1685/1685/1685
f 1620/1620/1620 1685/1685/1685 1621/1621/1621
f 1621/1621/1621 1685/1685/1685 1686/1686/1686
f 1621/1621/1621 1686/1686/1686 1622/1622/1622
f 1622/1622/1622 1686/1686/1686 1687/1687/1687
f 1622/1622/1622 1687/1687/1687 1623/1623/1623
f 1623/1623/1623 1687/1687/1687 1688/1688/1688
f 1623/1623/1623 1688/1688/1688 1624/1624/1624
f 1624/1624/1624 1688/1688/1688 1689/1689/1689
f 1624/1624/1624 1689/1689/1689 1625/1625/1625
f 1625/1625/1625 1689/1689/1689 1690/1690/1690
f 1626/1626/1626 1691/1691/1691 1627/1627/1627
f 1627/1627/1627 1691/1691/1691 1692/1692/1692
f 1627/1627/1627 1692/1692/1692 1628/1628/1628
f 1628/1628/1628 1692/1692/1692 1693/1693/1693
f 1628/1628/1628 1693/1693/1693 1629/1629/1629
f 1629/1629/1629 1693/1693/1693 1694/1694/1694
f 1629/1629/1629 1694/1694/1694 1630/1630/1630
f 1630/1630/1630 1694/1694/1694 1695/1695/1695
f 1630/1630/1630 1695/1695/1695 1631/1631/1631
f 1631/1631/1631 1695/1695/1695 1696/1696/1696
f 1631/1631/1631 1696/1696/1696 1632/1632/1632
f 1632/1632/1632 1696/1696/1696 1697/1697/1697
f 1632/1632/1632 1697/1697/1697 1633/1633/1633
f 1633/1633/1633 1697/1697/1697 1698/1698/1698
f 1633/1633/1633 1698/1698/1698 1634/1634/1634
f 1634/1634/1634 1698/1698/1698 1699/1699/1699
f 1634/1634/1634 1699/1699/1699 1635/1635/1635
f 1635/1635/1635 1699/1699/1699 1700/1700/1700
f 1635/1635/1635 1700/1700/1700 1636/1636/1636
f 1636/1636/1636 1700/1700/1700 1701/1701/1701
f 1636/1636/1636 1701/1701/1701 1637/1637/1637
f 1637/1637/1637 1701/1701/1701 1702/1702/1702
f 1637/1637/1637 1702/1702/1702 1638/1638/1638
f 1638/1638/1638 1702/1702/1702 1703/1703/1703
f 1638/1638/1638 1703/1703/1703 1639/1639/1639
f 1639/1639/1639 1703/1703/1703 1704/1704/1704
f 1639/1639/1639 1704/1704/1704 1640/1640/1640
f 1640/1640/1640 1704/1704/1704 1705/1705/1705
f 1640/1640/1640 1705/1705/1705 1641/1641/1641
f 1641/1641/1641 1705/1705/1705 1706/1706/1706
f 1641/1641/1641 1706/1706/1706 1642/1642/1642
f 1642/1642/1642 1706/1706/1706 1707/1707/1707
f 1642/1642/1642 1707/1707/1707 1643/1643/1643
f 1643/1643/1643 1707/1707/1707 1708/1708/1708
f 1643/1643/1643 1708/1708/1708 1644/1644/1644
f 1644/1644/1644 1708/1708/1708 1709/1709/1709
f 1644/1644/1644 1709/1709/1709 1645/1645/1645
f 1645/1645/1645 1709/1709/1709 1710/1710/1710
f 1645/1645/1645 1710/1710/1710 1646/1646/1646
f 1646/1646/1646 1710/1710/1710 1711/1711/1711
f 1646/1646/1646 1711/1711/1711 1647/1647/1647
f 1647/1647/1647 1711/1711/1711 1712/1712/1712
f 1647/1647/1647 1712/1712/1712 1648/1648/1648
f 1648/1648/1648 1712/1712/1712 1713/1713/1713
f 1648/1648/1648 1713/1713/1713 1649/1649/1649
f 1649/1649/1649 1713/1713/1713 1714/1714/1714
f 1649/1649/1649 1714/1714/1714 1650/1650/1650
f 1650/1650/1650 1714/1714/1714 1715/1715/1715
f 1650/1650/1650 1715/1715/1715 1651/1651/1651
f 1651/1651/1651 1715/1715/1715 1716/1716/1716
f 1651/1651/1651 1716/1716/1716 1652/1652/1652
f 1652/1652/1652 1716/1716/1716 1717/1717/1717
f 1652/1652/1652 1717/1717/1717 1653/1653/1653
f 1653/1653/1653 1717/1717/1717 1718/1718/1718
f 1653/1653/1653 1718/1718/1718 1654/1654/1654
f 1654/1654/1654 1718/1718/1718 1719/1719/1719
f 1654/1654/1654 1719/1719/1719 1655/1655/1655
f 1655/1655/1655 1719/1719/1719 1720/1720/1720
f 1655/1655/1655 1720/1720/1720 1656/1656/1656
f 1656/1656/1656 1720/1720/1720 1721/1721/1721
f 1656/1656/1656 1721/1721/1721 1657/1657/1657
f 1657/1657/1657 1721/1721/1721 1722/1722/1722
f 1657/1657/1657 1722/1722/1722 1658/1658/1658
f 1658/1658/1658 1722/1722/1722 1723/1723/1723
f 1658/1658/1658 1723/1723/1723 1659/1659/1659
f 1659/1659/1659 1723/1723/1723 1724/1724/1724
f 1659/1659/1659 1724/1724/1724 1660/1660/1660
f 1660/1660/1660 1724/1724/1724 1725/1725/1725
f 1660/1660/1660 1725/1725/1725 1661/1661/1661
f 1661/1661/1661 1725/1725/1725 1726/1726/1726
f 1661/1661/1661 1726/1726/1726 1662/1662/1662
f 1662/1662/1662 1726/1726/1726 1727/1727/1727
f 1662/1662/1662 1727/1727/1727 1663/1663/1663
f 1663/1663/1663 1727/1727/1727 1728/1728/1728
f 1663/1663/1663 1728/1728/1728 1664/1664/1664
f 1664/1664/1664 1728/1728/1728 1729/1729/1729
f 1664/1664/1664 1729/1729/1729 1665/1665/1665
f 1665/1665/1665 1729/1729/1729 1730/1730/1730
f 1665/1665/1665 1730/1730/1730 1666/1666/1666
f 1666/1666/1666 1730/1730/1730 1731/1731/1731
f 1666/1666/1666 1731/1731/1731 1667/1667/1667
f 1667/1667/1667 1731/1731/1731 1732/1732/1732
f 1667/1667/1667 1732/1732/1732 1668/1668/1668
f 1668/1668/1668 1732/1732/1732 1733/1733/1733
f 1668/1668/1668 1733/1733/1733 1669/1669/1669
f 1669/1669/1669 1733/1733/1733 1734/1734/1734
f 1669/1669/1669 1734/1734/1734 1670/1670/1670
f 1670/1670/1670 1734/1734/1734 1735/1735/1735
f 1670/1670/1670 1735/1735/1735 1671/1671/1671
f 1671/1671/1671 1735/1735/1735 1736/1736/1736
f 1671/1671/1671 1736/1736/1736 1672/1672/1672
f 1672/1672/1672 1736/1736/1736 1737/1737/1737
f 1672/1672/1672 1737/1737/1737 1673/1673/1673
f 1673/1673/1673 1737/1737/1737 1738/1738/1738
f 1673/1673/1673 1738/1738/1738 1674/1674/1674
f 1674/1674/1674 1738/1738/1738 1739/1739/1739
f 1674/1674/1674 1739/1739/1739 1675/1675/1675
f 1675/1675/1675 1739/1739/1739 1740/1740/1740
f 1675/1675/1675 1740/1740/1740 1676/1676/1676
f 1676/1676/1676 1740/1740/1740 1741/1741/1741
f 1676/1676/1676 1741/1741/1741 1677/1677/1677
f 1677/1677/1677 1741/1741/1741 1742/1742/1742
f 1677/1677/1677 1742/1742/1742 1678/1678/1678
f 1678/1678/1678 1742/1742/1742 1743/1743/1743
f 1678/1678/1678 1743/1743/1743 1679/1679/1679
f 1679/1679/1679 1743/1743/1743 1744/1744/1744
f 1679/1679/1679 1744/1744/1744 1680/1680/1680
f 1680/1680/1680 1744/1744/1744 1745/1745/1745
f 1680/1680/1680 1745/1745/1745 1681/1681/1681
f 1681/1681/1681 1745/1745/1745 1746/1746/1746
f 1681/1681/1681 1746/1746/1746 1682/1682/1682
f 1682/1682/1682 1746/1746/1746 1747/1747/1747
f 1682/1682/1682 1747/1747/1747 1683/1683/1683
f 1683/1683/1683 1747/1747/1747 1748/1748/1748
f 1683/1683/1683 1748/1748/1748 1684/1684/1684
f 1684/1684/1684 1748/1748/1748 1749/1749/1749
f 1684/1684/1684 1749/1749/1749 1685/1685/1685
f 1685/1685/1685 1749/1749/1749 1750/1750/1750
f 1685/1685/1685 1750/1750/1750 1686/1686/1686
f 1686/1686/1686 1750/1750/1750 1751/1751/1751
f 1686/1686/1686 1751/1751/1751 1687/1687/1687
f 1687/1687/1687 1751/1751/1751 1752/1752/1752
f 1687/1687/1687 1752/1752/1752 1688/1688/1688
f 1688/1688/1688 1752/1752/1752 1753/1753/1753
f 1688/1688/1688 1753/1753/1753 1689/1689/1689
f 1689/1689/1689 1753/1753/1753 1754/1754/1754
f 1689/1689/1689 1754/1754/1754 1690/1690/1690
f 1690/1690/1690 1754/1754/1754 1755/1755/1755
f 1691/1691/1691 1756/1756/1756 1692/1692/1692
f 1692/1692/1692 1756/1756/1756 1757/1757/1757
f 1692/1692/1692 1757/1757/1757 1693/1693/1693
f 1693/1693/1693 1757/1757/1757 1758/1758/1758
f 1693/1693/1693 1758/1758/1758 1694/1694/1694
f 1694/1694/1694 1758/1758/1758 1759/1759/1759
f 1694/1694/1694 1759/1759/1759 1695/1695/1695
f 1695/1695/1695 1759/1759/1759 1760/1760/1760
f 1695/1695/1695 1760/1760/1760 1696/1696/1696
f 1696/1696/1696 1760/1760/1760 1761/1761/1761
f 1696/1696/1696 1761/1761/1761 1697/1697/1697
f 1697/1697/1697 1761/1761/1761 1762/1762/1762
f 1697/1697/1697 1762/1762/1762 1698/1698/1698
f 1698/1698/1698 1762/1762/1762 1763/1763/1763
f 1698/1698/1698 1763/1763/1763 1699/1699/1699
f 1699/1699/1699 1763/1763/1763 1764/1764/1764
f 1699/1699/1699 1764/1764/1764 1700/1700/1700
f 1700/1700/1700 1764/1764/1764 1765/1765/1765
f 1700/1700/1700 1765/1765/1765 1701/1701/1701
f 1701/1701/1701 1765/1765/1765 1766/1766/1766
f 1701/1701/1701 1766/1766/1766 1702/1702/1702
f 1702/1702/1702 1766/1766/1766 1767/1767/1767
f 1702/1702/1702 1767/1767/1767 1703/1703/1703
f 1703/1703/1703 1767/1767/1767 1768/1768/1768
f 1703/1703/1703 1768/1768/1768 1704/1704/1704
f 1704/1704/1704 1768/1768/1768 1769/1769/1769
f 1704/1704/1704 1769/1769/1769 1705/1705/1705
f 1705/1705/1705 1769/1769/1769 1770/1770/1770
f 1705/1705/1705 1770/1770/1770 1706/1706/1706
f 1706/1706/1706 1770/1770/1770 1771/1771/1771
f 1706/1706/1706 1771/1771/1771 1707/1707/1707
f 1707/1707/1707 1771/1771/1771 1772/1772/1772
f 1707/1707/1707 1772/1772/1772 1708/1708/1708
f 1708/1708/1708 1772/1772/1772 1773/1773/1773
f 1708/1708/1708 1773/1773/1773 1709/1709/1709
f 1709/1709/1709 1773/1773/1773 1774/1774/1774
f 1709/1709/1709 1774/1774/1774 1710/1710/1710
f 1710/1710/1710 1774/1774/1774 1775/1775/1775
f 1710/1710/1710 1775/1775/1775 1711/1711/1711
f 1711/1711/1711 1775/1775/1775 1776/1776/1776
f 1711/1711/1711 1776/1776/1776 1712/1712/1712
f 1712/1712/1712 1776/1776/1776 1777/1777/1777
f 1712/1712/1712 1777/1777/1777 1713/1713/1713
f 1713/1713/1713 1777/1777/1777 1778/1778/1778
f 1713/1713/1713 1778/1778/1778 1714/1714/1714
f 1714/1714/1714 1778/1778/1778 1779/1779/1779
f 1714/1714/1714 1779/1779/1779 1715/1715/1715
f 1715/1715/1715 1779/1779/1779 1780/1780/1780
f 1715/1715/1715 1780/1780/1780 1716/1716/1716
f 1716/1716/1716 1780/1780/1780 1781/1781/1781
f 1716/1716/1716 1781/1781/1781 1717/1717/1717
f 1717/1717/1717 1781/1781/1781 1782/1782/1782
f 1717/1717/1717 1782/1782/1782 1718/1718/1718
f 1718/1718/1718 1782/1782/1782 1783/1783/1783
f 1718/1718/1718 1783/1783/1783 1719/1719/1719
f 1719/1719/1719 1783/1783/1783 1784/1784/1784
f 1719/1719/1719 1784/1784/1784 1720/1720/1720
f 1720/1720/1720 1784/1784/1784 1785/1785/1785
f 1720/1720/1720 1785/1785/1785 1721/1721/1721
f 1721/1721/1721 1785/1785/1785 1786/1786/1786
f 1721/1721/1721 1786/1786/1786 1722/1722/1722
f 1722/1722/1722 1786/1786/1786 1787/1787/1787
f 1722/1722/1722 1787/1787/1787 1723/1723/1723
f 1723/1723/1723 1787/1787/1787 1788/1788/1788
f 1723/1723/1723 1788/1788/1788 1724/1724/1724
f 1724/1724/1724 1788/1788/1788 1789/1789/1789
f 1724/1724/1724 1789/1789/1789 1725/1725/1725
f 1725/1725/1725 1789/1789/1789 1790/1790/1790
f 1725/1725/1725 1790/1790/1790 1726/1726/1726
f 1726/1726/1726 1790/1790/1790 1791/1791/1791
f 1726/1726/1726 1791/1791/1791 1727/1727/1727
f 1727/1727/1727 1791/1791/1791 1792/1792/1792
f 1727/1727/1727 1792/1792/1792 1728/1728/1728
f 1728/1728/1728 1792/1792/1792 1793/1793/1793
f 1728/1728/1728 1793/1793/1793 1729/1729/1729
f 1729/1729/1729 1793/1793/1793 1794/1794/1794
f 1729/1729/1729 1794/1794/1794 1730/1730/1730
f 1730/1730/1730 1794/1794/1794 1795/1795/1795
f 1730/1730/1730 1795/1795/1795 1731/1731/1731
f 1731/1731/1731 1795/1795/1795 1796/1796/1796
f 1731/1731/1731 1796/1796/1796 1732/1732/1732
f 1732/1732/1732 1796/1796/1796 1797/1797/1797
f 1732/1732/1732 1797/1797/1797 1733/1733/1733
f 1733/1733/1733 1797/1797/1797 1798/1798/1798
f 1733/1733/1733 1798/1798/1798 1734/1734/1734
f 1734/1734/1734 1798/1798/1798 1799/1799/1799
f 1734/1734/1734 1799/1799/1799 1735/1735/1735
f 1735/1735/1735 1799/1799/1799 1800/1800/1800
f 1735/1735/1735 1800/1800/1800 1736/1736/1736
f 1736/1736/1736 1800/1800/1800 1801/1801/1801
f 1736/1736/1736 1801/1801/1801 1737/1737/1737
f 1737/1737/1737 1801/1801/1801 1802/1802/1802
f 1737/1737/1737 1802/1802/1802 1738/1738/1738
f 1738/1738/1738 1802/1802/1802 1803/1803/1803
f 1738/1738/1738 1803/1803/1803 1739/1739/1739
f 1739/1739/1739 1803/1803/1803 1804/1804/1804
f 1739/1739/1739 1804/1804/1804 1740/1740/1740
f 1740/1740/1740 1804/1804/1804 1805/1805/1805
f 1740/1740/1740 1805/1805/1805 1741/1741/1741
f 1741/1741/1741 1805/1805/1805 1806/1806/1806
f 1741/1741/1741 1806/1806/1806 1742/1742/1742
f 1742/1742/1742 1806/1806/1806 1807/1807/1807
f 1742/1742/1742 1807/1807/1807 1743/1743/1743
f 1743/1743/1743 1807/1807/1807 1808/1808/1808
f 1743/1743/1743 1808/1808/1808 1744/1744/1744
f 1744/1744/1744 1808/1808/1808 1809/1809/1809
f 1744/1744/1744 1809/1809/1809 1745/1745/1745
f 1745/1745/1745 1809/1809/1809 1810/1810/1810
f 1745/1745/1745 1810/1810/1810 1746/1746/1746
f 1746/1746/1746 1810/1810/1810 1811/1811/1811
f 1746/1746/1746 1811/1811/1811 1747/1747/1747
f 1747/1747/1747 1811/1811/1811 1812/1812/1812
f 1747/1747/1747 1812/1812/1812 1748/1748/1748
f 1748/1748/1748 1812/1812/1812 1813/1813/1813
f 1748/1748/1748 1813/1813/1813 1749/1749/1749
f 1749/1749/1749 1813/1813/1813 1814/1814/1814
f 1749/1749/1749 1814/1814/1814 1750/1750/1750
f 1750/1750/1750 1814/1814/1814 1815/1815/1815
f 1750/1750/1750 1815/1815/1815 1751/1751/1751
f 1751/1751/1751 1815/1815/1815 1816/1816/1816
f 1751/1751/1751 1816/1816/1816 1752/1752/1752
f 1752/1752/1752 1816/1816/1816 1817/1817/1817
f 1752/1752/1752 1817/1817/1817 1753/1753/1753
f 1753/1753/1753 1817/1817/1817 1818/1818/1818
f 1753/1753/1753 1818/1818/1818 1754/1754/1754
f 1754/1754/1754 1818/1818/1818 1819/1819/1819
f 1754/1754/1754 1819/1819/1819 1755/1755/1755
f 1755/1755/1755 1819/1819/1819 1820/1820/1820
f 1756/1756/1756 1821/1821/1821 1757/1757/1757
f 1757/1757/1757 1821/1821/1821 1822/1822/1822
f 1757/1757/1757 1822/1822/1822 1758/1758/1758
f 1758/1758/1758 1822/1822/1822 1823/1823/1823
f 1758/1758/1758 1823/1823/1823 1759/1759/1759
f 1759/1759/1759 1823/1823/1823 1824/1824/1824
f 1759/1759/1759 1824/1824/1824 1760/1760/1760
f 1760/1760/1760 1824/1824/1824 1825/1825/1825
f 1760/1760/1760 1825/1825/1825 1761/1761/1761
f 1761/1761/1761 1825/1825/1825 1826/1826/1826
f 1761/1761/1761 1826/1826/1826 1762/1762/1762
f 1762/1762/1762 1826/1826/1826 1827/1827/1827
f 1762/1762/1762 1827/1827/1827 1763/1763/1763
f 1763/1763/1763 1827/1827/1827 1828/1828/1828
f 1763/1763/1763 1828/1828/1828 1764/1764/1764
f 1764/1764/1764 1828/1828/1828 1829/1829/1829
f 1764/1764/1764 1829/1829/1829 1765/1765/1765
f 1765/1765/1765 1829/1829/1829 1830/1830/1830
f 1765/1765/1765 1830/1830/1830 1766/1766/1766
f 1766/1766/1766 1830/1830/1830 1831/1831/1831
f 1766/1766/1766 1831/1831/1831 1767/1767/1767
f 1767/1767/1767 1831/1831/1831 1832/1832/1832
f 1767/1767/1767 1832/1832/1832 1768/1768/1768
f 1768/1768/1768 1832/1832/1832 1833/1833/1833
f 1768/1768/1768 1833/1833/1833 1769/1769/1769
f 1769/1769/1769 1833/1833/1833 1834/1834/1834
f 1769/1769/1769 1834/1834/1834 1770/1770/1770
f 1770/1770/1770 1834/1834/1834 1835/1835/1835
f 1770/1770/1770 1835/1835/1835 1771/1771/1771
f 1771/1771/1771 1835/1835/1835 1836/1836/1836
f 1771/1771/1771 1836/1836/1836 1772/1772/1772
f 1772/1772/1772 1836/1836/1836 1837/1837/1837
f 1772/1772/1772 1837/1837/1837 1773/1773/1773
f 1773/1773/1773 1837/1837/1837 1838/1838/1838
f 1773/1773/1773 1838/1838/1838 1774/1774/1774
f 1774/1774/1774 1838/1838/1838 1839/1839/1839
f 1774/1774/1774 1839/1839/1839 1775/1775/1775
f 1775/1775/1775 1839/1839/1839 1840/1840/1840
f 1775/1775/1775 1840/1840/1840 1776/1776/1776
f 1776/1776/1776 1840/1840/1840 1841/1841/1841
f 1776/1776/1776 1841/1841/1841 1777/1777/1777
f 1777/1777/1777 1841/1841/1841 1842/1842/1842
f 1777/1777/1777 1842/1842/1842 1778/1778/1778
f 1778/1778/1778 1842/1842/1842 1843/1843/1843
f 1778/1778/1778 1843/1843/1843 1779/1779/1779
f 1779/1779/1779 1843/1843/1843 1844/1844/1844
f 1779/1779/1779 1844/1844/1844 1780/1780/1780
f 1780/1780/1780 1844/1844/1844 1845/1845/1845
f 1780/1780/1780 1845/1845/1845 1781/1781/1781
f 1781/1781/1781 1845/1845/1845 1846/1846/1846
f 1781/1781/1781 1846/1846/1846 1782/1782/1782
f 1782/1782/1782 1846/1846/1846 1847/1847/1847
f 1782/1782/1782 1847/1847/1847 1783/1783/1783
f 1783/1783/1783 1847/1847/1847 1848/1848/1848
f 1783/1783/1783 1848/1848/1848 1784/1784/1784
f 1784/1784/1784 1848/1848/1848 1849/1849/1849
f 1784/1784/1784 1849/1849/1849 1785/1785/1785
f 1785/1785/1785 1849/1849/1849 1850/1850/1850
f 1785/1785/1785 1850/1850/1850 1786/1786/1786
f 1786/1786/1786 1850/1850/1850 1851/1851/1851
f 1786/1786/1786 1851/1851/1851 1787/1787/1787
f 1787/1787/1787 1851/1851/1851 1852/1852/1852
f 1787/1787/1787 1852/1852/1852 1788/1788/1788
f 1788/1788/1788 1852/1852/1852 1853/1853/1853
f 1788/1788/1788 1853/1853/1853 1789/1789/1789
f 1789/1789/1789 1853/1853/1853 1854/1854/1854
f 1789/1789/1789 1854/1854/1854 1790/1790/1790
f 1790/1790/1790 1854/1854/1854 1855/1855/1855
f 1790/1790/1790 1855/1855/1855 1791/1791/1791
f 1791/1791/1791 1855/1855/1855 1856/1856/1856
f 1791/1791/1791 1856/1856/1856 1792/1792/1792
f 1792/1792/1792 1856/1856/1856 1857/1857/1857
f 1792/1792/1792 1857/1857/1857 1793/1793/1793
f 1793/1793/1793 1857/1857/1857 1858/1858/1858
f 1793/1793/1793 1858/1858/1858 1794/1794/1794
f 1794/1794/1794 1858/1858/1858 1859/1859/1859
f 1794/1794/1794 1859/1859/1859 1795/1795/1795
f 1795/1795/1795 1859/1859/1859 1860/1860/1860
f 1795/1795/1795 1860/1860/1860 1796/1796/1796
f 1796/1796/1796 1860/1860/1860 1861/1861/1861
f 1796/1796/1796 1861/1861/1861 1797/1797/1797
f 1797/1797/1797 1861/1861/1861 1862/1862/1862
f 1797/1797/1797 1862/1862/1862 1798/1798/1798
f 1798/1798/1798 1862/1862/1862 1863/1863/1863
f 1798/1798/1798 1863/1863/1863 1799/1799/1799
f 1799/1799/1799 1863/1863/1863 1864/1864/1864
f 1799/1799/1799 1864/1864/1864 1800/1800/1800
f 1800/1800/1800 1864/1864/1864 1865/1865/1865
f 1800/1800/1800 1865/1865/1865 1801/1801/1801
f 1801/1801/1801 1865/1865/1865 1866/1866/1866
f 1801/1801/1801 1866/1866/1866 1802/1802/1802
f 1802/1802/1802 1866/1866/1866 1867/1867/1867
f 1802/1802/1802 1867/1867/1867 1803/1803/1803
f 1803/1803/1803 1867/1867/1867 1868/1868/1868
f 1803/1803/1803 1868/1868/1868 1804/1804/1804
f 1804/1804/1804 1868/1868/1868 1869/1869/1869
f 1804/1804/1804 1869/1869/1869 1805/1805/1805
f 1805/1805/1805 1869/1869/1869 1870/1870/1870
f 1805/1805/1805 1870/1870/1870 1806/1806/1806
f 1806/1806/1806 1870/1870/1870 1871/1871/1871
f 1806/1806/1806 1871/1871/1871 1807/1807/1807
f 1807/1807/1807 1871/1871/1871 1872/1872/1872
f 1807/1807/1807 1872/1872/1872 1808/1808/1808
f 1808/1808/1808 1872/1872/1872 1873/1873/1873
f 1808/1808/1808 1873/1873/1873 1809/1809/1809
f 1809/1809/1809 1873/1873/1873 1874/1874/1874
f 1809/1809/1809 1874/1874/1874 1810/1810/1810
f 1810/1810/1810 1874/1874/1874 1875/1875/1875
f 1810/1810/1810 1875/1875/1875 1811/1811/1811
f 1811/1811/1811 1875/1875/1875 1876/1876/1876
f 1811/1811/1811 1876/1876/1876 1812/1812/1812
f 1812/1812/1812 1876/1876/1876 1877/1877/1877
f 1812/1812/1812 1877/1877/1877 1813/1813/1813
f 1813/1813/1813 1877/1877/1877 1878/1878/1878
f 1813/1813/1813 1878/1878/1878 1814/1814/1814
f 1814/1814/1814 1878/1878/1878 1879/1879/1879
f 1814/1814/1814 1879/1879/1879 1815/1815/1815
f 1815/1815/1815 1879/1879/1879 1880/1880/1880
f 1815/1815/1815 1880/1880/1880 1816/1816/1816
f 1816/1816/1816 1880/1880/1880 1881/1881/1881
f 1816/1816/1816 1881/1881/1881 1817/1817/1817
f 1817/1817/1817 1881/1881/1881 1882/1882/1882
f 1817/1817/1817 1882/1882/1882 1818/1818/1818
f 1818/1818/1818 1882/1882/1882 1883/1883/1883
f 1818/1818/1818 1883/1883/1883 1819/1819/1819
f 1819/1819/1819 1883/1883/1883 1884/1884/1884
f 1819/1819/1819 1884/1884/1884 1820/1820/1820
f 1820/1820/1820 1884/1884/1884 1885/1885/1885
f 1821/1821/1821 1886/1886/1886 1822/1822/1822
f 1822/1822/1822 1886/1886/1886 1887/1887/1887
f 1822/1822/1822 1887/1887/1887 1823/1823/1823
f 1823/1823/1823 1887/1887/1887 1888/1888/1888
f 1823/1823/1823 1888/1888/1888 1824/1824/1824
f 1824/1824/1824 1888/1888/1888 1889/1889/1889
f 1824/1824/1824 1889/1889/1889 1825/1825/1825
f 1825/1825/1825 1889/1889/1889 1890/1890/1890
f 1825/1825/1825 1890/1890/1890 1826/1826/1826
f 1826/1826/1826 1890/1890/1890 1891/1891/1891
f 1826/1826/1826 1891/1891/1891 1827/1827/1827
f 1827/1827/1827 1891/1891/1891 1892/1892/1892
f 1827/1827/1827 1892/1892/1892 1828/1828/1828
f 1828/1828/1828 1892/1892/1892 1893/1893/1893
f 1828/1828/1828 1893/1893/1893 1829/1829/1829
f 1829/1829/1829 1893/1893/1893 1894/1894/1894
f 1829/1829/1829 1894/1894/1894 1830/1830/1830
f 1830/1830/1830 1894/1894/1894 1895/1895/1895
f 1830/1830/1830 1895/1895/1895 1831/1831/1831
f 1831/1831/1831 1895/1895/1895 1896/1896/1896
f 1831/1831/1831 1896/1896/1896 1832/1832/1832
f 1832/1832/1832 1896/1896/1896 1897/1897/1897
f 1832/1832/1832 1897/1897/1897 1833/1833/1833
f 1833/1833/1833 1897/1897/1897 1898/1898/1898
f 1833/1833/1833 1898/1898/1898 1834/1834/1834
f 1834/1834/1834 1898/1898/1898 1899/1899/1899
f 1834/1834/1834 1899/1899/1899 1835/1835/1835
f 1835/1835/1835 1899/1899/1899 1900/1900/1900
f 1835/1835/1835 1900/1900/1900 1836/1836/1836
f 1836/1836/1836 1900/1900/1900 1901/1901/1901
f 1836/1836/1836 1901/1901/1901 1837/1837/1837
f 1837/1837/1837 1901/1901/1901 1902/1902/1902
f 1837/1837/1837 1902/1902/1902 1838/1838/1838
f 1838/1838/1838 1902/1902/1902 1903/1903/1903
f 1838/1838/1838 1903/1903/1903 1839/1839/1839
f 1839/1839/1839 1903/1903/1903 1904/1904/1904
f 1839/1839/1839 1904/1904/1904 1840/1840/1840
f 1840/1840/1840 1904/1904/1904 1905/1905/1905
f 1840/1840/1840 1905/1905/1905 1841/1841/1841
f 1841/1841/1841 1905/1905/1905 1906/1906/1906
f 1841/1841/1841 1906/1906/1906 1842/1842/1842
f 1842/1842/1842 1906/1906/1906 1907/1907/1907
f 1842/1842/1842 1907/1907/1907 1843/1843/1843
f 1843/1843/1843 1907/1907/1907 1908/1908/1908
f 1843/1843/1843 1908/1908/1908 1844/1844/1844
f 1844/1844/1844 1908/1908/1908 1909/1909/1909
f 1844/1844/1844 1909/1909/1909 1845/1845/1845
f 1845/1845/1845 1909/1909/1909 1910/1910/1910
f 1845/1845/1845 1910/1910/1910 1846/1846/1846
f 1846/1846/1846 1910/1910/1910 1911/1911/1911
f 1846/1846/1846 1911/1911/1911 1847/1847/1847
f 1847/1847/1847 1911/1911/1911 1912/1912/1912
f 1847/1847/1847 1912/1912/1912 1848/1848/1848
f 1848/1848/1848 1912/1912/1912 1913/1913/1913
f 1848/1848/1848 1913/1913/1913 1849/1849/1849
f 1849/1849/1849 1913/1913/1913 1914/1914/1914
f 1849/1849/1849 1914/1914/1914 1850/1850/1850
f 1850/1850/1850 1914/1914/1914 1915/1915/1915
f 1850/1850/1850 1915/1915/1915 1851/1851/1851
f 1851/1851/1851 1915/1915/1915 1916/1916/1916
f 1851/1851/1851 1916/1916/1916 1852/1852/1852
f 1852/1852/1852 1916/1916/1916 1917/1917/1917
f 1852/1852/1852 1917/1917/1917 1853/1853/1853
f 1853/1853/1853 1917/1917/1917 1918/1918/1918
f 1853/1853/1853 1918/1918/1918 1854/1854/1854
f 1854/1854/1854 1918/1918/1918 1919/1919/1919
f 1854/1854/1854 1919/1919/1919 1855/1855/1855
f 1855/1855/1855 1919/1919/1919 1920/1920/1920
f 1855/1855/1855 1920/1920/1920 1856/1856/1856
f 1856/1856/1856 1920/1920/1920 1921/1921/1921
f 1856/1856/1856 1921/1921/1921 1857/1857/1857
f 1857/1857/1857 1921/1921/1921 1922/1922/1922
f 1857/1857/1857 1922/1922/1922 1858/1858/1858
f 1858/1858/1858 1922/1922/1922 1923/1923/1923
f 1858/1858/1858 1923/1923/1923 1859/1859/1859
f 1859/1859/1859 1923/1923/1923 1924/1924/1924
f 1859/1859/1859 1924/1924/1924 1860/1860/1860
f 1860/1860/1860 1924/1924/1924 1925/1925/1925
f 1860/1860/1860 1925/1925/1925 1861/1861/1861
f 1861/1861/1861 1925/1925/1925 1926/1926/1926
f 1861/1861/1861 1926/1926/1926 1862/1862/1862
f 1862/1862/1862 1926/1926/1926 1927/1927/1927
f 1862/1862/1862 1927/1927/1927 1863/1863/1863
f 1863/1863/1863 1927/1927/1927 1928/1928/1928
f 1863/1863/1863 1928/1928/1928 1864/1864/1864
f 1864/1864/1864 1928/1928/1928 1929/1929/1929
f 1864/1864/1864 1929/1929/1929 1865/1865/1865
f 1865/1865/1865 1929/1929/1929 1930/1930/1930
f 1865/1865/1865 1930/1930/1930 1866/1866/1866
f 1866/1866/1866 1930/1930/1930 1931/1931/1931
f 1866/1866/1866 1931/1931/1931 1867/1867/1867
f 1867/1867/1867 1931/1931/1931 1932/1932/1932
f 1867/1867/1867 1932/1932/1932 1868/1868/1868
f 1868/1868/1868 1932/1932/1932 1933/1933/1933
f 1868/1868/1868 1933/1933/1933 1869/1869/1869
f 1869/1869/1869 1933/1933/1933 1934/1934/1934
f 1869/1869/1869 1934/1934/1934 1870/1870/1870
f 1870/1870/1870 1934/1934/1934 1935/1935/1935
f 1870/1870/1870 1935/1935/1935 1871/1871/1871
f 1871/1871/1871 1935/1935/1935 1936/1936/1936
f 1871/1871/1871 1936/1936/1936 1872/1872/1872
f 1872/1872/1872 1936/1936/1936 1937/1937/1937
f 1872/1872/1872 1937/1937/1937 1873/1873/1873
f 1873/1873/1873 1937/1937/1937 1938/1938/1938
f 1873/1873/1873 1938/1938/1938 1874/1874/1874
f 1874/1874/1874 1938/1938/1938 1939/1939/1939
f 1874/1874/1874 1939/1939/1939 1875/1875/1875
f 1875/1875/1875 1939/1939/1939 1940/1940/1940
f 1875/1875/1875 1940/1940/1940 1876/1876/1876
f 1876/1876/1876 1940/1940/1940 1941/1941/1941
f 1876/1876/1876 1941/1941/1941 1877/1877/1877
f 1877/1877/1877 1941/1941/1941 1942/1942/1942
f 1877/1877/1877 1942/1942/1942 1878/1878/1878
f 1878/1878/1878 1942/1942/1942 1943/1943/1943
f 1878/1878/1878 1943/1943/1943 1879/1879/1879
f 1879/1879/1879 1943/1943/1943 1944/1944/1944
f 1879/1879/1879 1944/1944/1944 1880/1880/1880
f 1880/1880/1880 1944/1944/1944 1945/1945/1945
f 1880/1880/1880 1945/1945/1945 1881/1881/1881
f 1881/1881/1881 1945/1945/1945 1946/1946/1946
f 1881/1881/1881 1946/1946/1946 1882/1882/1882
f 1882/1882/1882 1946/1946/1946 1947/1947/1947
f 1882/1882/1882 1947/1947/1947 1883/1883/1883
f 1883/1883/1883 1947/1947/1947 1948/1948/1948
f 1883/1883/1883 1948/1948/1948 1884/1884/1884
f 1884/1884/1884 1948/1948/1948 1949/1949/1949
f 1884/1884/1884 1949/1949/1949 1885/1885/1885
f 1885/1885/1885 1949/1949/1949 1950/1950/1950
f 1886/1886/1886 1951/1951/1951 1887/1887/1887
f 1887/1887/1887 1951/1951/1951 1952/1952/1952
f 1887/1887/1887 1952/1952/1952 1888/1888/1888
f 1888/1888/1888 1952/1952/1952 1953/1953/1953
f 1888/1888/1888 1953/1953/1953 1889/1889/1889
f 1889/1889/1889 1953/1953/1953 1954/1954/1954
f 1889/1889/1889 1954/1954/1954 1890/1890/1890
f 1890/1890/1890 1954/1954/1954 1955/1955/1955
f 1890/1890/1890 1955/1955/1955 1891/1891/1891
f 1891/1891/1891 1955/1955/1955 1956/1956/1956
f 1891/1891/1891 1956/1956/1956 1892/1892/1892
f 1892/1892/1892 1956/1956/1956 1957/1957/1957
f 1892/1892/1892 1957/1957/1957 1893/1893/1893
f 1893/1893/1893 1957/1957/1957 1958/1958/1958
f 1893/1893/1893 1958/1958/1958 1894/1894/1894
f 1894/1894/1894 1958/1958/1958 1959/1959/1959
f 1894/1894/1894 1959/1959/1959 1895/1895/1895
f 1895/1895/1895 1959/1959/1959 1960/1960/1960
f 1895/1895/1895 1960/1960/1960 1896/1896/1896
f 1896/1896/1896 1960/1960/1960 1961/1961/1961
f 1896/1896/1896 1961/1961/1961 1897/1897/1897
f 1897/1897/1897 1961/1961/1961 1962/1962/1962
f 1897/1897/1897 1962/1962/1962 1898/1898/1898
f 1898/1898/1898 1962/1962/1962 1963/1963/1963
f 1898/1898/1898 1963/1963/1963 1899/1899/1899
f 1899/1899/1899 1963/1963/1963 1964/1964/1964
f 1899/1899/1899 1964/1964/1964 1900/1900/1900
f 1900/1900/1900 1964/1964/1964 1965/1965/1965
f 1900/1900/1900 1965/1965/1965 1901/1901/1901
f 1901/1901/1901 1965/1965/1965 1966/1966/1966
f 1901/1901/1901 1966/1966/1966 1902/1902/1902
f 1902/1902/1902 1966/1966/1966 1967/1967/1967
f 1902/1902/1902 1967/1967/1967 1903/1903/1903
f 1903/1903/1903 1967/1967/1967 1968/1968/1968
f 1903/1903/1903 1968/1968/1968 1904/1904/1904
f 1904/1904/1904 1968/1968/1968 1969/1969/1969
f 1904/1904/1904 1969/1969/1969 1905/1905/1905
f 1905/1905/1905 1969/1969/1969 1970/1970/1970
f 1905/1905/1905 1970/1970/1970 1906/1906/1906
f 1906/1906/1906 1970/1970/1970 1971/1971/1971
f 1906/1906/1906 1971/1971/1971 1907/1907/1907
f 1907/1907/1907 1971/1971/1971 1972/1972/1972
f 1907/1907/1907 1972/1972/1972 1908/1908/1908
f 1908/1908/1908 1972/1972/1972 1973/1973/1973
f 1908/1908/1908 1973/1973/1973 1909/1909/1909
f 1909/1909/1909 1973/1973/1973 1974/1974/1974
f 1909/1909/1909 1974/1974/1974 1910/1910/1910
f 1910/1910/1910 1974/1974/1974 1975/1975/1975
f 1910/1910/1910 1975/1975/1975 1911/1911/1911
f 1911/1911/1911 1975/1975/1975 1976/1976/1976
f 1911/1911/1911 1976/1976/1976 1912/1912/1912
f 1912/1912/1912 1976/1976/1976 1977/1977/1977
f 1912/1912/1912 1977/1977/1977 1913/1913/1913
f 1913/1913/1913 1977/1977/1977 1978/1978/1978
f 1913/1913/1913 1978/1978/1978 1914/1914/1914
f 1914/1914/1914 1978/1978/1978 1979/1979/1979
f 1914/1914/1914 1979/1979/1979 1915/1915/1915
f 1915/1915/1915 1979/1979/1979 1980/1980/1980
f 1915/1915/1915 1980/1980/1980 1916/1916/1916
f 1916/1916/1916 1980/1980/1980 1981/1981/1981
f 1916/1916/1916 1981/1981/1981 1917/1917/1917
f 1917/1917/1917 1981/1981/1981 1982/1982/1982
f 1917/1917/1917 1982/1982/1982 1918/1918/1918
f 1918/1918/1918 1982/1982/1982 1983/1983/1983
f 1918/1918/1918 1983/1983/1983 1919/1919/1919
f 1919/1919/1919 1983/1983/1983 1984/1984/1984
f 1919/1919/1919 1984/1984/1984 1920/1920/1920
f 1920/1920/1920 1984/1984/1984 1985/1985/1985
f 1920/1920/1920 1985/1985/1985 1921/1921/1921
f 1921/1921/1921 1985/1985/1985 1986/1986/1986
f 1921/1921/1921 1986/1986/1986 1922/1922/1922
f 1922/1922/1922 1986/1986/1986 1987/1987/1987
f 1922/1922/1922 1987/1987/1987 1923/1923/1923
f 1923/1923/1923 1987/1987/1987 1988/1988/1988
f 1923/1923/1923 1988/1988/1988 1924/1924/1924
f 1924/1924/1924 1988/1988/1988 1989/1989/1989
f 1924/1924/1924 1989/1989/1989 1925/1925/1925
f 1925/1925/1925 1989/1989/1989 1990/1990/1990
f 1925/1925/1925 1990/1990/1990 1926/1926/1926
f 1926/1926/1926 1990/1990/1990 1991/1991/1991
f 1926/1926/1926 1991/1991/1991 1927/1927/1927
f 1927/1927/1927 1991/1991/1991 1992/1992/1992
f 1927/1927/1927 1992/1992/1992 1928/1928/1928
f 1928/1928/1928 1992/1992/1992 1993/1993/1993
f 1928/1928/1928 1993/1993/1993 1929/1929/1929
f 1929/1929/1929 1993/1993/1993 1994/1994/1994
f 1929/1929/1929 1994/1994/1994 1930/1930/1930
f 1930/1930/1930 1994/1994/1994 1995/1995/1995
f 1930/1930/1930 1995/1995/1995 1931/1931/1931
f 1931/1931/1931 1995/1995/1995 1996/1996/1996
f 1931/1931/1931 1996/1996/1996 1932/1932/1932
f 1932/1932/1932 1996/1996/1996 1997/1997/1997
f 1932/1932/1932 1997/1997/1997 1933/1933/1933
f 1933/1933/1933 1997/1997/1997 1998/1998/1998
f 1933/1933/1933 1998/1998/1998 1934/1934/1934
f 1934/1934/1934 1998/1998/1998 1999/1999/1999
f 1934/1934/1934 1999/1999/1999 1935/1935/1935
f 1935/1935/1935 1999/1999/1999 2000/2000/2000
f 1935/1935/1935 2000/2000/2000 1936/1936/1936
f 1936/1936/1936 2000/2000/2000 2001/2001/2001
f 1936/1936/1936 2001/2001/2001 1937/1937/1937
f 1937/1937/1937 2001/2001/2001 2002/2002/2002
f 1937/1937/1937 2002/2002/2002 1938/1938/1938
f 1938/1938/1938 2002/2002/2002 2003/2003/2003
f 1938/1938/1938 2003/2003/2003 1939/1939/1939
f 1939/1939/1939 2003/2003/2003 2004/2004/2004
f 1939/1939/1939 2004/2004/2004 1940/1940/1940
f 1940/1940/1940 2004/2004/2004 2005/2005/2005
f 1940/1940/1940 2005/2005/2005 1941/1941/1941
f 1941/1941/1941 2005/2005/2005 2006/2006/2006
f 1941/1941/1941 2006/2006/2006 1942/1942/1942
f 1942/1942/1942 2006/2006/2006 2007/2007/2007
f 1942/1942/1942 2007/2007/2007 1943/1943/1943
f 1943/1943/1943 2007/2007/2007 2008/2008/2008
f 1943/1943/1943 2008/2008/2008 1944/1944/1944
f 1944/1944/1944 2008/2008/2008 2009/2009/2009
f 1944/1944/1944 2009/2009/2009 1945/1945/1945
f 1945/1945/1945 2009/2009/2009 2010/2010/2010
f 1945/1945/1945 2010/2010/2010 1946/1946/1946
f 1946/1946/1946 2010/2010/2010 2011/2011/2011
f 1946/1946/1946 2011/2011/2011 1947/1947/1947
f 1947/1947/1947 2011/2011/2011 2012/2012/2012
f 1947/1947/1947 2012/2012/2012 1948/1948/1948
f 1948/1948/1948 2012/2012/2012 2013/2013/2013
f 1948/1948/1948 2013/2013/2013 1949/1949/1949
f 1949/1949/1949 2013/2013/2013 2014/2014/2014
f 1949/1949/1949 2014/2014/2014 1950/1950/1950
f 1950/1950/1950 2014/2014/2014 2015/2015/2015
f 1951/1951/1951 2016/2016/2016 1952/1952/1952
f 1952/1952/1952 2016/2016/2016 2017/2017/2017
f 1952/1952/1952 2017/2017/2017 1953/1953/1953
f 1953/1953/1953 2017/2017/2017 2018/2018/2018
f 1953/1953/1953 2018/2018/2018 1954/1954/1954
f 1954/1954/1954 2018/2018/2018 2019/2019/2019
f 1954/1954/1954 2019/2019/2019 1955/1955/1955
f 1955/1955/1955 2019/2019/2019 2020/2020/2020
f 1955/1955/1955 2020/2020/2020 1956/1956/1956
f 1956/1956/1956 2020/2020/2020 2021/2021/2021
f 1956/1956/1956 2021/2021/2021 1957/1957/1957
f 1957/1957/1957 2021/2021/2021 2022/2022/2022
f 1957/1957/1957 2022/2022/2022 1958/1958/1958
f 1958/1958/1958 2022/2022/2022 2023/2023/2023
f 1958/1958/1958 2023/2023/2023 1959/1959/1959
f 1959/1959/1959 2023/2023/2023 2024/2024/2024
f 1959/1959/1959 2024/2024/2024 1960/1960/1960
f 1960/1960/1960 2024/2024/2024 2025/2025/2025
f 1960/1960/1960 2025/2025/2025 1961/1961/1961
f 1961/1961/1961 2025/2025/2025 2026/2026/2026
f 1961/1961/1961 2026/2026/2026 1962/1962/1962
f 1962/1962/1962 2026/2026/2026 2027/2027/2027
f 1962/1962/1962 2027/2027/2027 1963/1963/1963
f 1963/1963/1963 2027/2027/2027 2028/2028/2028
f 1963/1963/1963 2028/2028/2028 1964/1964/1964
f 1964/1964/1964 2028/2028/2028 2029/2029/2029
f 1964/1964/1964 2029/2029/2029 1965/1965/1965
f 1965/1965/1965 2029/2029/2029 2030/2030/2030
f 1965/1965/1965 2030/2030/2030 1966/1966/1966
f 1966/1966/1966 2030/2030/2030 2031/2031/2031
f 1966/1966/1966 2031/2031/2031 1967/1967/1967
f 1967/1967/1967 2031/2031/2031 2032/2032/2032
f 1967/1967/1967 2032/2032/2032 1968/1968/1968
f 1968/1968/1968 2032/2032/2032 2033/2033/2033
f 1968/1968/1968 2033/2033/2033 1969/1969/1969
f 1969/1969/1969 2033/2033/2033 2034/2034/2034
f 1969/1969/1969 2034/2034/2034 1970/1970/1970
f 1970/1970/1970 2034/2034/2034 2035/2035/2035
f 1970/1970/1970 2035/2035/2035 1971/1971/1971
f 1971/1971/1971 2035/2035/2035 2036/2036/2036
f 1971/1971/1971 2036/2036/2036 1972/1972/1972
f 1972/1972/1972 2036/2036/2036 2037/2037/2037
f 1972/1972/1972 2037/2037/2037 1973/1973/1973
f 1973/1973/1973 2037/2037/2037 2038/2038/2038
f 1973/1973/1973 2038/2038/2038 1974/1974/1974
f 1974/1974/1974 2038/2038/2038 2039/2039/2039
f 1974/1974/1974 2039/2039/2039 1975/1975/1975
f 1975/1975/1975 2039/2039/2039 2040/2040/2040
f 1975/1975/1975 2040/2040/2040 1976/1976/1976
f 1976/1976/1976 2040/2040/2040 2041/2041/2041
f 1976/1976/1976 2041/2041/2041 1977/1977/1977
f 1977/1977/1977 2041/2041/2041 2042/2042/2042
f 1977/1977/1977 2042/2042/2042 1978/1978/1978
f 1978/1978/1978 2042/2042/2042 2043/2043/2043
f 1978/1978/1978 2043/2043/2043 1979/1979/1979
f 1979/1979/1979 2043/2043/2043 2044/2044/2044
f 1979/1979/1979 2044/2044/2044 1980/1980/1980
f 1980/1980/1980 2044/2044/2044 2045/2045/2045
f 1980/1980/1980 2045/2045/2045 1981/1981/1981
f 1981/1981/1981 2045/2045/2045 2046/2046/2046
f 1981/1981/1981 2046/2046/2046 1982/1982/1982
f 1982/1982/1982 2046/2046/2046 2047/2047/2047
f 1982/1982/1982 2047/2047/2047 1983/1983/1983
f 1983/1983/1983 2047/2047/2047 2048/2048/2048
f 1983/1983/1983 2048/2048/2048 1984/1984/1984
f 1984/1984/1984 2048/2048/2048 2049/2049/2049
f 1984/1984/1984 2049/2049/2049 1985/1985/1985
f 1985/1985/1985 2049/2049/2049 2050/2050/2050
f 1985/1985/1985 2050/2050/2050 1986/1986/1986
f 1986/1986/1986 2050/2050/2050 2051/2051/2051
f 1986/1986/1986 2051/2051/2051 1987/1987/1987
f 1987/1987/1987 2051/2051/2051 2052/2052/2052
f 1987/1987/1987 2052/2052/2052 1988/1988/1988
f 1988/1988/1988 2052/2052/2052 2053/2053/2053
f 1988/1988/1988 2053/2053/2053 1989/1989/1989
f 1989/1989/1989 2053/2053/2053 2054/2054/2054
f 1989/1989/1989 2054/2054/2054 1990/1990/1990
f 1990/1990/1990 2054/2054/2054 2055/2055/2055
f 1990/1990/1990 2055/2055/2055 1991/1991/1991
f 1991/1991/1991 2055/2055/2055 2056/2056/2056
f 1991/1991/1991 2056/2056/2056 1992/1992/1992
f 1992/1992/1992 2056/2056/2056 2057/2057/2057
f 1992/1992/1992 2057/2057/2057 1993/1993/1993
f 1993/1993/1993 2057/2057/2057 2058/2058/2058
f 1993/1993/1993 2058/2058/2058 1994/1994/1994
f 1994/1994/1994 2058/2058/2058 2059/2059/2059
f 1994/1994/1994 2059/2059/2059 1995/1995/1995
f 1995/1995/1995 2059/2059/2059 2060/2060/2060
f 1995/1995/1995 2060/2060/2060 1996/1996/1996
f 1996/1996/1996 2060/2060/2060 2061/2061/2061
f 1996/1996/1996 2061/2061/2061 1997/1997/1997
f 1997/1997/1997 2061/2061/2061 2062/2062/2062
f 1997/1997/1997 2062/2062/2062 1998/1998/1998
f 1998/1998/1998 2062/2062/2062 2063/2063/2063
f 1998/1998/1998 2063/2063/2063 1999/1999/1999
f 1999/1999/1999 2063/2063/2063 2064/2064/2064
f 1999/1999/1999 2064/2064/2064 2000/2000/2000
f 2000/2000/2000 2064/2064/2064 2065/2065/2065
f 2000/2000/2000 2065/2065/2065 2001/2001/2001
f 2001/2001/2001 2065/2065/2065 2066/2066/2066
f 2001/2001/2001 2066/2066/2066 2002/2002/2002
f 2002/2002/2002 2066/2066/2066 2067/2067/2067
f 2002/2002/2002 2067/2067/2067 2003/2003/2003
f 2003/2003/2003 2067/2067/2067 2068/2068/2068
f 2003/2003/2003 2068/2068/2068 2004/2004/2004
f 2004/2004/2004 2068/2068/2068 2069/2069/2069
f 2004/2004/2004 2069/2069/2069 2005/2005/2005
f 2005/2005/2005 2069/2069/2069 2070/2070/2070
f 2005/2005/2005 2070/2070/2070 2006/2006/2006
f 2006/2006/2006 2070/2070/2070 2071/2071/2071
f 2006/2006/2006 2071/2071/2071 2007/2007/2007
f 2007/2007/2007 2071/2071/2071 2072/2072/2072
f 2007/2007/2007 2072/2072/2072 2008/2008/2008
f 2008/2008/2008 2072/2072/2072 2073/2073/2073
f 2008/2008/2008 2073/2073/2073 2009/2009/2009
f 2009/2009/2009 2073/2073/2073 2074/2074/2074
f 2009/2009/2009 2074/2074/2074 2010/2010/2010
f 2010/2010/2010 2074/2074/2074 2075/2075/2075
f 2010/2010/2010 2075/2075/2075 2011/2011/2011
f 2011/2011/2011 2075/2075/2075 2076/2076/2076
f 2011/2011/2011 2076/2076/2076 2012/2012/2012
f 2012/2012/2012 2076/2076/2076 2077/2077/2077
f 2012/2012/2012 2077/2077/2077 2013/2013/2013
f 2013/2013/2013 2077/2077/2077 2078/2078/2078
f 2013/2013/2013 2078/2078/2078 2014/2014/2014
f 2014/2014/2014 2078/2078/2078 2079/2079/2079
f 2014/2014/2014 2079/2079/2079 2015/2015/2015
f 2015/2015/2015 2079/2079/2079 2080/2080/2080
f 2016/2016/2016 2081/2081/2081 2017/2017/2017
f 2017/2017/2017 2081/2081/2081 2082/2082/2082
f 2017/2017/2017 2082/2082/2082 2018/2018/2018
f 2018/2018/2018 2082/2082/2082 2083/2083/2083
f 2018/2018/2018 2083/2083/2083 2019/2019/2019
f 2019/2019/2019 2083/2083/2083 2084/2084/2084
f 2019/2019/2019 2084/2084/2084 2020/2020/2020
f 2020/2020/2020 2084/2084/2084 2085/2085/2085
f 2020/2020/2020 2085/2085/2085 2021/2021/2021
f 2021/2021/2021 2085/2085/2085 2086/2086/2086
f 2021/2021/2021 2086/2086/2086 2022/2022/2022
f 2022/2022/2022 2086/2086/2086 2087/2087/2087
f 2022/2022/2022 2087/2087/2087 2023/2023/2023
f 2023/2023/2023 2087/2087/2087 2088/2088/2088
f 2023/2023/2023 2088/2088/2088 2024/2024/2024
f 2024/2024/2024 2088/2088/2088 2089/2089/2089
f 2024/2024/2024 2089/2089/2089 2025/2025/2025
f 2025/2025/2025 2089/2089/2089 2090/2090/2090
f 2025/2025/2025 2090/2090/2090 2026/2026/2026
f 2026/2026/2026 2090/2090/2090 2091/2091/2091
f 2026/2026/2026 2091/2091/2091 2027/2027/2027
f 2027/2027/2027 2091/2091/2091 2092/2092/2092
f 2027/2027/2027 2092/2092/2092 2028/2028/2028
f 2028/2028/2028 2092/2092/2092 2093/2093/2093
f 2028/2028/2028 2093/2093/2093 2029/2029/2029
f 2029/2029/2029 2093/2093/2093 2094/2094/2094
f 2029/2029/2029 2094/2094/2094 2030/2030/2030
f 2030/2030/2030 2094/2094/2094 2095/2095/2095
f 2030/2030/2030 2095/2095/2095 2031/2031/2031
f 2031/2031/2031 2095/2095/2095 2096/2096/2096
f 2031/2031/2031 2096/2096/2096 2032/2032/2032
f 2032/2032/2032 2096/2096/2096 2097/2097/2097
f 2032/2032/2032 2097/2097/2097 2033/2033/2033
f 2033/2033/2033 2097/2097/2097 2098/2098/2098
f 2033/2033/2033 2098/2098/2098 2034/2034/2034
f 2034/2034/2034 2098/2098/2098 2099/2099/2099
f 2034/2034/2034 2099/2099/2099 2035/2035/2035
f 2035/2035/2035 2099/2099/2099 2100/2100/2100
f 2035/2035/2035 2100/2100/2100 2036/2036/2036
f 2036/2036/2036 2100/2100/2100 2101/2101/2101
f 2036/2036/2036 2101/2101/2101 2037/2037/2037
f 2037/2037/2037 2101/2101/2101 2102/2102/2102
f 2037/2037/2037 2102/2102/2102 2038/2038/2038
f 2038/2038/2038 2102/2102/2102 2103/2103/2103
f 2038/2038/2038 2103/2103/2103 2039/2039/2039
f 2039/2039/2039 2103/2103/2103 2104/2104/2104
f 2039/2039/2039 2104/2104/2104 2040/2040/2040
f 2040/2040/2040 2104/2104/2104 2105/2105/2105
f 2040/2040/2040 2105/2105/2105 2041/2041/2041
f 2041/2041/2041 2105/2105/2105 2106/2106/2106
f 2041/2041/2041 2106/2106/2106 2042/2042/2042
f 2042/2042/2042 2106/2106/2106 2107/2107/2107
f 2042/2042/2042 2107/2107/2107 2043/2043/2043
f 2043/2043/2043 2107/2107/2107 2108/2108/2108
f 2043/2043/2043 2108/2108/2108 2044/2044/2044
f 2044/2044/2044 2108/2108/2108 2109/2109/2109
f 2044/2044/2044 2109/2109/2109 2045/2045/2045
f 2045/2045/2045 2109/2109/2109 2110/2110/2110
f 2045/2045/2045 2110/2110/2110 2046/2046/2046
f 2046/2046/2046 2110/2110/2110 2111/2111/2111
f 2046/2046/2046 2111/2111/2111 2047/2047/2047
f 2047/2047/2047 2111/2111/2111 2112/2112/2112
f 2047/2047/2047 2112/2112/2112 2048/2048/2048
f 2048/2048/2048 2112/2112/2112 2113/2113/2113
f 2048/2048/2048 2113/2113/2113 2049/2049/2049
f 2049/2049/2049 2113/2113/2113 2114/2114/2114
f 2049/2049/2049 2114/2114/2114 2050/2050/2050
f 2050/2050/2050 2114/2114/2114 2115/2115/2115
f 2050/2050/2050 2115/2115/2115 2051/2051/2051
f 2051/2051/2051 2115/2115/2115 2116/2116/2116
f 2051/2051/2051 2116/2116/2116 2052/2052/2052
f 2052/2052/2052 2116/2116/2116 2117/2117/2117
f 2052/2052/2052 2117/2117/2117 2053/2053/2053
f 2053/2053/2053 2117/2117/2117 2118/2118/2118
f 2053/2053/2053 2118/2118/2118 2054/2054/2054
f 2054/2054/2054 2118/2118/2118 2119/2119/2119
f 2054/2054/2054 2119/2119/2119 2055/2055/2055
f 2055/2055/2055 2119/2119/2119 2120/2120/2120
f 2055/2055/2055 2120/2120/2120 2056/2056/2056
f 2056/2056/2056 2120/2120/2120 2121/2121/2121
f 2056/2056/2056 2121/2121/2121 2057/2057/2057
f 2057/2057/2057 2121/2121/2121 2122/2122/2122
f 2057/2057/2057 2122/2122/2122 2058/2058/2058
f 2058/2058/2058 2122/2122/2122 2123/2123/2123
f 2058/2058/2058 2123/2123/2123 2059/2059/2059
f 2059/2059/2059 2123/2123/2123 2124/2124/2124
f 2059/2059/2059 2124/2124/2124 2060/2060/2060
f 2060/2060/2060 2124/2124/2124 2125/2125/2125
f 2060/2060/2060 2125/2125/2125 2061/2061/2061
f 2061/2061/2061 2125/2125/2125 2126/2126/2126
f 2061/2061/2061 2126/2126/2126 2062/2062/2062
f 2062/2062/2062 2126/2126/2126 2127/2127/2127
f 2062/2062/2062 2127/2127/2127 2063/2063/2063
f 2063/2063/2063 2127/2127/2127 2128/2128/2128
f 2063/2063/2063 2128/2128/2128 2064/2064/2064
f 2064/2064/2064 2128/2128/2128 2129/2129/2129
f 2064/2064/2064 2129/2129/2129 2065/2065/2065
f 2065/2065/2065 2129/2129/2129 2130/2130/2130
f 2065/2065/2065 2130/2130/2130 2066/2066/2066
f 2066/2066/2066 2130/2130/2130 2131/2131/2131
f 2066/2066/2066 2131/2131/2131 2067/2067/2067
f 2067/2067/2067 2131/2131/2131 2132/2132/2132
f 2067/2067/2067 2132/2132/2132 2068/2068/2068
f 2068/2068/2068 2132/2132/2132 2133/2133/2133
f 2068/2068/2068 2133/2133/2133 2069/2069/2069
f 2069/2069/2069 2133/2133/2133 2134/2134/2134
f 2069/2069/2069 2134/2134/2134 2070/2070/2070
f 2070/2070/2070 2134/2134/2134 2135/2135/2135
f 2070/2070/2070 2135/2135/2135 2071/2071/2071
f 2071/2071/2071 2135/2135/2135 2136/2136/2136
f 2071/2071/2071 2136/2136/2136 2072/2072/2072
f 2072/2072/2072 2136/2136/2136 2137/2137/2137
f 2072/2072/2072 2137/2137/2137 2073/2073/2073
f 2073/2073/2073 2137/2137/2137 2138/2138/2138
f 2073/2073/2073 2138/2138/2138 2074/2074/2074
f 2074/2074/2074 2138/2138/2138 2139/2139/2139
f 2074/2074/2074 2139/2139/2139 2075/2075/2075
f 2075/2075/2075 2139/2139/2139 2140/2140/2140
f 2075/2075/2075 2140/2140/2140 2076/2076/2076
f 2076/2076/2076 2140/2140/2140 2141/2141/2141
f 2076/2076/2076 2141/2141/2141 2077/2077/2077
f 2077/2077/2077 2141/2141/2141 2142/2142/2142
f 2077/2077/2077 2142/2142/2142 2078/2078/2078
f 2078/2078/2078 2142/2142/2142 2143/2143/2143
f 2078/2078/2078 2143/2143/2143 2079/2079/2079
f 2079/2079/2079 2143/2143/2143 2144/2144/2144
f 2079/2079/2079 2144/2144/2144 2080/2080/2080
f 2080/2080/2080 2144/2144/2144 2145/2145/2145
f 2081/2081/2081 2146/2146/2146 2082/2082/2082
f 2082/2082/2082 2146/2146/2146 2147/2147/2147
f 2082/2082/2082 2147/2147/2147 2083/2083/2083
f 2083/2083/2083 2147/2147/2147 2148/2148/2148
f 2083/2083/2083 2148/2148/2148 2084/2084/2084
f 2084/2084/2084 2148/2148/2148 2149/2149/2149
f 2084/2084/2084 2149/2149/2149 2085/2085/2085
f 2085/2085/2085 2149/2149/2149 2150/2150/2150
f 2085/2085/2085 2150/2150/2150 2086/2086/2086
f 2086/2086/2086 2150/2150/2150 2151/2151/2151
f 2086/2086/2086 2151/2151/2151 2087/2087/2087
f 2087/2087/2087 2151/2151/2151 2152/2152/2152
f 2087/2087/2087 2152/2152/2152 2088/2088/2088
f 2088/2088/2088 2152/2152/2152 2153/2153/2153
f 2088/2088/2088 2153/2153/2153 2089/2089/2089
f 2089/2089/2089 2153/2153/2153 2154/2154/2154
f 2089/2089/2089 2154/2154/2154 2090/2090/2090
f 2090/2090/2090 2154/2154/2154 2155/2155/2155
f 2090/2090/2090 2155/2155/2155 2091/2091/2091
f 2091/2091/2091 2155/2155/2155 2156/2156/2156
f 2091/2091/2091 2156/2156/2156 2092/2092/2092
f 2092/2092/2092 2156/2156/2156 2157/2157/2157
f 2092/2092/2092 2157/2157/2157 2093/2093/2093
f 2093/2093/2093 2157/2157/2157 2158/2158/2158
f 2093/2093/2093 2158/2158/2158 2094/2094/2094
f 2094/2094/2094 2158/2158/2158 2159/2159/2159
f 2094/2094/2094 2159/2159/2159 2095/2095/2095
f 2095/2095/2095 2159/2159/2159 2160/2160/2160
f 2095/2095/2095 2160/2160/2160 2096/2096/2096
f 2096/2096/2096 2160/2160/2160 2161/2161/2161
f 2096/2096/2096 2161/2161/2161 2097/2097/2097
f 2097/2097/2097 2161/2161/2161 2162/2162/2162
f 2097/2097/2097 2162/2162/2162 2098/2098/2098
f 2098/2098/2098 2162/2162/2162 2163/2163/2163
f 2098/2098/2098 2163/2163/2163 2099/2099/2099
f 2099/2099/2099 2163/2163/2163 2164/2164/2164
f 2099/2099/2099 2164/2164/2164 2100/2100/2100
f 2100/2100/2100 2164/2164/2164 2165/2165/2165
f 2100/2100/2100 2165/2165/2165 2101/2101/2101
f 2101/2101/2101 2165/2165/2165 2166/2166/2166
f 2101/2101/2101 2166/2166/2166 2102/2102/2102
f 2102/2102/2102 2166/2166/2166 2167/2167/2167
f 2102/2102/2102 2167/2167/2167 2103/2103/2103
f 2103/2103/2103 2167/2167/2167 2168/2168/2168
f 2103/2103/2103 2168/2168/2168 2104/2104/2104
f 2104/2104/2104 2168/2168/2168 2169/2169/2169
f 2104/2104/2104 2169/2169/2169 2105/2105/2105
f 2105/2105/2105 2169/2169/2169 2170/2170/2170
f 2105/2105/2105 2170/2170/2170 2106/2106/2106
f 2106/2106/2106 2170/2170/2170 2171/2171/2171
f 2106/2106/2106 2171/2171/2171 2107/2107/2107
f 2107/2107/2107 2171/2171/2171 2172/2172/2172
f 2107/2107/2107 2172/2172/2172 2108/2108/2108
f 2108/2108/2108 2172/2172/2172 2173/2173/2173
f 2108/2108/2108 2173/2173/2173 2109/2109/2109
f 2109/2109/2109 2173/2173/2173 2174/2174/2174
f 2109/2109/2109 2174/2174/2174 2110/2110/2110
f 2110/2110/2110 2174/2174/2174 2175/2175/2175
f 2110/2110/2110 2175/2175/2175 2111/2111/2111
f 2111/2111/2111 2175/2175/2175 2176/2176/2176
f 2111/2111/2111 2176/2176/2176 2112/2112/2112
f 2112/2112/2112 2176/2176/2176 2177/2177/2177
f 2112/2112/2112 2177/2177/2177 2113/2113/2113
f 2113/2113/2113 2177/2177/2177 2178/2178/2178
f 2113/2113/2113 2178/2178/2178 2114/2114/2114
f 2114/2114/2114 2178/2178/2178 2179/2179/2179
f 2114/2114/2114 2179/2179/2179 2115/2115/2115
f 2115/2115/2115 2179/2179/2179 2180/2180/2180
f 2115/2115/2115 2180/2180/2180 2116/2116/2116
f 2116/2116/2116 2180/2180/2180 2181/2181/2181
f 2116/2116/2116 2181/2181/2181 2117/2117/2117
f 2117/2117/2117 2181/2181/2181 2182/2182/2182
f 2117/2117/2117 2182/2182/2182 2118/2118/2118
f 2118/2118/2118 2182/2182/2182 2183/2183/2183
f 2118/2118/2118 2183/2183/2183 2119/2119/2119
f 2119/2119/2119 2183/2183/2183 2184/2184/2184
f 2119/2119/2119 2184/2184/2184 2120/2120/2120
f 2120/2120/2120 2184/2184/2184 2185/2185/2185
f 2120/2120/2120 2185/2185/2185 2121/2121/2121
f 2121/2121/2121 2185/2185/2185 2186/2186/2186
f 2121/2121/2121 2186/2186/2186 2122/2122/2122
f 2122/2122/2122 2186/2186/2186 2187/2187/2187
f 2122/2122/2122 2187/2187/2187 2123/2123/2123
f 2123/2123/2123 2187/2187/2187 2188/2188/2188
f 2123/2123/2123 2188/2188/2188 2124/2124/2124
f 2124/2124/2124 2188/2188/2188 2189/2189/2189
f 2124/2124/2124 2189/2189/2189 2125/2125/2125
f 2125/2125/2125 2189/2189/2189 2190/2190/2190
f 2125/2125/2125 2190/2190/2190 2126/2126/2126
f 2126/2126/2126 2190/2190/2190 2191/2191/2191
f 2126/2126/2126 2191/2191/2191 2127/2127/2127
f 2127/2127/2127 2191/2191/2191 2192/2192/2192
f 2127/2127/2127 2192/2192/2192 2128/2128/2128
f 2128/2128/2128 2192/2192/2192 2193/2193/2193
f 2128/2128/2128 2193/2193/2193 2129/2129/2129
f 2129/2129/2129 2193/2193/2193 2194/2194/2194
f 2129/2129/2129 2194/2194/2194 2130/2130/2130
f 2130/2130/2130 2194/2194/2194 2195/2195/2195
f 2130/2130/2130 2195/2195/2195 2131/2131/2131
f 2131/2131/2131 2195/2195/2195 2196/2196/2196
f 2131/2131/2131 2196/2196/2196 2132/2132/2132
f 2132/2132/2132 2196/2196/2196 2197/2197/2197
f 2132/2132/2132 2197/2197/2197 2133/2133/2133
f 2133/2133/2133 2197/2197/2197 2198/2198/2198
f 2133/2133/2133 2198/2198/2198 2134/2134/2134
f 2134/2134/2134 2198/2198/2198 2199/2199/2199
f 2134/2134/2134 2199/2199/2199 2135/2135/2135
f 2135/2135/2135 2199/2199/2199 2200/2200/2200
f 2135/2135/2135 2200/2200/2200 2136/2136/2136
f 2136/2136/2136 2200/2200/2200 2201/2201/2201
f 2136/2136/2136 2201/2201/2201 2137/2137/2137
f 2137/2137/2137 2201/2201/2201 2202/2202/2202
f 2137/2137/2137 2202/2202/2202 2138/2138/2138
f 2138/2138/2138 2202/2202/2202 2203/2203/2203
f 2138/2138/2138 2203/2203/2203 2139/2139/2139
f 2139/2139/2139 2203/2203/2203 2204/2204/2204
f 2139/2139/2139 2204/2204/2204 2140/2140/2140
f 2140/2140/2140 2204/2204/2204 2205/2205/2205
f 2140/2140/2140 2205/2205/2205 2141/2141/2141
f 2141/2141/2141 2205/2205/2205 2206/2206/2206
f 2141/2141/2141 2206/2206/2206 2142/2142/2142
f 2142/2142/2142 2206/2206/2206 2207/2207/2207
f 2142/2142/2142 2207/2207/2207 2143/2143/2143
f 2143/2143/2143 2207/2207/2207 2208/2208/2208
f 2143/2143/2143 2208/2208/2208 2144/2144/2144
f 2144/2144/2144 2208/2208/2208 2209/2209/2209
f 2144/2144/2144 2209/2209/2209 2145/2145/2145
f 2145/2145/2145 2209/2209/2209 2210/2210/2210
f 2146/2146/2146 2211/2211/2211 2147/2147/2147
f 2147/2147/2147 2211/2211/2211 2212/2212/2212
f 2147/2147/2147 2212/2212/2212 2148/2148/2148
f 2148/2148/2148 2212/2212/2212 2213/2213/2213
f 2148/2148/2148 2213/2213/2213 2149/2149/2149
f 2149/2149/2149 2213/2213/2213 2214/2214/2214
f 2149/2149/2149 2214/2214/2214 2150/2150/2150
f 2150/2150/2150 2214/2214/2214 2215/2215/2215
f 2150/2150/2150 2215/2215/2215 2151/2151/2151
f 2151/2151/2151 2215/2215/2215 2216/2216/2216
f 2151/2151/2151 2216/2216/2216 2152/2152/2152
f 2152/2152/2152 2216/2216/2216 2217/2217/2217
f 2152/2152/2152 2217/2217/2217 2153/2153/2153
f 2153/2153/2153 2217/2217/2217 2218/2218/2218
f 2153/2153/2153 2218/2218/2218 2154/2154/2154
f 2154/2154/2154 2218/2218/2218 2219/2219/2219
f 2154/2154/2154 2219/2219/2219 2155/2155/2155
f 2155/2155/2155 2219/2219/2219 2220/2220/2220
f 2155/2155/2155 2220/2220/2220 2156/2156/2156
f 2156/2156/2156 2220/2220/2220 2221/2221/2221
f 2156/2156/2156 2221/2221/2221 2157/2157/2157
f 2157/2157/2157 2221/2221/2221 2222/2222/2222
f 2157/2157/2157 2222/2222/2222 2158/2158/2158
f 2158/2158/2158 2222/2222/2222 2223/2223/2223
f 2158/2158/2158 2223/2223/2223 2159/2159/2159
f 2159/2159/2159 2223/2223/2223 2224/2224/2224
f 2159/2159/2159 2224/2224/2224 2160/2160/2160
f 2160/2160/2160 2224/2224/2224 2225/2225/2225
f 2160/2160/2160 2225/2225/2225 2161/2161/2161
f 2161/2161/2161 2225/2225/2225 2226/2226/2226
f 2161/2161/2161 2226/2226/2226 2162/2162/2162
f 2162/2162/2162 2226/2226/2226 2227/2227/2227
f 2162/2162/2162 2227/2227/2227 2163/2163/2163
f 2163/2163/2163 2227/2227/2227 2228/2228/2228
f 2163/2163/2163 2228/2228/2228 2164/2164/2164
f 2164/2164/2164 2228/2228/2228 2229/2229/2229
f 2164/2164/2164 2229/2229/2229 2165/2165/2165
f 2165/2165/2165 2229/2229/2229 2230/2230/2230
f 2165/2165/2165 2230/2230/2230 2166/2166/2166
f 2166/2166/2166 2230/2230/2230 2231/2231/2231
f 2166/2166/2166 2231/2231/2231 2167/2167/2167
f 2167/2167/2167 2231/2231/2231 2232/2232/2232
f 2167/2167/2167 2232/2232/2232 2168/2168/2168
f 2168/2168/2168 2232/2232/2232 2233/2233/2233
f 2168/2168/2168 2233/2233/2233 2169/2169/2169
f 2169/2169/2169 2233/2233/2233 2234/2234/2234
f 2169/2169/2169 2234/2234/2234 2170/2170/2170
f 2170/2170/2170 2234/2234/2234 2235/2235/2235
f 2170/2170/2170 2235/2235/2235 2171/2171/2171
f 2171/2171/2171 2235/2235/2235 2236/2236/2236
f 2171/2171/2171 2236/2236/2236 2172/2172/2172
f 2172/2172/2172 2236/2236/2236 2237/2237/2237
f 2172/2172/2172 2237/2237/2237 2173/2173/2173
f 2173/2173/2173 2237/2237/2237 2238/2238/2238
f 2173/2173/2173 2238/2238/2238 2174/2174/2174
f 2174/2174/2174 2238/2238/2238 2239/2239/2239
f 2174/2174/2174 2239/2239/2239 2175/2175/2175
f 2175/2175/2175 2239/2239/2239 2240/2240/2240
f 2175/2175/2175 2240/2240/2240 2176/2176/2176
f 2176/2176/2176 2240/2240/2240 2241/2241/2241
f 2176/2176/2176 2241/2241/2241 2177/2177/2177
f 2177/2177/2177 2241/2241/2241 2242/2242/2242
f 2177/2177/2177 2242/2242/2242 2178/2178/2178
f 2178/2178/2178 2242/2242/2242 2243/2243/2243
f 2178/2178/2178 2243/2243/2243 2179/2179/2179
f 2179/2179/2179 2243/2243/2243 2244/2244/2244
f 2179/2179/2179 2244/2244/2244 2180/2180/2180
f 2180/2180/2180 2244/2244/2244 2245/2245/2245
f 2180/2180/2180 2245/2245/2245 2181/2181/2181
f 2181/2181/2181 2245/2245/2245 2246/2246/2246
f 2181/2181/2181 2246/2246/2246 2182/2182/2182
f 2182/2182/2182 2246/2246/2246 2247/2247/2247
f 2182/2182/2182 2247/2247/2247 2183/2183/2183
f 2183/2183/2183 2247/2247/2247 2248/2248/2248
f 2183/2183/2183 2248/2248/2248 2184/2184/2184
f 2184/2184/2184 2248/2248/2248 2249/2249/2249
f 2184/2184/2184 2249/2249/2249 2185/2185/2185
f 2185/2185/2185 2249/2249/2249 2250/2250/2250
f 2185/2185/2185 2250/2250/2250 2186/2186/2186
f 2186/2186/2186 2250/2250/2250 2251/2251/2251
f 2186/2186/2186 2251/2251/2251 2187/2187/2187
f 2187/2187/2187 2251/2251/2251 2252/2252/2252
f 2187/2187/2187 2252/2252/2252 2188/2188/2188
f 2188/2188/2188 2252/2252/2252 2253/2253/2253
f 2188/2188/2188 2253/2253/2253 2189/2189/2189
f 2189/2189/2189 2253/2253/2253 2254/2254/2254
f 2189/2189/2189 2254/2254/2254 2190/2190/2190
f 2190/2190/2190 2254/2254/2254 2255/2255/2255
f 2190/2190/2190 2255/2255/2255 2191/2191/2191
f 2191/2191/2191 2255/2255/2255 2256/2256/2256
f 2191/2191/2191 2256/2256/2256 2192/2192/2192
f 2192/2192/2192 2256/2256/2256 2257/2257/2257
f 2192/2192/2192 2257/2257/2257 2193/2193/2193
f 2193/2193/2193 2257/2257/2257 2258/2258/2258
f 2193/2193/2193 2258/2258/2258 2194/2194/2194
f 2194/2194/2194 2258/2258/2258 2259/2259/2259
f 2194/2194/2194 2259/2259/2259 2195/2195/2195
f 2195/2195/2195 2259/2259/2259 2260/2260/2260
f 2195/2195/2195 2260/2260/2260 2196/2196/2196
f 2196/2196/2196 2260/2260/2260 2261/2261/2261
f 2196/2196/2196 2261/2261/2261 2197/2197/2197
f 2197/2197/2197 2261/2261/2261 2262/2262/2262
f 2197/2197/2197 2262/2262/2262 2198/2198/2198
f 2198/2198/2198 2262/2262/2262 2263/2263/2263
f 2198/2198/2198 2263/2263/2263 2199/2199/2199
f 2199/2199/2199 2263/2263/2263 2264/2264/2264
f 2199/2199/2199 2264/2264/2264 2200/2200/2200
f 2200/2200/2200 2264/2264/2264 2265/2265/2265
f 2200/2200/2200 2265/2265/2265 2201/2201/2201
f 2201/2201/2201 2265/2265/2265 2266/2266/2266
f 2201/2201/2201 2266/2266/2266 2202/2202/2202
f 2202/2202/2202 2266/2266/2266 2267/2267/2267
f 2202/2202/2202 2267/2267/2267 2203/2203/2203
f 2203/2203/2203 2267/2267/2267 2268/2268/2268
f 2203/2203/2203 2268/2268/2268 2204/2204/2204
f 2204/2204/2204 2268/2268/2268 2269/2269/2269
f 2204/2204/2204 2269/2269/2269 2205/2205/2205
f 2205/2205/2205 2269/2269/2269 2270/2270/2270
f 2205/2205/2205 2270/2270/2270 2206/2206/2206
f 2206/2206/2206 2270/2270/2270 2271/2271/2271
f 2206/2206/2206 2271/2271/2271 2207/2207/2207
f 2207/2207/2207 2271/2271/2271 2272/2272/2272
f 2207/2207/2207 2272/2272/2272 2208/2208/2208
f 2208/2208/2208 2272/2272/2272 2273/2273/2273
f 2208/2208/2208 2273/2273/2273 2209/2209/2209
f 2209/2209/2209 2273/2273/2273 2274/2274/2274
f 2209/2209/2209 2274/2274/2274 2210/2210/2210
f 2210/2210/2210 2274/2274/2274 2275/2275/2275
f 2211/2211/2211 2276/2276/2276 2212/2212/2212
f 2212/2212/2212 2276/2276/2276 2277/2277/2277
f 2212/2212/2212 2277/2277/2277 2213/2213/2213
f 2213/2213/2213 2277/2277/2277 2278/2278/2278
f 2213/2213/2213 2278/2278/2278 2214/2214/2214
f 2214/2214/2214 2278/2278/2278 2279/2279/2279
f 2214/2214/2214 2279/2279/2279 2215/2215/2215
f 2215/2215/2215 2279/2279/2279 2280/2280/2280
f 2215/2215/2215 2280/2280/2280 2216/2216/2216
f 2216/2216/2216 2280/2280/2280 2281/2281/2281
f 2216/2216/2216 2281/2281/2281 2217/2217/2217
f 2217/2217/2217 2281/2281/2281 2282/2282/2282
f 2217/2217/2217 2282/2282/2282 2218/2218/2218
f 2218/2218/2218 2282/2282/2282 2283/2283/2283
f 2218/2218/2218 2283/2283/2283 2219/2219/2219
f 2219/2219/2219 2283/2283/2283 2284/2284/2284
f 2219/2219/2219 2284/2284/2284 2220/2220/2220
f 2220/2220/2220 2284/2284/2284 2285/2285/2285
f 2220/2220/2220 2285/2285/2285 2221/2221/2221
f 2221/2221/2221 2285/2285/2285 2286/2286/2286
f 2221/2221/2221 2286/2286/2286 2222/2222/2222
f 2222/2222/2222 2286/2286/2286 2287/2287/2287
f 2222/2222/2222 2287/2287/2287 2223/2223/2223
f 2223/2223/2223 2287/2287/2287 2288/2288/2288
f 2223/2223/2223 2288/2288/2288 2224/2224/2224
f 2224/2224/2224 2288/2288/2288 2289/2289/2289
f 2224/2224/2224 2289/2289/2289 2225/2225/2225
f 2225/2225/2225 2289/2289/2289 2290/2290/2290
f 2225/2225/2225 2290/2290/2290 2226/2226/2226
f 2226/2226/2226 2290/2290/2290 2291/2291/2291
f 2226/2226/2226 2291/2291/2291 2227/2227/2227
f 2227/2227/2227 2291/2291/2291 2292/2292/2292
f 2227/2227/2227 2292/2292/2292 2228/2228/2228
f 2228/2228/2228 2292/2292/2292 2293/2293/2293
f 2228/2228/2228 2293/2293/2293 2229/2229/2229
f 2229/2229/2229 2293/2293/2293 2294/2294/2294
f 2229/2229/2229 2294/2294/2294 2230/2230/2230
f 2230/2230/2230 2294/2294/2294 2295/2295/2295
f 2230/2230/2230 2295/2295/2295 2231/2231/2231
f 2231/2231/2231 2295/2295/2295 2296/2296/2296
f 2231/2231/2231 2296/2296/2296 2232/2232/2232
f 2232/2232/2232 2296/2296/2296 2297/2297/2297
f 2232/2232/2232 2297/2297/2297 2233/2233/2233
f 2233/2233/2233 2297/2297/2297 2298/2298/2298
f 2233/2233/2233 2298/2298/2298 2234/2234/2234
f 2234/2234/2234 2298/2298/2298 2299/2299/2299
f 2234/2234/2234 2299/2299/2299 2235/2235/2235
f 2235/2235/2235 2299/2299/2299 2300/2300/2300
f 2235/2235/2235 2300/2300/2300 2236/2236/2236
f 2236/2236/2236 2300/2300/2300 2301/2301/2301
f 2236/2236/2236 2301/2301/2301 2237/2237/2237
f 2237/2237/2237 2301/2301/2301 2302/2302/2302
f 2237/2237/2237 2302/2302/2302 2238/2238/2238
f 2238/2238/2238 2302/2302/2302 2303/2303/2303
f 2238/2238/2238 2303/2303/2303 2239/2239/2239
f 2239/2239/2239 2303/2303/2303 2304/2304/2304
f 2239/2239/2239 2304/2304/2304 2240/2240/2240
f 2240/2240/2240 2304/2304/2304 2305/2305/2305
f 2240/2240/2240 2305/2305/2305 2241/2241/2241
f 2241/2241/2241 2305/2305/2305 2306/2306/2306
f 2241/2241/2241 2306/2306/2306 2242/2242/2242
f 2242/2242/2242 2306/2306/2306 2307/2307/2307
f 2242/2242/2242 2307/2307/2307 2243/2243/2243
f 2243/2243/2243 2307/2307/2307 2308/2308/2308
f 2243/2243/2243 2308/2308/2308 2244/2244/2244
f 2244/2244/2244 2308/2308/2308 2309/2309/2309
f 2244/2244/2244 2309/2309/2309 2245/2245/2245
f 2245/2245/2245 2309/2309/2309 2310/2310/2310
f 2245/2245/2245 2310/2310/2310 2246/2246/2246
f 2246/2246/2246 2310/2310/2310 2311/2311/2311
f 2246/2246/2246 2311/2311/2311 2247/2247/2247
f 2247/2247/2247 2311/2311/2311 2312/2312/2312
f 2247/2247/2247 2312/2312/2312 2248/2248/2248
f 2248/2248/2248 2312/2312/2312 2313/2313/2313
f 2248/2248/2248 2313/2313/2313 2249/2249/2249
f 2249/2249/2249 2313/2313/2313 2314/2314/2314
f 2249/2249/2249 2314/2314/2314 2250/2250/2250
f 2250/2250/2250 2314/2314/2314 2315/2315/2315
f 2250/2250/2250 2315/2315/2315 2251/2251/2251
f 2251/2251/2251 2315/2315/2315 2316/2316/2316
f 2251/2251/2251 2316/2316/2316 2252/2252/2252
f 2252/2252/2252 2316/2316/2316 2317/2317/2317
f 2252/2252/2252 2317/2317/2317 2253/2253/2253
f 2253/2253/2253 2317/2317/2317 2318/2318/2318
f 2253/2253/2253 2318/2318/2318 2254/2254/2254
f 2254/2254/2254 2318/2318/2318 2319/2319/2319
f 2254/2254/2254 2319/2319/2319 2255/2255/2255
f 2255/2255/2255 2319/2319/2319 2320/2320/2320
f 2255/2255/2255 2320/2320/2320 2256/2256/2256
f 2256/2256/2256 2320/2320/2320 2321/2321/2321
f 2256/2256/2256 2321/2321/2321 2257/2257/2257
f 2257/2257/2257 2321/2321/2321 2322/2322/2322
f 2257/2257/2257 2322/2322/2322 2258/2258/2258
f 2258/2258/2258 2322/2322/2322 2323/2323/2323
f 2258/2258/2258 2323/2323/2323 2259/2259/2259
f 2259/2259/2259 2323/2323/2323 2324/2324/2324
f 2259/2259/2259 2324/2324/2324 2260/2260/2260
f 2260/2260/2260 2324/2324/2324 2325/2325/2325
f 2260/2260/2260 2325/2325/2325 2261/2261/2261
f 2261/2261/2261 2325/2325/2325 2326/2326/2326
f 2261/2261/2261 2326/2326/2326 2262/2262/2262
f 2262/2262/2262 2326/2326/2326 2327/2327/2327
f 2262/2262/2262 2327/2327/2327 2263/2263/2263
f 2263/2263/2263 2327/2327/2327 2328/2328/2328
f 2263/2263/2263 2328/2328/2328 2264/2264/2264
f 2264/2264/2264 2328/2328/2328 2329/2329/2329
f 2264/2264/2264 2329/2329/2329 2265/2265/2265
f 2265/2265/2265 2329/2329/2329 2330/2330/2330
f 2265/2265/2265 2330/2330/2330 2266/2266/2266
f 2266/2266/2266 2330/2330/2330 2331/2331/2331
f 2266/2266/2266 2331/2331/2331 2267/2267/2267
f 2267/2267/2267 2331/2331/2331 2332/2332/2332
f 2267/2267/2267 2332/2332/2332 2268/2268/2268
f 2268/2268/2268 2332/2332/2332 2333/2333/2333
f 2268/2268/2268 2333/2333/2333 2269/2269/2269
f 2269/2269/2269 2333/2333/2333 2334/2334/2334
f 2269/2269/2269 2334/2334/2334 2270/2270/2270
f 2270/2270/2270 2334/2334/2334 2335/2335/2335
f 2270/2270/2270 2335/2335/2335 2271/2271/2271
f 2271/2271/2271 2335/2335/2335 2336/2336/2336
f 2271/2271/2271 2336/2336/2336 2272/2272/2272
f 2272/2272/2272 2336/2336/2336 2337/2337/2337
f 2272/2272/2272 2337/2337/2337 2273/2273/2273
f 2273/2273/2273 2337/2337/2337 2338/2338/2338
f 2273/2273/2273 2338/2338/2338 2274/2274/2274
f 2274/2274/2274 2338/2338/2338 2339/2339/2339
f 2274/2274/2274 2339/2339/2339 2275/2275/2275
f 2275/2275/2275 2339/2339/2339 2340/2340/2340
f 2276/2276/2276 2341/2341/2341 2277/2277/2277
f 2277/2277/2277 2341/2341/2341 2342/2342/2342
f 2277/2277/2277 2342/2342/2342 2278/2278/2278
f 2278/2278/2278 2342/2342/2342 2343/2343/2343
f 2278/2278/2278 2343/2343/2343 2279/2279/2279
f 2279/2279/2279 2343/2343/2343 2344/2344/2344
f 2279/2279/2279 2344/2344/2344 2280/2280/2280
f 2280/2280/2280 2344/2344/2344 2345/2345/2345
f 2280/2280/2280 2345/2345/2345 2281/2281/2281
f 2281/2281/2281 2345/2345/2345 2346/2346/2346
f 2281/2281/2281 2346/2346/2346 2282/2282/2282
f 2282/2282/2282 2346/2346/2346 2347/2347/2347
f 2282/2282/2282 2347/2347/2347 2283/2283/2283
f 2283/2283/2283 2347/2347/2347 2348/2348/2348
f 2283/2283/2283 2348/2348/2348 2284/2284/2284
f 2284/2284/2284 2348/2348/2348 2349/2349/2349
f 2284/2284/2284 2349/2349/2349 2285/2285/2285
f 2285/2285/2285 2349/2349/2349 2350/2350/2350
f 2285/2285/2285 2350/2350/2350 2286/2286/2286
f 2286/2286/2286 2350/2350/2350 2351/2351/2351
f 2286/2286/2286 2351/2351/2351 2287/2287/2287
f 2287/2287/2287 2351/2351/2351 2352/2352/2352
f 2287/2287/2287 2352/2352/2352 2288/2288/2288
f 2288/2288/2288 2352/2352/2352 2353/2353/2353
f 2288/2288/2288 2353/2353/2353 2289/2289/2289
f 2289/2289/2289 2353/2353/2353 2354/2354/2354
f 2289/2289/2289 2354/2354/2354 2290/2290/2290
f 2290/2290/2290 2354/2354/2354 2355/2355/2355
f 2290/2290/2290 2355/2355/2355 2291/2291/2291
f 2291/2291/2291 2355/2355/2355 2356/2356/2356
f 2291/2291/2291 2356/2356/2356 2292/2292/2292
f 2292/2292/2292 2356/2356/2356 2357/2357/2357
f 2292/2292/2292 2357/2357/2357 2293/2293/2293
f 2293/2293/2293 2357/2357/2357 2358/2358/2358
f 2293/2293/2293 2358/2358/2358 2294/2294/2294
f 2294/2294/2294 2358/2358/2358 2359/2359/2359
f 2294/2294/2294 2359/2359/2359 2295/2295/2295
f 2295/2295/2295 2359/2359/2359 2360/2360/2360
f 2295/2295/2295 2360/2360/2360 2296/2296/2296
f 2296/2296/2296 2360/2360/2360 2361/2361/2361
f 2296/2296/2296 2361/2361/2361 2297/2297/2297
f 2297/2297/2297 2361/2361/2361 2362/2362/2362
f 2297/2297/2297 2362/2362/2362 2298/2298/2298
f 2298/2298/2298 2362/2362/2362 2363/2363/2363
f 2298/2298/2298 2363/2363/2363 2299/2299/2299
f 2299/2299/2299 2363/2363/2363 2364/2364/2364
f 2299/2299/2299 2364/2364/2364 2300/2300/2300
f 2300/2300/2300 2364/2364/2364 2365/2365/2365
f 2300/2300/2300 2365/2365/2365 2301/2301/2301
f 2301/2301/2301 2365/2365/2365 2366/2366/2366
f 2301/2301/2301 2366/2366/2366 2302/2302/2302
f 2302/2302/2302 2366/2366/2366 2367/2367/2367
f 2302/2302/2302 2367/2367/2367 2303/2303/2303
f 2303/2303/2303 2367/2367/2367 2368/2368/2368
f 2303/2303/2303 2368/2368/2368 2304/2304/2304
f 2304/2304/2304 2368/2368/2368 2369/2369/2369
f 2304/2304/2304 2369/2369/2369 2305/2305/2305
f 2305/2305/2305 2369/2369/2369 2370/2370/2370
f 2305/2305/2305 2370/2370/2370 2306/2306/2306
f 2306/2306/2306 2370/2370/2370 2371/2371/2371
f 2306/2306/2306 2371/2371/2371 2307/2307/2307
f 2307/2307/2307 2371/2371/2371 2372/2372/2372
f 2307/2307/2307 2372/2372/2372 2308/2308/2308
f 2308/2308/2308 2372/2372/2372 2373/2373/2373
f 2308/2308/2308 2373/2373/2373 2309/2309/2309
f 2309/2309/2309 2373/2373/2373 2374/2374/2374
f 2309/2309/2309 2374/2374/2374 2310/2310/2310
f 2310/2310/2310 2374/2374/2374 2375/2375/2375
f 2310/2310/2310 2375/2375/2375 2311/2311/2311
f 2311/2311/2311 2375/2375/2375 2376/2376/2376
f 2311/2311/2311 2376/2376/2376 2312/2312/2312
f 2312/2312/2312 2376/2376/2376 2377/2377/2377
f 2312/2312/2312 2377/2377/2377 2313/2313/2313
f 2313/2313/2313 2377/2377/2377 2378/2378/2378
f 2313/2313/2313 2378/2378/2378 2314/2314/2314
f 2314/2314/2314 2378/2378/2378 2379/2379/2379
f 2314/2314/2314 2379/2379/2379 2315/2315/2315
f 2315/2315/2315 2379/2379/2379 2380/2380/2380
f 2315/2315/2315 2380/2380/2380 2316/2316/2316
f 2316/2316/2316 2380/2380/2380 2381/2381/2381
f 2316/2316/2316 2381/2381/2381 2317/2317/2317
f 2317/2317/2317 2381/2381/2381 2382/2382/2382
f 2317/2317/2317 2382/2382/2382 2318/2318/2318
f 2318/2318/2318 2382/2382/2382 2383/2383/2383
f 2318/2318/2318 2383/2383/2383 2319/2319/2319
f 2319/2319/2319 2383/2383/2383 2384/2384/2384
f 2319/2319/2319 2384/2384/2384 2320/2320/2320
f 2320/2320/2320 2384/2384/2384 2385/2385/2385
f 2320/2320/2320 2385/2385/2385 2321/2321/2321
f 2321/2321/2321 2385/2385/2385 2386/2386/2386
f 2321/2321/2321 2386/2386/2386 2322/2322/2322
f 2322/2322/2322 2386/2386/2386 2387/2387/2387
f 2322/2322/2322 2387/2387/2387 2323/2323/2323
f 2323/2323/2323 2387/2387/2387 2388/2388/2388
f 2323/2323/2323 2388/2388/2388 2324/2324/2324
f 2324/2324/2324 2388/2388/2388 2389/2389/2389
f 2324/2324/2324 2389/2389/2389 2325/2325/2325
f 2325/2325/2325 2389/2389/2389 2390/2390/2390
f 2325/2325/2325 2390/2390/2390 2326/2326/2326
f 2326/2326/2326 2390/2390/2390 2391/2391/2391
f 2326/2326/2326 2391/2391/2391 2327/2327/2327
f 2327/2327/2327 2391/2391/2391 2392/2392/2392
f 2327/2327/2327 2392/2392/2392 2328/2328/2328
f 2328/2328/2328 2392/2392/2392 2393/2393/2393
f 2328/2328/2328 2393/2393/2393 2329/2329/2329
f 2329/2329/2329 2393/2393/2393 2394/2394/2394
f 2329/2329/2329 2394/2394/2394 2330/2330/2330
f 2330/2330/2330 2394/2394/2394 2395/2395/2395
f 2330/2330/2330 2395/2395/2395 2331/2331/2331
f 2331/2331/2331 2395/2395/2395 2396/2396/2396
f 2331/2331/2331 2396/2396/2396 2332/2332/2332
f 2332/2332/2332 2396/2396/2396 2397/2397/2397
f 2332/2332/2332 2397/2397/2397 2333/2333/2333
f 2333/2333/2333 2397/2397/2397 2398/2398/2398
f 2333/2333/2333 2398/2398/2398 2334/2334/2334
f 2334/2334/2334 2398/2398/2398 2399/2399/2399
f 2334/2334/2334 2399/2399/2399 2335/2335/2335
f 2335/2335/2335 2399/2399/2399 2400/2400/2400
f 2335/2335/2335 2400/2400/2400 2336/2336/2336
f 2336/2336/2336 2400/2400/2400 2401/2401/2401
f 2336/2336/2336 2401/2401/2401 2337/2337/2337
f 2337/2337/2337 2401/2401/2401 2402/2402/2402
f 2337/2337/2337 2402/2402/2402 2338/2338/2338
f 2338/2338/2338 2402/2402/2402 2403/2403/2403
f 2338/2338/2338 2403/2403/2403 2339/2339/2339
f 2339/2339/2339 2403/2403/2403 2404/2404/2404
f 2339/2339/2339 2404/2404/2404 2340/2340/2340
f 2340/2340/2340 2404/2404/2404 2405/2405/2405
f 2341/2341/2341 2406/2406/2406 2342/2342/2342
f 2342/2342/2342 2406/2406/2406 2407/2407/2407
f 2342/2342/2342 2407/2407/2407 2343/2343/2343
f 2343/2343/2343 2407/2407/2407 2408/2408/2408
f 2343/2343/2343 2408/2408/2408 2344/2344/2344
f 2344/2344/2344 2408/2408/2408 2409/2409/2409
f 2344/2344/2344 2409/2409/2409 2345/2345/2345
f 2345/2345/2345 2409/2409/2409 2410/2410/2410
f 2345/2345/2345 2410/2410/2410 2346/2346/2346
f 2346/2346/2346 2410/2410/2410 2411/2411/2411
f 2346/2346/2346 2411/2411/2411 2347/2347/2347
f 2347/2347/2347 2411/2411/2411 2412/2412/2412
f 2347/2347/2347 2412/2412/2412 2348/2348/2348
f 2348/2348/2348 2412/2412/2412 2413/2413/2413
f 2348/2348/2348 2413/2413/2413 2349/2349/2349
f 2349/2349/2349 2413/2413/2413 2414/2414/2414
f 2349/2349/2349 2414/2414/2414 2350/2350/2350
f 2350/2350/2350 2414/2414/2414 2415/2415/2415
f 2350/2350/2350 2415/2415/2415 2351/2351/2351
f 2351/2351/2351 2415/2415/2415 2416/2416/2416
f 2351/2351/2351 2416/2416/2416 2352/2352/2352
f 2352/2352/2352 2416/2416/2416 2417/2417/2417
f 2352/2352/2352 2417/2417/2417 2353/2353/2353
f 2353/2353/2353 2417/2417/2417 2418/2418/2418
f 2353/2353/2353 2418/2418/2418 2354/2354/2354
f 2354/2354/2354 2418/2418/2418 2419/2419/2419
f 2354/2354/2354 2419/2419/2419 2355/2355/2355
f 2355/2355/2355 2419/2419/2419 2420/2420/2420
f 2355/2355/2355 2420/2420/2420 2356/2356/2356
f 2356/2356/2356 2420/2420/2420 2421/2421/2421
f 2356/2356/2356 2421/2421/2421 2357/2357/2357
f 2357/2357/2357 2421/2421/2421 2422/2422/2422
f 2357/2357/2357 2422/2422/2422 2358/2358/2358
f 2358/2358/2358 2422/2422/2422 2423/2423/2423
f 2358/2358/2358 2423/2423/2423 2359/2359/2359
f 2359/2359/2359 2423/2423/2423 2424/2424/2424
f 2359/2359/2359 2424/2424/2424 2360/2360/2360
f 2360/2360/2360 2424/2424/2424 2425/2425/2425
f 2360/2360/2360 2425/2425/2425 2361/2361/2361
f 2361/2361/2361 2425/2425/2425 2426/2426/2426
f 2361/2361/2361 2426/2426/2426 2362/2362/2362
f 2362/2362/2362 2426/2426/2426 2427/2427/2427
f 2362/2362/2362 2427/2427/2427 2363/2363/2363
f 2363/2363/2363 2427/2427/2427 2428/2428/2428
f 2363/2363/2363 2428/2428/2428 2364/2364/2364
f 2364/2364/2364 2428/2428/2428 2429/2429/2429
f 2364/2364/2364 2429/2429/2429 2365/2365/2365
f 2365/2365/2365 2429/2429/2429 2430/2430/2430
f 2365/2365/2365 2430/2430/2430 2366/2366/2366
f 2366/2366/2366 2430/2430/2430 2431/2431/2431
f 2366/2366/2366 2431/2431/2431 2367/2367/2367
f 2367/2367/2367 2431/2431/2431 2432/2432/2432
f 2367/2367/2367 2432/2432/2432 2368/2368/2368
f 2368/2368/2368 2432/2432/2432 2433/2433/2433
f 2368/2368/2368 2433/2433/2433 2369/2369/2369
f 2369/2369/2369 2433/2433/2433 2434/2434/2434
f 2369/2369/2369 2434/2434/2434 2370/2370/2370
f 2370/2370/2370 2434/2434/2434 2435/2435/2435
f 2370/2370/2370 2435/2435/2435 2371/2371/2371
f 2371/2371/2371 2435/2435/2435 2436/2436/2436
f 2371/2371/2371 2436/2436/2436 2372/2372/2372
f 2372/2372/2372 2436/2436/2436 2437/2437/2437
f 2372/2372/2372 2437/2437/2437 2373/2373/2373
f 2373/2373/2373 2437/2437/2437 2438/2438/2438
f 2373/2373/2373 2438/2438/2438 2374/2374/2374
f 2374/2374/2374 2438/2438/2438 2439/2439/2439
f 2374/2374/2374 2439/2439/2439 2375/2375/2375
f 2375/2375/2375 2439/2439/2439 2440/2440/2440
f 2375/2375/2375 2440/2440/2440 2376/2376/2376
f 2376/2376/2376 2440/2440/2440 2441/2441/2441
f 2376/2376/2376 2441/2441/2441 2377/2377/2377
f 2377/2377/2377 2441/2441/2441 2442/2442/2442
f 2377/2377/2377 2442/2442/2442 2378/2378/2378
f 2378/2378/2378 2442/2442/2442 2443/2443/2443
f 2378/2378/2378 2443/2443/2443 2379/2379/2379
f 2379/2379/2379 2443/2443/2443 2444/2444/2444
f 2379/2379/2379 2444/2444/2444 2380/2380/2380
f 2380/2380/2380 2444/2444/2444 2445/2445/2445
f 2380/2380/2380 2445/2445/2445 2381/2381/2381
f 2381/2381/2381 2445/2445/2445 2446/2446/2446
f 2381/2381/2381 2446/2446/2446 2382/2382/2382
f 2382/2382/2382 2446/2446/2446 2447/2447/2447
f 2382/2382/2382 2447/2447/2447 2383/2383/2383
f 2383/2383/2383 2447/2447/2447 2448/2448/2448
f 2383/2383/2383 2448/2448/2448 2384/2384/2384
f 2384/2384/2384 2448/2448/2448 2449/2449/2449
f 2384/2384/2384 2449/2449/2449 2385/2385/2385
f 2385/2385/2385 2449/2449/2449 2450/2450/2450
f 2385/2385/2385 2450/2450/2450 2386/2386/2386
f 2386/2386/2386 2450/2450/2450 2451/2451/2451
f 2386/2386/2386 2451/2451/2451 2387/2387/2387
f 2387/2387/2387 2451/2451/2451 2452/2452/2452
f 2387/2387/2387 2452/2452/2452 2388/2388/2388
f 2388/2388/2388 2452/2452/2452 2453/2453/2453
f 2388/2388/2388 2453/2453/2453 2389/2389/2389
f 2389/2389/2389 2453/2453/2453 2454/2454/2454
f 2389/2389/2389 2454/2454/2454 2390/2390/2390
f 2390/2390/2390 2454/2454/2454 2455/2455/2455
f 2390/2390/2390 2455/2455/2455 2391/2391/2391
f 2391/2391/2391 2455/2455/2455 2456/2456/2456
f 2391/2391/2391 2456/2456/2456 2392/2392/2392
f 2392/2392/2392 2456/2456/2456 2457/2457/2457
f 2392/2392/2392 2457/2457/2457 2393/2393/2393
f 2393/2393/2393 2457/2457/2457 2458/2458/2458
f 2393/2393/2393 2458/2458/2458 2394/2394/2394
f 2394/2394/2394 2458/2458/2458 2459/2459/2459
f 2394/2394/2394 2459/2459/2459 2395/2395/2395
f 2395/2395/2395 2459/2459/2459 2460/2460/2460
f 2395/2395/2395 2460/2460/2460 2396/2396/2396
f 2396/2396/2396 2460/2460/2460 2461/2461/2461
f 2396/2396/2396 2461/2461/2461 2397/2397/2397
f 2397/2397/2397 2461/2461/2461 2462/2462/2462
f 2397/2397/2397 2462/2462/2462 2398/2398/2398
f 2398/2398/2398 2462/2462/2462 2463/2463/2463
f 2398/2398/2398 2463/2463/2463 2399/2399/2399
f 2399/2399/2399 2463/2463/2463 2464/2464/2464
f 2399/2399/2399 2464/2464/2464 2400/2400/2400
f 2400/2400/2400 2464/2464/2464 2465/2465/2465
f 2400/2400/2400 2465/2465/2465 2401/2401/2401
f 2401/2401/2401 2465/2465/2465 2466/2466/2466
f 2401/2401/2401 2466/2466/2466 2402/2402/2402
f 2402/2402/2402 2466/2466/2466 2467/2467/2467
f 2402/2402/2402 2467/2467/2467 2403/2403/2403
f 2403/2403/2403 2467/2467/2467 2468/2468/2468
f 2403/2403/2403 2468/2468/2468 2404/2404/2404
f 2404/2404/2404 2468/2468/2468 2469/2469/2469
f 2404/2404/2404 2469/2469/2469 2405/2405/2405
f 2405/2405/2405 2469/2469/2469 2470/2470/2470
f 2406/2406/2406 2471/2471/2471 2407/2407/2407
f 2407/2407/2407 2471/2471/2471 2472/2472/2472
f 2407/2407/2407 2472/2472/2472 2408/2408/2408
f 2408/2408/2408 2472/2472/2472 2473/2473/2473
f 2408/2408/2408 2473/2473/2473 2409/2409/2409
f 2409/2409/2409 2473/2473/2473 2474/2474/2474
f 2409/2409/2409 2474/2474/2474 2410/2410/2410
f 2410/2410/2410 2474/2474/2474 2475/2475/2475
f 2410/2410/2410 2475/2475/2475 2411/2411/2411
f 2411/2411/2411 2475/2475/2475 2476/2476/2476
f 2411/2411/2411 2476/2476/2476 2412/2412/2412
f 2412/2412/2412 2476/2476/2476 2477/2477/2477
f 2412/2412/2412 2477/2477/2477 2413/2413/2413
f 2413/2413/2413 2477/2477/2477 2478/2478/2478
f 2413/2413/2413 2478/2478/2478 2414/2414/2414
f 2414/2414/2414 2478/2478/2478 2479/2479/2479
f 2414/2414/2414 2479/2479/2479 2415/2415/2415
f 2415/2415/2415 2479/2479/2479 2480/2480/2480
f 2415/2415/2415 2480/2480/2480 2416/2416/2416
f 2416/2416/2416 2480/2480/2480 2481/2481/2481
f 2416/2416/2416 2481/2481/2481 2417/2417/2417
f 2417/2417/2417 2481/2481/2481 2482/2482/2482
f 2417/2417/2417 2482/2482/2482 2418/2418/2418
f 2418/2418/2418 2482/2482/2482 2483/2483/2483
f 2418/2418/2418 2483/2483/2483 2419/2419/2419
f 2419/2419/2419 2483/2483/2483 2484/2484/2484
f 2419/2419/2419 2484/2484/2484 2420/2420/2420
f 2420/2420/2420 2484/2484/2484 2485/2485/2485
f 2420/2420/2420 2485/2485/2485 2421/2421/2421
f 2421/2421/2421 2485/2485/2485 2486/2486/2486
f 2421/2421/2421 2486/2486/2486 2422/2422/2422
f 2422/2422/2422 2486/2486/2486 2487/2487/2487
f 2422/2422/2422 2487/2487/2487 2423/2423/2423
f 2423/2423/2423 2487/2487/2487 2488/2488/2488
f 2423/2423/2423 2488/2488/2488 2424/2424/2424
f 2424/2424/2424 2488/2488/2488 2489/2489/2489
f 2424/2424/2424 2489/2489/2489 2425/2425/2425
f 2425/2425/2425 2489/2489/2489 2490/2490/2490
f 2425/2425/2425 2490/2490/2490 2426/2426/2426
f 2426/2426/2426 2490/2490/2490 2491/2491/2491
f 2426/2426/2426 2491/2491/2491 2427/2427/2427
f 2427/2427/2427 2491/2491/2491 2492/2492/2492
f 2427/2427/2427 2492/2492/2492 2428/2428/2428
f 2428/2428/2428 2492/2492/2492 2493/2493/2493
f 2428/2428/2428 2493/2493/2493 2429/2429/2429
f 2429/2429/2429 2493/2493/2493 2494/2494/2494
f 2429/2429/2429 2494/2494/2494 2430/2430/2430
f 2430/2430/2430 2494/2494/2494 2495/2495/2495
f 2430/2430/2430 2495/2495/2495 2431/2431/2431
f 2431/2431/2431 2495/2495/2495 2496/2496/2496
f 2431/2431/2431 2496/2496/2496 2432/2432/2432
f 2432/2432/2432 2496/2496/2496 2497/2497/2497
f 2432/2432/2432 2497/2497/2497 2433/2433/2433
f 2433/2433/2433 2497/2497/2497 2498/2498/2498
f 2433/2433/2433 2498/2498/2498 2434/2434/2434
f 2434/2434/2434 2498/2498/2498 2499/2499/2499
f 2434/2434/2434 2499/2499/2499 2435/2435/2435
f 2435/2435/2435 2499/2499/2499 2500/2500/2500
f 2435/2435/2435 2500/2500/2500 2436/2436/2436
f 2436/2436/2436 2500/2500/2500 2501/2501/2501
f 2436/2436/2436 2501/2501/2501 2437/2437/2437
f 2437/2437/2437 2501/2501/2501 2502/2502/2502
f 2437/2437/2437 2502/2502/2502 2438/2438/2438
f 2438/2438/2438 2502/2502/2502 2503/2503/2503
f 2438/2438/2438 2503/2503/2503 2439/2439/2439
f 2439/2439/2439 2503/2503/2503 2504/2504/2504
f 2439/2439/2439 2504/2504/2504 2440/2440/2440
f 2440/2440/2440 2504/2504/2504 2505/2505/2505
f 2440/2440/2440 2505/2505/2505 2441/2441/2441
f 2441/2441/2441 2505/2505/2505 2506/2506/2506
f 2441/2441/2441 2506/2506/2506 2442/2442/2442
f 2442/2442/2442 2506/2506/2506 2507/2507/2507
f 2442/2442/2442 2507/2507/2507 2443/2443/2443
f 2443/2443/2443 2507/2507/2507 2508/2508/2508
f 2443/2443/2443 2508/2508/2508 2444/2444/2444
f 2444/2444/2444 2508/2508/2508 2509/2509/2509
f 2444/2444/2444 2509/2509/2509 2445/2445/2445
f 2445/2445/2445 2509/2509/2509 2510/2510/2510
f 2445/2445/2445 2510/2510/2510 2446/2446/2446
f 2446/2446/2446 2510/2510/2510 2511/2511/2511
f 2446/2446/2446 2511/2511/2511 2447/2447/2447
f 2447/2447/2447 2511/2511/2511 2512/2512/2512
f 2447/2447/2447 2512/2512/2512 2448/2448/2448
f 2448/2448/2448 2512/2512/2512 2513/2513/2513
f 2448/2448/2448 2513/2513/2513 2449/2449/2449
f 2449/2449/2449 2513/2513/2513 2514/2514/2514
f 2449/2449/2449 2514/2514/2514 2450/2450/2450
f 2450/2450/2450 2514/2514/2514 2515/2515/2515
f 2450/2450/2450 2515/2515/2515 2451/2451/2451
f 2451/2451/2451 2515/2515/2515 2516/2516/2516
f 2451/2451/2451 2516/2516/2516 2452/2452/2452
f 2452/2452/2452 2516/2516/2516 2517/2517/2517
f 2452/2452/2452 2517/2517/2517 2453/2453/2453
f 2453/2453/2453 2517/2517/2517 2518/2518/2518
f 2453/2453/2453 2518/2518/2518 2454/2454/2454
f 2454/2454/2454 2518/2518/2518 2519/2519/2519
f 2454/2454/2454 2519/2519/2519 2455/2455/2455
f 2455/2455/2455 2519/2519/2519 2520/2520/2520
f 2455/2455/2455 2520/2520/2520 2456/2456/2456
f 2456/2456/2456 2520/2520/2520 2521/2521/2521
f 2456/2456/2456 2521/2521/2521 2457/2457/2457
f 2457/2457/2457 2521/2521/2521 2522/2522/2522
f 2457/2457/2457 2522/2522/2522 2458/2458/2458
f 2458/2458/2458 2522/2522/2522 2523/2523/2523
f 2458/2458/2458 2523/2523/2523 2459/2459/2459
f 2459/2459/2459 2523/2523/2523 2524/2524/2524
f 2459/2459/2459 2524/2524/2524 2460/2460/2460
f 2460/2460/2460 2524/2524/2524 2525/2525/2525
f 2460/2460/2460 2525/2525/2525 2461/2461/2461
f 2461/2461/2461 2525/2525/2525 2526/2526/2526
f 2461/2461/2461 2526/2526/2526 2462/2462/2462
f 2462/2462/2462 2526/2526/2526 2527/2527/2527
f 2462/2462/2462 2527/2527/2527 2463/2463/2463
f 2463/2463/2463 2527/2527/2527 2528/2528/2528
f 2463/2463/2463 2528/2528/2528 2464/2464/2464
f 2464/2464/2464 2528/2528/2528 2529/2529/2529
f 2464/2464/2464 2529/2529/2529 2465/2465/2465
f 2465/2465/2465 2529/2529/2529 2530/2530/2530
f 2465/2465/2465 2530/2530/2530 2466/2466/2466
f 2466/2466/2466 2530/2530/2530 2531/2531/2531
f 2466/2466/2466 2531/2531/2531 2467/2467/2467
f 2467/2467/2467 2531/2531/2531 2532/2532/2532
f 2467/2467/2467 2532/2532/2532 2468/2468/2468
f 2468/2468/2468 2532/2532/2532 2533/2533/2533
f 2468/2468/2468 2533/2533/2533 2469/2469/2469
f 2469/2469/2469 2533/2533/2533 2534/2534/2534
f 2469/2469/2469 2534/2534/2534 2470/2470/2470
f 2470/2470/2470 2534/2534/2534 2535/2535/2535
f 2471/2471/2471 2536/2536/2536 2472/2472/2472
f 2472/2472/2472 2536/2536/2536 2537/2537/2537
f 2472/2472/2472 2537/2537/2537 2473/2473/2473
f 2473/2473/2473 2537/2537/2537 2538/2538/2538
f 2473/2473/2473 2538/2538/2538 2474/2474/2474
f 2474/2474/2474 2538/2538/2538 2539/2539/2539
f 2474/2474/2474 2539/2539/2539 2475/2475/2475
f 2475/2475/2475 2539/2539/2539 2540/2540/2540
f 2475/2475/2475 2540/2540/2540 2476/2476/2476
f 2476/2476/2476 2540/2540/2540 2541/2541/2541
f 2476/2476/2476 2541/2541/2541 2477/2477/2477
f 2477/2477/2477 2541/2541/2541 2542/2542/2542
f 2477/2477/2477 2542/2542/2542 2478/2478/2478
f 2478/2478/2478 2542/2542/2542 2543/2543/2543
f 2478/2478/2478 2543/2543/2543 2479/2479/2479
f 2479/2479/2479 2543/2543/2543 2544/2544/2544
f 2479/2479/2479 2544/2544/2544 2480/2480/2480
f 2480/2480/2480 2544/2544/2544 2545/2545/2545
f 2480/2480/2480 2545/2545/2545 2481/2481/2481
f 2481/2481/2481 2545/2545/2545 2546/2546/2546
f 2481/2481/2481 2546/2546/2546 2482/2482/2482
f 2482/2482/2482 2546/2546/2546 2547/2547/2547
f 2482/2482/2482 2547/2547/2547 2483/2483/2483
f 2483/2483/2483 2547/2547/2547 2548/2548/2548
f 2483/2483/2483 2548/2548/2548 2484/2484/2484
f 2484/2484/2484 2548/2548/2548 2549/2549/2549
f 2484/2484/2484 2549/2549/2549 2485/2485/2485
f 2485/2485/2485 2549/2549/2549 2550/2550/2550
f 2485/2485/2485 2550/2550/2550 2486/2486/2486
f 2486/2486/2486 2550/2550/2550 2551/2551/2551
f 2486/2486/2486 2551/2551/2551 2487/2487/2487
f 2487/2487/2487 2551/2551/2551 2552/2552/2552
f 2487/2487/2487 2552/2552/2552 2488/2488/2488
f 2488/2488/2488 2552/2552/2552 2553/2553/2553
f 2488/2488/2488 2553/2553/2553 2489/2489/2489
f 2489/2489/2489 2553/2553/2553 2554/2554/2554
f 2489/2489/2489 2554/2554/2554 2490/2490/2490
f 2490/2490/2490 2554/2554/2554 2555/2555/2555
f 2490/2490/2490 2555/2555/2555 2491/2491/2491
f 2491/2491/2491 2555/2555/2555 2556/2556/2556
f 2491/2491/2491 2556/2556/2556 2492/2492/2492
f 2492/2492/2492 2556/2556/2556 2557/2557/2557
f 2492/2492/2492 2557/2557/2557 2493/2493/2493
f 2493/2493/2493 2557/2557/2557 2558/2558/2558
f 2493/2493/2493 2558/2558/2558 2494/2494/2494
f 2494/2494/2494 2558/2558/2558 2559/2559/2559
f 2494/2494/2494 2559/2559/2559 2495/2495/2495
f 2495/2495/2495 2559/2559/2559 2560/2560/2560
f 2495/2495/2495 2560/2560/2560 2496/2496/2496
f 2496/2496/2496 2560/2560/2560 2561/2561/2561
f 2496/2496/2496 2561/2561/2561 2497/2497/2497
f 2497/2497/2497 2561/2561/2561 2562/2562/2562
f 2497/2497/2497 2562/2562/2562 2498/2498/2498
f 2498/2498/2498 2562/2562/2562 2563/2563/2563
f 2498/2498/2498 2563/2563/2563 2499/2499/2499
f 2499/2499/2499 2563/2563/2563 2564/2564/2564
f 2499/2499/2499 2564/2564/2564 2500/2500/2500
f 2500/2500/2500 2564/2564/2564 2565/2565/2565
f 2500/2500/2500 2565/2565/2565 2501/2501/2501
f 2501/2501/2501 2565/2565/2565 2566/2566/2566
f 2501/2501/2501 2566/2566/2566 2502/2502/2502
f 2502/2502/2502 2566/2566/2566 2567/2567/2567
f 2502/2502/2502 2567/2567/2567 2503/2503/2503
f 2503/2503/2503 2567/2567/2567 2568/2568/2568
f 2503/2503/2503 2568/2568/2568 2504/2504/2504
f 2504/2504/2504 2568/2568/2568 2569/2569/2569
f 2504/2504/2504 2569/2569/2569 2505/2505/2505
f 2505/2505/2505 2569/2569/2569 2570/2570/2570
f 2505/2505/2505 2570/2570/2570 2506/2506/2506
f 2506/2506/2506 2570/2570/2570 2571/2571/2571
f 2506/2506/2506 2571/2571/2571 2507/2507/2507
f 2507/2507/2507 2571/2571/2571 2572/2572/2572
f 2507/2507/2507 2572/2572/2572 2508/2508/2508
f 2508/2508/2508 2572/2572/2572 2573/2573/2573
f 2508/2508/2508 2573/2573/2573 2509/2509/2509
f 2509/2509/2509 2573/2573/2573 2574/2574/2574
f 2509/2509/2509 2574/2574/2574 2510/2510/2510
f 2510/2510/2510 2574/2574/2574 2575/2575/2575
f 2510/2510/2510 2575/2575/2575 2511/2511/2511
f 2511/2511/2511 2575/2575/2575 2576/2576/2576
f 2511/2511/2511 2576/2576/2576 2512/2512/2512
f 2512/2512/2512 2576/2576/2576 2577/2577/2577
f 2512/2512/2512 2577/2577/2577 2513/2513/2513
f 2513/2513/2513 2577/2577/2577 2578/2578/2578
f 2513/2513/2513 2578/2578/2578 2514/2514/2514
f 2514/2514/2514 2578/2578/2578 2579/2579/2579
f 2514/2514/2514 2579/2579/2579 2515/2515/2515
f 2515/2515/2515 2579/2579/2579 2580/2580/2580
f 2515/2515/2515 2580/2580/2580 2516/2516/2516
f 2516/2516/2516 2580/2580/2580 2581/2581/2581
f 2516/2516/2516 2581/2581/2581 2517/2517/2517
f 2517/2517/2517 2581/2581/2581 2582/2582/2582
f 2517/2517/2517 2582/2582/2582 2518/2518/2518
f 2518/2518/2518 2582/2582/2582 2583/2583/2583
f 2518/2518/2518 2583/2583/2583 2519/2519/2519
f 2519/2519/2519 2583/2583/2583 2584/2584/2584
f 2519/2519/2519 2584/2584/2584 2520/2520/2520
f 2520/2520/2520 2584/2584/2584 2585/2585/2585
f 2520/2520/2520 2585/2585/2585 2521/2521/2521
f 2521/2521/2521 2585/2585/2585 2586/2586/2586
f 2521/2521/2521 2586/2586/2586 2522/2522/2522
f 2522/2522/2522 2586/2586/2586 2587/2587/2587
f 2522/2522/2522 2587/2587/2587 2523/2523/2523
f 2523/2523/2523 2587/2587/2587 2588/2588/2588
f 2523/2523/2523 2588/2588/2588 2524/2524/2524
f 2524/2524/2524 2588/2588/2588 2589/2589/2589
f 2524/2524/2524 2589/2589/2589 2525/2525/2525
f 2525/2525/2525 2589/2589/2589 2590/2590/2590
f 2525/2525/2525 2590/2590/2590 2526/2526/2526
f 2526/2526/2526 2590/2590/2590 2591/2591/2591
f 2526/2526/2526 2591/2591/2591 2527/2527/2527
f 2527/2527/2527 2591/2591/2591 2592/2592/2592
f 2527/2527/2527 2592/2592/2592 2528/2528/2528
f 2528/2528/2528 2592/2592/2592 2593/2593/2593
f 2528/2528/2528 2593/2593/2593 2529/2529/2529
f 2529/2529/2529 2593/2593/2593 2594/2594/2594
f 2529/2529/2529 2594/2594/2594 2530/2530/2530
f 2530/2530/2530 2594/2594/2594 2595/2595/2595
f 2530/2530/2530 2595/2595/2595 2531/2531/2531
f 2531/2531/2531 2595/2595/2595 2596/2596/2596
f 2531/2531/2531 2596/2596/2596 2532/2532/2532
f 2532/2532/2532 2596/2596/2596 2597/2597/2597
f 2532/2532/2532 2597/2597/2597 2533/2533/2533
f 2533/2533/2533 2597/2597/2597 2598/2598/2598
f 2533/2533/2533 2598/2598/2598 2534/2534/2534
f 2534/2534/2534 2598/2598/2598 2599/2599/2599
f 2534/2534/2534 2599/2599/2599 2535/2535/2535
f 2535/2535/2535 2599/2599/2599 2600/2600/2600
f 2536/2536/2536 2601/2601/2601 2537/2537/2537
f 2537/2537/2537 2601/2601/2601 2602/2602/2602
f 2537/2537/2537 2602/2602/2602 2538/2538/2538
f 2538/2538/2538 2602/2602/2602 2603/2603/2603
f 2538/2538/2538 2603/2603/2603 2539/2539/2539
f 2539/2539/2539 2603/2603/2603 2604/2604/2604
f 2539/2539/2539 2604/2604/2604 2540/2540/2540
f 2540/2540/2540 2604/2604/2604 2605/2605/2605
f 2540/2540/2540 2605/2605/2605 2541/2541/2541
f 2541/2541/2541 2605/2605/2605 2606/2606/2606
f 2541/2541/2541 2606/2606/2606 2542/2542/2542
f 2542/2542/2542 2606/2606/2606 2607/2607/2607
f 2542/2542/2542 2607/2607/2607 2543/2543/2543
f 2543/2543/2543 2607/2607/2607 2608/2608/2608
f 2543/2543/2543 2608/2608/2608 2544/2544/2544
f 2544/2544/2544 2608/2608/2608 2609/2609/2609
f 2544/2544/2544 2609/2609/2609 2545/2545/2545
f 2545/2545/2545 2609/2609/2609 2610/2610/2610
f 2545/2545/2545 2610/2610/2610 2546/2546/2546
f 2546/2546/2546 2610/2610/2610 2611/2611/2611
f 2546/2546/2546 2611/2611/2611 2547/2547/2547
f 2547/2547/2547 2611/2611/2611 2612/2612/2612
f 2547/2547/2547 2612/2612/2612 2548/2548/2548
f 2548/2548/2548 2612/2612/2612 2613/2613/2613
f 2548/2548/2548 2613/2613/2613 2549/2549/2549
f 2549/2549/2549 2613/2613/2613 2614/2614/2614
f 2549/2549/2549 2614/2614/2614 2550/2550/2550
f 2550/2550/2550 2614/2614/2614 2615/2615/2615
f 2550/2550/2550 2615/2615/2615 2551/2551/2551
f 2551/2551/2551 2615/2615/2615 2616/2616/2616
f 2551/2551/2551 2616/2616/2616 2552/2552/2552
f 2552/2552/2552 2616/2616/2616 2617/2617/2617
f 2552/2552/2552 2617/2617/2617 2553/2553/2553
f 2553/2553/2553 2617/2617/2617 2618/2618/2618
f 2553/2553/2553 2618/2618/2618 2554/2554/2554
f 2554/2554/2554 2618/2618/2618 2619/2619/2619
f 2554/2554/2554 2619/2619/2619 2555/2555/2555
f 2555/2555/2555 2619/2619/2619 2620/2620/2620
f 2555/2555/2555 2620/2620/2620 2556/2556/2556
f 2556/2556/2556 2620/2620/2620 2621/2621/2621
f 2556/2556/2556 2621/2621/2621 2557/2557/2557
f 2557/2557/2557 2621/2621/2621 2622/2622/2622
f 2557/2557/2557 2622/2622/2622 2558/2558/2558
f 2558/2558/2558 2622/2622/2622 2623/2623/2623
f 2558/2558/2558 2623/2623/2623 2559/2559/2559
f 2559/2559/2559 2623/2623/2623 2624/2624/2624
f 2559/2559/2559 2624/2624/2624 2560/2560/2560
f 2560/2560/2560 2624/2624/2624 2625/2625/2625
f 2560/2560/2560 2625/2625/2625 2561/2561/2561
f 2561/2561/2561 2625/2625/2625 2626/2626/2626
f 2561/2561/2561 2626/2626/2626 2562/2562/2562
f 2562/2562/2562 2626/2626/2626 2627/2627/2627
f 2562/2562/2562 2627/2627/2627 2563/2563/2563
f 2563/2563/2563 2627/2627/2627 2628/2628/2628
f 2563/2563/2563 2628/2628/2628 2564/2564/2564
f 2564/2564/2564 2628/2628/2628 2629/2629/2629
f 2564/2564/2564 2629/2629/2629 2565/2565/2565
f 2565/2565/2565 2629/2629/2629 2630/2630/2630
f 2565/2565/2565 2630/2630/2630 2566/2566/2566
f 2566/2566/2566 2630/2630/2630 2631/2631/2631
f 2566/2566/2566 2631/2631/2631 2567/2567/2567
f 2567/2567/2567 2631/2631/2631 2632/2632/2632
f 2567/2567/2567 2632/2632/2632 2568/2568/2568
f 2568/2568/2568 2632/2632/2632 2633/2633/2633
f 2568/2568/2568 2633/2633/2633 2569/2569/2569
f 2569/2569/2569 2633/2633/2633 2634/2634/2634
f 2569/2569/2569 2634/2634/2634 2570/2570/2570
f 2570/2570/2570 2634/2634/2634 2635/2635/2635
f 2570/2570/2570 2635/2635/2635 2571/2571/2571
f 2571/2571/2571 2635/2635/2635 2636/2636/2636
f 2571/2571/2571 2636/2636/2636 2572/2572/2572
f 2572/2572/2572 2636/2636/2636 2637/2637/2637
f 2572/2572/2572 2637/2637/2637 2573/2573/2573
f 2573/2573/2573 2637/2637/2637 2638/2638/2638
f 2573/2573/2573 2638/2638/2638 2574/2574/2574
f 2574/2574/2574 2638/2638/2638 2639/2639/2639
f 2574/2574/2574 2639/2639/2639 2575/2575/2575
f 2575/2575/2575 2639/2639/2639 2640/2640/2640
f 2575/2575/2575 2640/2640/2640 2576/2576/2576
f 2576/2576/2576 2640/2640/2640 2641/2641/2641
f 2576/2576/2576 2641/2641/2641 2577/2577/2577
f 2577/2577/2577 2641/2641/2641 2642/2642/2642
f 2577/2577/2577 2642/2642/2642 2578/2578/2578
f 2578/2578/2578 2642/2642/2642 2643/2643/2643
f 2578/2578/2578 2643/2643/2643 2579/2579/2579
f 2579/2579/2579 2643/2643/2643 2644/2644/2644
f 2579/2579/2579 2644/2644/2644 2580/2580/2580
f 2580/2580/2580 2644/2644/2644 2645/2645/2645
f 2580/2580/2580 2645/2645/2645 2581/2581/2581
f 2581/2581/2581 2645/2645/2645 2646/2646/2646
f 2581/2581/2581 2646/2646/2646 2582/2582/2582
f 2582/2582/2582 2646/2646/2646 2647/2647/2647
f 2582/2582/2582 2647/2647/2647 2583/2583/2583
f 2583/2583/2583 2647/2647/2647 2648/2648/2648
f 2583/2583/2583 2648/2648/2648 2584/2584/2584
f 2584/2584/2584 2648/2648/2648 2649/2649/2649
f 2584/2584/2584 2649/2649/2649 2585/2585/2585
f 2585/2585/2585 2649/2649/2649 2650/2650/2650
f 2585/2585/2585 2650/2650/2650 2586/2586/2586
f 2586/2586/2586 2650/2650/2650 2651/2651/2651
f 2586/2586/2586 2651/2651/2651 2587/2587/2587
f 2587/2587/2587 2651/2651/2651 2652/2652/2652
f 2587/2587/2587 2652/2652/2652 2588/2588/2588
f 2588/2588/2588 2652/2652/2652 2653/2653/2653
f 2588/2588/2588 2653/2653/2653 2589/2589/2589
f 2589/2589/2589 2653/2653/2653 2654/2654/2654
f 2589/2589/2589 2654/2654/2654 2590/2590/2590
f 2590/2590/2590 2654/2654/2654 2655/2655/2655
f 2590/2590/2590 2655/2655/2655 2591/2591/2591
f 2591/2591/2591 2655/2655/2655 2656/2656/2656
f 2591/2591/2591 2656/2656/2656 2592/2592/2592
f 2592/2592/2592 2656/2656/2656 2657/2657/2657
f 2592/2592/2592 2657/2657/2657 2593/2593/2593
f 2593/2593/2593 2657/2657/2657 2658/2658/2658
f 2593/2593/2593 2658/2658/2658 2594/2594/2594
f 2594/2594/2594 2658/2658/2658 2659/2659/2659
f 2594/2594/2594 2659/2659/2659 2595/2595/2595
f 2595/2595/2595 2659/2659/2659 2660/2660/2660
f 2595/2595/2595 2660/2660/2660 2596/2596/2596
f 2596/2596/2596 2660/2660/2660 2661/2661/2661
f 2596/2596/2596 2661/2661/2661 2597/2597/2597
f 2597/2597/2597 2661/2661/2661 2662/2662/2662
f 2597/2597/2597 2662/2662/2662 2598/2598/2598
f 2598/2598/2598 2662/2662/2662 2663/2663/2663
f 2598/2598/2598 2663/2663/2663 2599/2599/2599
f 2599/2599/2599 2663/2663/2663 2664/2664/2664
f 2599/2599/2599 2664/2664/2664 2600/2600/2600
f 2600/2600/2600 2664/2664/2664 2665/2665/2665
f 2601/2601/2601 2666/2666/2666 2602/2602/2602
f 2602/2602/2602 2666/2666/2666 2667/2667/2667
f 2602/2602/2602 2667/2667/2667 2603/2603/2603
f 2603/2603/2603 2667/2667/2667 2668/2668/2668
f 2603/2603/2603 2668/2668/2668 2604/2604/2604
f 2604/2604/2604 2668/2668/2668 2669/2669/2669
f 2604/2604/2604 2669/2669/2669 2605/2605/2605
f 2605/2605/2605 2669/2669/2669 2670/2670/2670
f 2605/2605/2605 2670/2670/2670 2606/2606/2606
f 2606/2606/2606 2670/2670/2670 2671/2671/2671
f 2606/2606/2606 2671/2671/2671 2607/2607/2607
f 2607/2607/2607 2671/2671/2671 2672/2672/2672
f 2607/2607/2607 2672/2672/2672 2608/2608/2608
f 2608/2608/2608 2672/2672/2672 2673/2673/2673
f 2608/2608/2608 2673/2673/2673 2609/2609/2609
f 2609/2609/2609 2673/2673/2673 2674/2674/2674
f 2609/2609/2609 2674/2674/2674 2610/2610/2610
f 2610/2610/2610 2674/2674/2674 2675/2675/2675
f 2610/2610/2610 2675/2675/2675 2611/2611/2611
f 2611/2611/2611 2675/2675/2675 2676/2676/2676
f 2611/2611/2611 2676/2676/2676 2612/2612/2612
f 2612/2612/2612 2676/2676/2676 2677/2677/2677
f 2612/2612/2612 2677/2677/2677 2613/2613/2613
f 2613/2613/2613 2677/2677/2677 2678/2678/2678
f 2613/2613/2613 2678/2678/2678 2614/2614/2614
f 2614/2614/2614 2678/2678/2678 2679/2679/2679
f 2614/2614/2614 2679/2679/2679 2615/2615/2615
f 2615/2615/2615 2679/2679/2679 2680/2680/2680
f 2615/2615/2615 2680/2680/2680 2616/2616/2616
f 2616/2616/2616 2680/2680/2680 2681/2681/2681
f 2616/2616/2616 2681/2681/2681 2617/2617/2617
f 2617/2617/2617 2681/2681/2681 2682/2682/2682
f 2617/2617/2617 2682/2682/2682 2618/2618/2618
f 2618/2618/2618 2682/2682/2682 2683/2683/2683
f 2618/2618/2618 2683/2683/2683 2619/2619/2619
f 2619/2619/2619 2683/2683/2683 2684/2684/2684
f 2619/2619/2619 2684/2684/2684 2620/2620/2620
f 2620/2620/2620 2684/2684/2684 2685/2685/2685
f 2620/2620/2620 2685/2685/2685 2621/2621/2621
f 2621/2621/2621 2685/2685/2685 2686/2686/2686
f 2621/2621/2621 2686/2686/2686 2622/2622/2622
f 2622/2622/2622 2686/2686/2686 2687/2687/2687
f 2622/2622/2622 2687/2687/2687 2623/2623/2623
f 2623/2623/2623 2687/2687/2687 2688/2688/2688
f 2623/2623/2623 2688/2688/2688 2624/2624/2624
f 2624/2624/2624 2688/2688/2688 2689/2689/2689
f 2624/2624/2624 2689/2689/2689 2625/2625/2625
f 2625/2625/2625 2689/2689/2689 2690/2690/2690
f 2625/2625/2625 2690/2690/2690 2626/2626/2626
f 2626/2626/2626 2690/2690/2690 2691/2691/2691
f 2626/2626/2626 2691/2691/2691 2627/2627/2627
f 2627/2627/2627 2691/2691/2691 2692/2692/2692
f 2627/2627/2627 2692/2692/2692 2628/2628/2628
f 2628/2628/2628 2692/2692/2692 2693/2693/2693
f 2628/2628/2628 2693/2693/2693 2629/2629/2629
f 2629/2629/2629 2693/2693/2693 2694/2694/2694
f 2629/2629/2629 2694/2694/2694 2630/2630/2630
f 2630/2630/2630 2694/2694/2694 2695/2695/2695
f 2630/2630/2630 2695/2695/2695 2631/2631/2631
f 2631/2631/2631 2695/2695/2695 2696/2696/2696
f 2631/2631/2631 2696/2696/2696 2632/2632/2632
f 2632/2632/2632 2696/2696/2696 2697/2697/2697
f 2632/2632/2632 2697/2697/2697 2633/2633/2633
f 2633/2633/2633 2697/2697/2697 2698/2698/2698
f 2633/2633/2633 2698/2698/2698 2634/2634/2634
f 2634/2634/2634 2698/2698/2698 2699/2699/2699
f 2634/2634/2634 2699/2699/2699 2635/2635/2635
f 2635/2635/2635 2699/2699/2699 2700/2700/2700
f 2635/2635/2635 2700/2700/2700 2636/2636/2636
f 2636/2636/2636 2700/2700/2700 2701/2701/2701
f 2636/2636/2636 2701/2701/2701 2637/2637/2637
f 2637/2637/2637 2701/2701/2701 2702/2702/2702
f 2637/2637/2637 2702/2702/2702 2638/2638/2638
f 2638/2638/2638 2702/2702/2702 2703/2703/2703
f 2638/2638/2638 2703/2703/2703 2639/2639/2639
f 2639/2639/2639 2703/2703/2703 2704/2704/2704
f 2639/2639/2639 2704/2704/2704 2640/2640/2640
f 2640/2640/2640 2704/2704/2704 2705/2705/2705
f 2640/2640/2640 2705/2705/2705 2641/2641/2641
f 2641/2641/2641 2705/2705/2705 2706/2706/2706
f 2641/2641/2641 2706/2706/2706 2642/2642/2642
f 2642/2642/2642 2706/2706/2706 2707/2707/2707
f 2642/2642/2642 2707/2707/2707 2643/2643/2643
f 2643/2643/2643 2707/2707/2707 2708/2708/2708
f 2643/2643/2643 2708/2708/2708 2644/2644/2644
f 2644/2644/2644 2708/2708/2708 2709/2709/2709
f 2644/2644/2644 2709/2709/2709 2645/2645/2645
f 2645/2645/2645 2709/2709/2709 2710/2710/2710
f 2645/2645/2645 2710/2710/2710 2646/2646/2646
f 2646/2646/2646 2710/2710/2710 2711/2711/2711
f 2646/2646/2646 2711/2711/2711 2647/2647/2647
f 2647/2647/2647 2711/2711/2711 2712/2712/2712
f 2647/2647/2647 2712/2712/2712 2648/2648/2648
f 2648/2648/2648 2712/2712/2712 2713/2713/2713
f 2648/2648/2648 2713/2713/2713 2649/2649/2649
f 2649/2649/2649 2713/2713/2713 2714/2714/2714
f 2649/2649/2649 2714/2714/2714 2650/2650/2650
f 2650/2650/2650 2714/2714/2714 2715/2715/2715
f 2650/2650/2650 2715/2715/2715 2651/2651/2651
f 2651/2651/2651 2715/2715/2715 2716/2716/2716
f 2651/2651/2651 2716/2716/2716 2652/2652/2652
f 2652/2652/2652 2716/2716/2716 2717/2717/2717
f 2652/2652/2652 2717/2717/2717 2653/2653/2653
f 2653/2653/2653 2717/2717/2717 2718/2718/2718
f 2653/2653/2653 2718/2718/2718 2654/2654/2654
f 2654/2654/2654 2718/2718/2718 2719/2719/2719
f 2654/2654/2654 2719/2719/2719 2655/2655/2655
f 2655/2655/2655 2719/2719/2719 2720/2720/2720
f 2655/2655/2655 2720/2720/2720 2656/2656/2656
f 2656/2656/2656 2720/2720/2720 2721/2721/2721
f 2656/2656/2656 2721/2721/2721 2657/2657/2657
f 2657/2657/2657 2721/2721/2721 2722/2722/2722
f 2657/2657/2657 2722/2722/2722 2658/2658/2658
f 2658/2658/2658 2722/2722/2722 2723/2723/2723
f 2658/2658/2658 2723/2723/2723 2659/2659/2659
f 2659/2659/2659 2723/2723/2723 2724/2724/2724
f 2659/2659/2659 2724/2724/2724 2660/2660/2660
f 2660/2660/2660 2724/2724/2724 2725/2725/2725
f 2660/2660/2660 2725/2725/2725 2661/2661/2661
f 2661/2661/2661 2725/2725/2725 2726/2726/2726
f 2661/2661/2661 2726/2726/2726 2662/2662/2662
f 2662/2662/2662 2726/2726/2726 2727/2727/2727
f 2662/2662/2662 2727/2727/2727 2663/2663/2663
f 2663/2663/2663 2727/2727/2727 2728/2728/2728
f 2663/2663/2663 2728/2728/2728 2664/2664/2664
f 2664/2664/2664 2728/2728/2728 2729/2729/2729
f 2664/2664/2664 2729/2729/2729 2665/2665/2665
f 2665/2665/2665 2729/2729/2729 2730/2730/2730
f 2666/2666/2666 2731/2731/2731 2667/2667/2667
f 2667/2667/2667 2731/2731/2731 2732/2732/2732
f 2667/2667/2667 2732/2732/2732 2668/2668/2668
f 2668/2668/2668 2732/2732/2732 2733/2733/2733
f 2668/2668/2668 2733/2733/2733 2669/2669/2669
f 2669/2669/2669 2733/2733/2733 2734/2734/2734
f 2669/2669/2669 2734/2734/2734 2670/2670/2670
f 2670/2670/2670 2734/2734/2734 2735/2735/2735
f 2670/2670/2670 2735/2735/2735 2671/2671/2671
f 2671/2671/2671 2735/2735/2735 2736/2736/2736
f 2671/2671/2671 2736/2736/2736 2672/2672/2672
f 2672/2672/2672 2736/2736/2736 2737/2737/2737
f 2672/2672/2672 2737/2737/2737 2673/2673/2673
f 2673/2673/2673 2737/2737/2737 2738/2738/2738
f 2673/2673/2673 2738/2738/2738 2674/2674/2674
f 2674/2674/2674 2738/2738/2738 2739/2739/2739
f 2674/2674/2674 2739/2739/2739 2675/2675/2675
f 2675/2675/2675 2739/2739/2739 2740/2740/2740
f 2675/2675/2675 2740/2740/2740 2676/2676/2676
f 2676/2676/2676 2740/2740/2740 2741/2741/2741
f 2676/2676/2676 2741/2741/2741 2677/2677/2677
f 2677/2677/2677 2741/2741/2741 2742/2742/2742
f 2677/2677/2677 2742/2742/2742 2678/2678/2678
f 2678/2678/2678 2742/2742/2742 2743/2743/2743
f 2678/2678/2678 2743/2743/2743 2679/2679/2679
f 2679/2679/2679 2743/2743/2743 2744/2744/2744
f 2679/2679/2679 2744/2744/2744 2680/2680/2680
f 2680/2680/2680 2744/2744/2744 2745/2745/2745
f 2680/2680/2680 2745/2745/2745 2681/2681/2681
f 2681/2681/2681 2745/2745/2745 2746/2746/2746
f 2681/2681/2681 2746/2746/2746 2682/2682/2682
f 2682/2682/2682 2746/2746/2746 2747/2747/2747
f 2682/2682/2682 2747/2747/2747 2683/2683/2683
f 2683/2683/2683 2747/2747/2747 2748/2748/2748
f 2683/2683/2683 2748/2748/2748 2684/2684/2684
f 2684/2684/2684 2748/2748/2748 2749/2749/2749
f 2684/2684/2684 2749/2749/2749 2685/2685/2685
f 2685/2685/2685 2749/2749/2749 2750/2750/2750
f 2685/2685/2685 2750/2750/2750 2686/2686/2686
f 2686/2686/2686 2750/2750/2750 2751/2751/2751
f 2686/2686/2686 2751/2751/2751 2687/2687/2687
f 2687/2687/2687 2751/2751/2751 2752/2752/2752
f 2687/2687/2687 2752/2752/2752 2688/2688/2688
f 2688/2688/2688 2752/2752/2752 2753/2753/2753
f 2688/2688/2688 2753/2753/2753 2689/2689/2689
f 2689/2689/2689 2753/2753/2753 2754/2754/2754
f 2689/2689/2689 2754/2754/2754 2690/2690/2690
f 2690/2690/2690 2754/2754/2754 2755/2755/2755
f 2690/2690/2690 2755/2755/2755 2691/2691/2691
f 2691/2691/2691 2755/2755/2755 2756/2756/2756
f 2691/2691/2691 2756/2756/2756 2692/2692/2692
f 2692/2692/2692 2756/2756/2756 2757/2757/2757
f 2692/2692/2692 2757/2757/2757 2693/2693/2693
f 2693/2693/2693 2757/2757/2757 2758/2758/2758
f 2693/2693/2693 2758/2758/2758 2694/2694/2694
f 2694/2694/2694 2758/2758/2758 2759/2759/2759
f 2694/2694/2694 2759/2759/2759 2695/2695/2695
f 2695/2695/2695 2759/2759/2759 2760/2760/2760
f 2695/2695/2695 2760/2760/2760 2696/2696/2696
f 2696/2696/2696 2760/2760/2760 2761/2761/2761
f 2696/2696/2696 2761/2761/2761 2697/2697/2697
f 2697/2697/2697 2761/2761/2761 2762/2762/2762
f 2697/2697/2697 2762/2762/2762 2698/2698/2698
f 2698/2698/2698 2762/2762/2762 2763/2763/2763
f 2698/2698/2698 2763/2763/2763 2699/2699/2699
f 2699/2699/2699 2763/2763/2763 2764/2764/2764
f 2699/2699/2699 2764/2764/2764 2700/2700/2700
f 2700/2700/2700 2764/2764/2764 2765/2765/2765
f 2700/2700/2700 2765/2765/2765 2701/2701/2701
f 2701/2701/2701 2765/2765/2765 2766/2766/2766
f 2701/2701/2701 2766/2766/2766 2702/2702/2702
f 2702/2702/2702 2766/2766/2766 2767/2767/2767
f 2702/2702/2702 2767/2767/2767 2703/2703/2703
f 2703/2703/2703 2767/2767/2767 2768/2768/2768
f 2703/2703/2703 2768/2768/2768 2704/2704/2704
f 2704/2704/2704 2768/2768/2768 2769/2769/2769
f 2704/2704/2704 2769/2769/2769 2705/2705/2705
f 2705/2705/2705 2769/2769/2769 2770/2770/2770
f 2705/2705/2705 2770/2770/2770 2706/2706/2706
f 2706/2706/2706 2770/2770/2770 2771/2771/2771
f 2706/2706/2706 2771/2771/2771 2707/2707/2707
f 2707/2707/2707 2771/2771/2771 2772/2772/2772
f 2707/2707/2707 2772/2772/2772 2708/2708/2708
f 2708/2708/2708 2772/2772/2772 2773/2773/2773
f 2708/2708/2708 2773/2773/2773 2709/2709/2709
f 2709/2709/2709 2773/2773/2773 2774/2774/2774
f 2709/2709/2709 2774/2774/2774 2710/2710/2710
f 2710/2710/2710 2774/2774/2774 2775/2775/2775
f 2710/2710/2710 2775/2775/2775 2711/2711/2711
f 2711/2711/2711 2775/2775/2775 2776/2776/2776
f 2711/2711/2711 2776/2776/2776 2712/2712/2712
f 2712/2712/2712 2776/2776/2776 2777/2777/2777
f 2712/2712/2712 2777/2777/2777 2713/2713/2713
f 2713/2713/2713 2777/2777/2777 2778/2778/2778
f 2713/2713/2713 2778/2778/2778 2714/2714/2714
f 2714/2714/2714 2778/2778/2778 2779/2779/2779
f 2714/2714/2714 2779/2779/2779 2715/2715/2715
f 2715/2715/2715 2779/2779/2779 2780/2780/2780
f 2715/2715/2715 2780/2780/2780 2716/2716/2716
f 2716/2716/2716 2780/2780/2780 2781/2781/2781
f 2716/2716/2716 2781/2781/2781 2717/2717/2717
f 2717/2717/2717 2781/2781/2781 2782/2782/2782
f 2717/2717/2717 2782/2782/2782 2718/2718/2718
f 2718/2718/2718 2782/2782/2782 2783/2783/2783
f 2718/2718/2718 2783/2783/2783 2719/2719/2719
f 2719/2719/2719 2783/2783/2783 2784/2784/2784
f 2719/2719/2719 2784/2784/2784 2720/2720/2720
f 2720/2720/2720 2784/2784/2784 2785/2785/2785
f 2720/2720/2720 2785/2785/2785 2721/2721/2721
f 2721/2721/2721 2785/2785/2785 2786/2786/2786
f 2721/2721/2721 2786/2786/2786 2722/2722/2722
f 2722/2722/2722 2786/2786/2786 2787/2787/2787
f 2722/2722/2722 2787/2787/2787 2723/2723/2723
f 2723/2723/2723 2787/2787/2787 2788/2788/2788
f 2723/2723/2723 2788/2788/2788 2724/2724/2724
f 2724/2724/2724 2788/2788/2788 2789/2789/2789
f 2724/2724/2724 2789/2789/2789 2725/2725/2725
f 2725/2725/2725 2789/2789/2789 2790/2790/2790
f 2725/2725/2725 2790/2790/2790 2726/2726/2726
f 2726/2726/2726 2790/2790/2790 2791/2791/2791
f 2726/2726/2726 2791/2791/2791 2727/2727/2727
f 2727/2727/2727 2791/2791/2791 2792/2792/2792
f 2727/2727/2727 2792/2792/2792 2728/2728/2728
f 2728/2728/2728 2792/2792/2792 2793/2793/2793
f 2728/2728/2728 2793/2793/2793 2729/2729/2729
f 2729/2729/2729 2793/2793/2793 2794/2794/2794
f 2729/2729/2729 2794/2794/2794 2730/2730/2730
f 2730/2730/2730 2794/2794/2794 2795/2795/2795
f 2731/2731/2731 2796/2796/2796 2732/2732/2732
f 2732/2732/2732 2796/2796/2796 2797/2797/2797
f 2732/2732/2732 2797/2797/2797 2733/2733/2733
f 2733/2733/2733 2797/2797/2797 2798/2798/2798
f 2733/2733/2733 2798/2798/2798 2734/2734/2734
f 2734/2734/2734 2798/2798/2798 2799/2799/2799
f 2734/2734/2734 2799/2799/2799 2735/2735/2735
f 2735/2735/2735 2799/2799/2799 2800/2800/2800
f 2735/2735/2735 2800/2800/2800 2736/2736/2736
f 2736/2736/2736 2800/2800/2800 2801/2801/2801
f 2736/2736/2736 2801/2801/2801 2737/2737/2737
f 2737/2737/2737 2801/2801/2801 2802/2802/2802
f 2737/2737/2737 2802/2802/2802 2738/2738/2738
f 2738/2738/2738 2802/2802/2802 2803/2803/2803
f 2738/2738/2738 2803/2803/2803 2739/2739/2739
f 2739/2739/2739 2803/2803/2803 2804/2804/2804
f 2739/2739/2739 2804/2804/2804 2740/2740/2740
f 2740/2740/2740 2804/2804/2804 2805/2805/2805
f 2740/2740/2740 2805/2805/2805 2741/2741/2741
f 2741/2741/2741 2805/2805/2805 2806/2806/2806
f 2741/2741/2741 2806/2806/2806 2742/2742/2742
f 2742/2742/2742 2806/2806/2806 2807/2807/2807
f 2742/2742/2742 2807/2807/2807 2743/2743/2743
f 2743/2743/2743 2807/2807/2807 2808/2808/2808
f 2743/2743/2743 2808/2808/2808 2744/2744/2744
f 2744/2744/2744 2808/2808/2808 2809/2809/2809
f 2744/2744/2744 2809/2809/2809 2745/2745/2745
f 2745/2745/2745 2809/2809/2809 2810/2810/2810
f 2745/2745/2745 2810/2810/2810 2746/2746/2746
f 2746/2746/2746 2810/2810/2810 2811/2811/2811
f 2746/2746/2746 2811/2811/2811 2747/2747/2747
f 2747/2747/2747 2811/2811/2811 2812/2812/2812
f 2747/2747/2747 2812/2812/2812 2748/2748/2748
f 2748/2748/2748 2812/2812/2812 2813/2813/2813
f 2748/2748/2748 2813/2813/2813 2749/2749/2749
f 2749/2749/2749 2813/2813/2813 2814/2814/2814
f 2749/2749/2749 2814/2814/2814 2750/2750/2750
f 2750/2750/2750 2814/2814/2814 2815/2815/2815
f 2750/2750/2750 2815/2815/2815 2751/2751/2751
f 2751/2751/2751 2815/2815/2815 2816/2816/2816
f 2751/2751/2751 2816/2816/2816 2752/2752/2752
f 2752/2752/2752 2816/2816/2816 2817/2817/2817
f 2752/2752/2752 2817/2817/2817 2753/2753/2753
f 2753/2753/2753 2817/2817/2817 2818/2818/2818
f 2753/2753/2753 2818/2818/2818 2754/2754/2754
f 2754/2754/2754 2818/2818/2818 2819/2819/2819
f 2754/2754/2754 2819/2819/2819 2755/2755/2755
f 2755/2755/2755 2819/2819/2819 2820/2820/2820
f 2755/2755/2755 2820/2820/2820 2756/2756/2756
f 2756/2756/2756 2820/2820/2820 2821/2821/2821
f 2756/2756/2756 2821/2821/2821 2757/2757/2757
f 2757/2757/2757 2821/2821/2821 2822/2822/2822
f 2757/2757/2757 2822/2822/2822 2758/2758/2758
f 2758/2758/2758 2822/2822/2822 2823/2823/2823
f 2758/2758/2758 2823/2823/2823 2759/2759/2759
f 2759/2759/2759 2823/2823/2823 2824/2824/2824
f 2759/2759/2759 2824/2824/2824 2760/2760/2760
f 2760/2760/2760 2824/2824/2824 2825/2825/2825
f 2760/2760/2760 2825/2825/2825 2761/2761/2761
f 2761/2761/2761 2825/2825/2825 2826/2826/2826
f 2761/2761/2761 2826/2826/2826 2762/2762/2762
f 2762/2762/2762 2826/2826/2826 2827/2827/2827
f 2762/2762/2762 2827/2827/2827 2763/2763/2763
f 2763/2763/2763 2827/2827/2827 2828/2828/2828
f 2763/2763/2763 2828/2828/2828 2764/2764/2764
f 2764/2764/2764 2828/2828/2828 2829/2829/2829
f 2764/2764/2764 2829/2829/2829 2765/2765/2765
f 2765/2765/2765 2829/2829/2829 2830/2830/2830
f 2765/2765/2765 2830/2830/2830 2766/2766/2766
f 2766/2766/2766 2830/2830/2830 2831/2831/2831
f 2766/2766/2766 2831/2831/2831 2767/2767/2767
f 2767/2767/2767 2831/2831/2831 2832/2832/2832
f 2767/2767/2767 2832/2832/2832 2768/2768/2768
f 2768/2768/2768 2832/2832/2832 2833/2833/2833
f 2768/2768/2768 2833/2833/2833 2769/2769/2769
f 2769/2769/2769 2833/2833/2833 2834/2834/2834
f 2769/2769/2769 2834/2834/2834 2770/2770/2770
f 2770/2770/2770 2834/2834/2834 2835/2835/2835
f 2770/2770/2770 2835/2835/2835 2771/2771/2771
f 2771/2771/2771 2835/2835/2835 2836/2836/2836
f 2771/2771/2771 2836/2836/2836 2772/2772/2772
f 2772/2772/2772 2836/2836/2836 2837/2837/2837
f 2772/2772/2772 2837/2837/2837 2773/2773/2773
f 2773/2773/2773 2837/2837/2837 2838/2838/2838
f 2773/2773/2773 2838/2838/2838 2774/2774/2774
f 2774/2774/2774 2838/2838/2838 2839/2839/2839
f 2774/2774/2774 2839/2839/2839 2775/2775/2775
f 2775/2775/2775 2839/2839/2839 2840/2840/2840
f 2775/2775/2775 2840/2840/2840 2776/2776/2776
f 2776/2776/2776 2840/2840/2840 2841/2841/2841
f 2776/2776/2776 2841/2841/2841 2777/2777/2777
f 2777/2777/2777 2841/2841/2841 2842/2842/2842
f 2777/2777/2777 2842/2842/2842 2778/2778/2778
f 2778/2778/2778 2842/2842/2842 2843/2843/2843
f 2778/2778/2778 2843/2843/2843 2779/2779/2779
f 2779/2779/2779 2843/2843/2843 2844/2844/2844
f 2779/2779/2779 2844/2844/2844 2780/2780/2780
f 2780/2780/2780 2844/2844/2844 2845/2845/2845
f 2780/2780/2780 2845/2845/2845 2781/2781/2781
f 2781/2781/2781 2845/2845/2845 2846/2846/2846
f 2781/2781/2781 2846/2846/2846 2782/2782/2782
f 2782/2782/2782 2846/2846/2846 2847/2847/2847
f 2782/2782/2782 2847/2847/2847 2783/2783/2783
f 2783/2783/2783 2847/2847/2847 2848/2848/2848
f 2783/2783/2783 2848/2848/2848 2784/2784/2784
f 2784/2784/2784 2848/2848/2848 2849/2849/2849
f 2784/2784/2784 2849/2849/2849 2785/2785/2785
f 2785/2785/2785 2849/2849/2849 2850/2850/2850
f 2785/2785/2785 2850/2850/2850 2786/2786/2786
f 2786/2786/2786 2850/2850/2850 2851/2851/2851
f 2786/2786/2786 2851/2851/2851 2787/2787/2787
f 2787/2787/2787 2851/2851/2851 2852/2852/2852
f 2787/2787/2787 2852/2852/2852 2788/2788/2788
f 2788/2788/2788 2852/2852/2852 2853/2853/2853
f 2788/2788/2788 2853/2853/2853 2789/2789/2789
f 2789/2789/2789 2853/2853/2853 2854/2854/2854
f 2789/2789/2789 2854/2854/2854 2790/2790/2790
f 2790/2790/2790 2854/2854/2854 2855/2855/2855
f 2790/2790/2790 2855/2855/2855 2791/2791/2791
f 2791/2791/2791 2855/2855/2855 2856/2856/2856
f 2791/2791/2791 2856/2856/2856 2792/2792/2792
f 2792/2792/2792 2856/2856/2856 2857/2857/2857
f 2792/2792/2792 2857/2857/2857 2793/2793/2793
f 2793/2793/2793 2857/2857/2857 2858/2858/2858
f 2793/2793/2793 2858/2858/2858 2794/2794/2794
f 2794/2794/2794 2858/2858/2858 2859/2859/2859
f 2794/2794/2794 2859/2859/2859 2795/2795/2795
f 2795/2795/2795 2859/2859/2859 2860/2860/2860
f 2796/2796/2796 2861/2861/2861 2797/2797/2797
f 2797/2797/2797 2861/2861/2861 2862/2862/2862
f 2797/2797/2797 2862/2862/2862 2798/2798/2798
f 2798/2798/2798 2862/2862/2862 2863/2863/2863
f 2798/2798/2798 2863/2863/2863 2799/2799/2799
f 2799/2799/2799 2863/2863/2863 2864/2864/2864
f 2799/2799/2799 2864/2864/2864 2800/2800/2800
f 2800/2800/2800 2864/2864/2864 2865/2865/2865
f 2800/2800/2800 2865/2865/2865 2801/2801/2801
f 2801/2801/2801 2865/2865/2865 2866/2866/2866
f 2801/2801/2801 2866/2866/2866 2802/2802/2802
f 2802/2802/2802 2866/2866/2866 2867/2867/2867
f 2802/2802/2802 2867/2867/2867 2803/2803/2803
f 2803/2803/2803 2867/2867/2867 2868/2868/2868
f 2803/2803/2803 2868/2868/2868 2804/2804/2804
f 2804/2804/2804 2868/2868/2868 2869/2869/2869
f 2804/2804/2804 2869/2869/2869 2805/2805/2805
f 2805/2805/2805 2869/2869/2869 2870/2870/2870
f 2805/2805/2805 2870/2870/2870 2806/2806/2806
f 2806/2806/2806 2870/2870/2870 2871/2871/2871
f 2806/2806/2806 2871/2871/2871 2807/2807/2807
f 2807/2807/2807 2871/2871/2871 2872/2872/2872
f 2807/2807/2807 2872/2872/2872 2808/2808/2808
f 2808/2808/2808 2872/2872/2872 2873/2873/2873
f 2808/2808/2808 2873/2873/2873 2809/2809/2809
f 2809/2809/2809 2873/2873/2873 2874/2874/2874
f 2809/2809/2809 2874/2874/2874 2810/2810/2810
f 2810/2810/2810 2874/2874/2874 2875/2875/2875
f 2810/2810/2810 2875/2875/2875 2811/2811/2811
f 2811/2811/2811 2875/2875/2875 2876/2876/2876
f 2811/2811/2811 2876/2876/2876 2812/2812/2812
f 2812/2812/2812 2876/2876/2876 2877/2877/2877
f 2812/2812/2812 2877/2877/2877 2813/2813/2813
f 2813/2813/2813 2877/2877/2877 2878/2878/2878
f 2813/2813/2813 2878/2878/2878 2814/2814/2814
f 2814/2814/2814 2878/2878/2878 2879/2879/2879
f 2814/2814/2814 2879/2879/2879 2815/2815/2815
f 2815/2815/2815 2879/2879/2879 2880/2880/2880
f 2815/2815/2815 2880/2880/2880 2816/2816/2816
f 2816/2816/2816 2880/2880/2880 2881/2881/2881
f 2816/2816/2816 2881/2881/2881 2817/2817/2817
f 2817/2817/2817 2881/2881/2881 2882/2882/2882
f 2817/2817/2817 2882/2882/2882 2818/2818/2818
f 2818/2818/2818 2882/2882/2882 2883/2883/2883
f 2818/2818/2818 2883/2883/2883 2819/2819/2819
f 2819/2819/2819 2883/2883/2883 2884/2884/2884
f 2819/2819/2819 2884/2884/2884 2820/2820/2820
f 2820/2820/2820 2884/2884/2884 2885/2885/2885
f 2820/2820/2820 2885/2885/2885 2821/2821/2821
f 2821/2821/2821 2885/2885/2885 2886/2886/2886
f 2821/2821/2821 2886/2886/2886 2822/2822/2822
f 2822/2822/2822 2886/2886/2886 2887/2887/2887
f 2822/2822/2822 2887/2887/2887 2823/2823/2823
f 2823/2823/2823 2887/2887/2887 2888/2888/2888
f 2823/2823/2823 2888/2888/2888 2824/2824/2824
f 2824/2824/2824 2888/2888/2888 2889/2889/2889
f 2824/2824/2824 2889/2889/2889 2825/2825/2825
f 2825/2825/2825 2889/2889/2889 2890/2890/2890
f 2825/2825/2825 2890/2890/2890 2826/2826/2826
f 2826/2826/2826 2890/2890/2890 2891/2891/2891
f 2826/2826/2826 2891/2891/2891 2827/2827/2827
f 2827/2827/2827 2891/2891/2891 2892/2892/2892
f 2827/2827/2827 2892/2892/2892 2828/2828/2828
f 2828/2828/2828 2892/2892/2892 2893/2893/2893
f 2828/2828/2828 2893/2893/2893 2829/2829/2829
f 2829/2829/2829 2893/2893/2893 2894/2894/2894
f 2829/2829/2829 2894/2894/2894 2830/2830/2830
f 2830/2830/2830 2894/2894/2894 2895/2895/2895
f 2830/2830/2830 2895/2895/2895 2831/2831/2831
f 2831/2831/2831 2895/2895/2895 2896/2896/2896
f 2831/2831/2831 2896/2896/2896 2832/2832/2832
f 2832/2832/2832 2896/2896/2896 2897/2897/2897
f 2832/2832/2832 2897/2897/2897 2833/2833/2833
f 2833/2833/2833 2897/2897/2897 2898/2898/2898
f 2833/2833/2833 2898/2898/2898 2834/2834/2834
f 2834/2834/2834 2898/2898/2898 2899/2899/2899
f 2834/2834/2834 2899/2899/2899 2835/2835/2835
f 2835/2835/2835 2899/2899/2899 2900/2900/2900
f 2835/2835/2835 2900/2900/2900 2836/2836/2836
f 2836/2836/2836 2900/2900/2900 2901/2901/2901
f 2836/2836/2836 2901/2901/2901 2837/2837/2837
f 2837/2837/2837 2901/2901/2901 2902/2902/2902
f 2837/2837/2837 2902/2902/2902 2838/2838/2838
f 2838/2838/2838 2902/2902/2902 2903/2903/2903
f 2838/2838/2838 2903/2903/2903 2839/2839/2839
f 2839/2839/2839 2903/2903/2903 2904/2904/2904
f 2839/2839/2839 2904/2904/2904 2840/2840/2840
f 2840/2840/2840 2904/2904/2904 2905/2905/2905
f 2840/2840/2840 2905/2905/2905 2841/2841/2841
f 2841/2841/2841 2905/2905/2905 2906/2906/2906
f 2841/2841/2841 2906/2906/2906 2842/2842/2842
f 2842/2842/2842 2906/2906/2906 2907/2907/2907
f 2842/2842/2842 2907/2907/2907 2843/2843/2843
f 2843/2843/2843 2907/2907/2907 2908/2908/2908
f 2843/2843/2843 2908/2908/2908 2844/2844/2844
f 2844/2844/2844 2908/2908/2908 2909/2909/2909
f 2844/2844/2844 2909/2909/2909 2845/2845/2845
f 2845/2845/2845 2909/2909/2909 2910/2910/2910
f 2845/2845/2845 2910/2910/2910 2846/2846/2846
f 2846/2846/2846 2910/2910/2910 2911/2911/2911
f 2846/2846/2846 2911/2911/2911 2847/2847/2847
f 2847/2847/2847 2911/2911/2911 2912/2912/2912
f 2847/2847/2847 2912/2912/2912 2848/2848/2848
f 2848/2848/2848 2912/2912/2912 2913/2913/2913
f 2848/2848/2848 2913/2913/2913 2849/2849/2849
f 2849/2849/2849 2913/2913/2913 2914/2914/2914
f 2849/2849/2849 2914/2914/2914 2850/2850/2850
f 2850/2850/2850 2914/2914/2914 2915/2915/2915
f 2850/2850/2850 2915/2915/2915 2851/2851/2851
f 2851/2851/2851 2915/2915/2915 2916/2916/2916
f 2851/2851/2851 2916/2916/2916 2852/2852/2852
f 2852/2852/2852 2916/2916/2916 2917/2917/2917
f 2852/2852/2852 2917/2917/2917 2853/2853/2853
f 2853/2853/2853 2917/2917/2917 2918/2918/2918
f 2853/2853/2853 2918/2918/2918 2854/2854/2854
f 2854/2854/2854 2918/2918/2918 2919/2919/2919
f 2854/2854/2854 2919/2919/2919 2855/2855/2855
f 2855/2855/2855 2919/2919/2919 2920/2920/2920
f 2855/2855/2855 2920/2920/2920 2856/2856/2856
f 2856/2856/2856 2920/2920/2920 2921/2921/2921
f 2856/2856/2856 2921/2921/2921 2857/2857/2857
f 2857/2857/2857 2921/2921/2921 2922/2922/2922
f 2857/2857/2857 2922/2922/2922 2858/2858/2858
f 2858/2858/2858 2922/2922/2922 2923/2923/2923
f 2858/2858/2858 2923/2923/2923 2859/2859/2859
f 2859/2859/2859 2923/2923/2923 2924/2924/2924
f 2859/2859/2859 2924/2924/2924 2860/2860/2860
f 2860/2860/2860 2924/2924/2924 2925/2925/2925
f 2861/2861/2861 2926/2926/2926 2862/2862/2862
f 2862/2862/2862 2926/2926/2926 2927/2927/2927
f 2862/2862/2862 2927/2927/2927 2863/2863/2863
f 2863/2863/2863 2927/2927/2927 2928/2928/2928
f 2863/2863/2863 2928/2928/2928 2864/2864/2864
f 2864/2864/2864 2928/2928/2928 2929/2929/2929
f 2864/2864/2864 2929/2929/2929 2865/2865/2865
f 2865/2865/2865 2929/2929/2929 2930/2930/2930
f 2865/2865/2865 2930/2930/2930 2866/2866/2866
f 2866/2866/2866 2930/2930/2930 2931/2931/2931
f 2866/2866/2866 2931/2931/2931 2867/2867/2867
f 2867/2867/2867 2931/2931/2931 2932/2932/2932
f 2867/2867/2867 2932/2932/2932 2868/2868/2868
f 2868/2868/2868 2932/2932/2932 2933/2933/2933
f 2868/2868/2868 2933/2933/2933 2869/2869/2869
f 2869/2869/2869 2933/2933/2933 2934/2934/2934
f 2869/2869/2869 2934/2934/2934 2870/2870/2870
f 2870/2870/2870 2934/2934/2934 2935/2935/2935
f 2870/2870/2870 2935/2935/2935 2871/2871/2871
f 2871/2871/2871 2935/2935/2935 2936/2936/2936
f 2871/2871/2871 2936/2936/2936 2872/2872/2872
f 2872/2872/2872 2936/2936/2936 2937/2937/2937
f 2872/2872/2872 2937/2937/2937 2873/2873/2873
f 2873/2873/2873 2937/2937/2937 2938/2938/2938
f 2873/2873/2873 2938/2938/2938 2874/2874/2874
f 2874/2874/2874 2938/2938/2938 2939/2939/2939
f 2874/2874/2874 2939/2939/2939 2875/2875/2875
f 2875/2875/2875 2939/2939/2939 2940/2940/2940
f 2875/2875/2875 2940/2940/2940 2876/2876/2876
f 2876/2876/2876 2940/2940/2940 2941/2941/2941
f 2876/2876/2876 2941/2941/2941 2877/2877/2877
f 2877/2877/2877 2941/2941/2941 2942/2942/2942
f 2877/2877/2877 2942/2942/2942 2878/2878/2878
f 2878/2878/2878 2942/2942/2942 2943/2943/2943
f 2878/2878/2878 2943/2943/2943 2879/2879/2879
f 2879/2879/2879 2943/2943/2943 2944/2944/2944
f 2879/2879/2879 2944/2944/2944 2880/2880/2880
f 2880/2880/2880 2944/2944/2944 2945/2945/2945
f 2880/2880/2880 2945/2945/2945 2881/2881/2881
f 2881/2881/2881 2945/2945/2945 2946/2946/2946
f 2881/2881/2881 2946/2946/2946 2882/2882/2882
f 2882/2882/2882 2946/2946/2946 2947/2947/2947
f 2882/2882/2882 2947/2947/2947 2883/2883/2883
f 2883/2883/2883 2947/2947/2947 2948/2948/2948
f 2883/2883/2883 2948/2948/2948 2884/2884/2884
f 2884/2884/2884 2948/2948/2948 2949/2949/2949
f 2884/2884/2884 2949/2949/2949 2885/2885/2885
f 2885/2885/2885 2949/2949/2949 2950/2950/2950
f 2885/2885/2885 2950/2950/2950 2886/2886/2886
f 2886/2886/2886 2950/2950/2950 2951/2951/2951
f 2886/2886/2886 2951/2951/2951 2887/2887/2887
f 2887/2887/2887 2951/2951/2951 2952/2952/2952
f 2887/2887/2887 2952/2952/2952 2888/2888/2888
f 2888/2888/2888 2952/2952/2952 2953/2953/2953
f 2888/2888/2888 2953/2953/2953 2889/2889/2889
f 2889/2889/2889 2953/2953/2953 2954/2954/2954
f 2889/2889/2889 2954/2954/2954 2890/2890/2890
f 2890/2890/2890 2954/2954/2954 2955/2955/2955
f 2890/2890/2890 2955/2955/2955 2891/2891/2891
f 2891/2891/2891 2955/2955/2955 2956/2956/2956
f 2891/2891/2891 2956/2956/2956 2892/2892/2892
f 2892/2892/2892 2956/2956/2956 2957/2957/2957
f 2892/2892/2892 2957/2957/2957 2893/2893/2893
f 2893/2893/2893 2957/2957/2957 2958/2958/2958
f 2893/2893/2893 2958/2958/2958 2894/2894/2894
f 2894/2894/2894 2958/2958/2958 2959/2959/2959
f 2894/2894/2894 2959/2959/2959 2895/2895/2895
f 2895/2895/2895 2959/2959/2959 2960/2960/2960
f 2895/2895/2895 2960/2960/2960 2896/2896/2896
f 2896/2896/2896 2960/2960/2960 2961/2961/2961
f 2896/2896/2896 2961/2961/2961 2897/2897/2897
f 2897/2897/2897 2961/2961/2961 2962/2962/2962
f 2897/2897/2897 2962/2962/2962 2898/2898/2898
f 2898/2898/2898 2962/2962/2962 2963/2963/2963
f 2898/2898/2898 2963/2963/2963 2899/2899/2899
f 2899/2899/2899 2963/2963/2963 2964/2964/2964
f 2899/2899/2899 2964/2964/2964 2900/2900/2900
f 2900/2900/2900 2964/2964/2964 2965/2965/2965
f 2900/2900/2900 2965/2965/2965 2901/2901/2901
f 2901/2901/2901 2965/2965/2965 2966/2966/2966
f 2901/2901/2901 2966/2966/2966 2902/2902/2902
f 2902/2902/2902 2966/2966/2966 2967/2967/2967
f 2902/2902/2902 2967/2967/2967 2903/2903/2903
f 2903/2903/2903 2967/2967/2967 2968/2968/2968
f 2903/2903/2903 2968/2968/2968 2904/2904/2904
f 2904/2904/2904 2968/2968/2968 2969/2969/2969
f 2904/2904/2904 2969/2969/2969 2905/2905/2905
f 2905/2905/2905 2969/2969/2969 2970/2970/2970
f 2905/2905/2905 2970/2970/2970 2906/2906/2906
f 2906/2906/2906 2970/2970/2970 2971/2971/2971
f 2906/2906/2906 2971/2971/2971 2907/2907/2907
f 2907/2907/2907 2971/2971/2971 2972/2972/2972
f 2907/2907/2907 2972/2972/2972 2908/2908/2908
f 2908/2908/2908 2972/2972/2972 2973/2973/2973
f 2908/2908/2908 2973/2973/2973 2909/2909/2909
f 2909/2909/2909 2973/2973/2973 2974/2974/2974
f 2909/2909/2909 2974/2974/2974 2910/2910/2910
f 2910/2910/2910 2974/2974/2974 2975/2975/2975
f 2910/2910/2910 2975/2975/2975 2911/2911/2911
f 2911/2911/2911 2975/2975/2975 2976/2976/2976
f 2911/2911/2911 2976/2976/2976 2912/2912/2912
f 2912/2912/2912 2976/2976/2976 2977/2977/2977
f 2912/2912/2912 2977/2977/2977 2913/2913/2913
f 2913/2913/2913 2977/2977/2977 2978/2978/2978
f 2913/2913/2913 2978/2978/2978 2914/2914/2914
f 2914/2914/2914 2978/2978/2978 2979/2979/2979
f 2914/2914/2914 2979/2979/2979 2915/2915/2915
f 2915/2915/2915 2979/2979/2979 2980/2980/2980
f 2915/2915/2915 2980/2980/2980 2916/2916/2916
f 2916/2916/2916 2980/2980/2980 2981/2981/2981
f 2916/2916/2916 2981/2981/2981 2917/2917/2917
f 2917/2917/2917 2981/2981/2981 2982/2982/2982
f 2917/2917/2917 2982/2982/2982 2918/2918/2918
f 2918/2918/2918 2982/2982/2982 2983/2983/2983
f 2918/2918/2918 2983/2983/2983 2919/2919/2919
f 2919/2919/2919 2983/2983/2983 2984/2984/2984
f 2919/2919/2919 2984/2984/2984 2920/2920/2920
f 2920/2920/2920 2984/2984/2984 2985/2985/2985
f 2920/2920/2920 2985/2985/2985 2921/2921/2921
f 2921/2921/2921 2985/2985/2985 2986/2986/2986
f 2921/2921/2921 2986/2986/2986 2922/2922/2922
f 2922/2922/2922 2986/2986/2986 2987/2987/2987
f 2922/2922/2922 2987/2987/2987 2923/2923/2923
f 2923/2923/2923 2987/2987/2987 2988/2988/2988
f 2923/2923/2923 2988/2988/2988 2924/2924/2924
f 2924/2924/2924 2988/2988/2988 2989/2989/2989
f 2924/2924/2924 2989/2989/2989 2925/2925/2925
f 2925/2925/2925 2989/2989/2989 2990/2990/2990
f 2926/2926/2926 2991/2991/2991 2927/2927/2927
f 2927/2927/2927 2991/2991/2991 2992/2992/2992
f 2927/2927/2927 2992/2992/2992 2928/2928/2928
f 2928/2928/2928 2992/2992/2992 2993/2993/2993
f 2928/2928/2928 2993/2993/2993 2929/2929/2929
f 2929/2929/2929 2993/2993/2993 2994/2994/2994
f 2929/2929/2929 2994/2994/2994 2930/2930/2930
f 2930/2930/2930 2994/2994/2994 2995/2995/2995
f 2930/2930/2930 2995/2995/2995 2931/2931/2931
f 2931/2931/2931 2995/2995/2995 2996/2996/2996
f 2931/2931/2931 2996/2996/2996 2932/2932/2932
f 2932/2932/2932 2996/2996/2996 2997/2997/2997
f 2932/2932/2932 2997/2997/2997 2933/2933/2933
f 2933/2933/2933 2997/2997/2997 2998/2998/2998
f 2933/2933/2933 2998/2998/2998 2934/2934/2934
f 2934/2934/2934 2998/2998/2998 2999/2999/2999
f 2934/2934/2934 2999/2999/2999 2935/2935/2935
f 2935/2935/2935 2999/2999/2999 3000/3000/3000
f 2935/2935/2935 3000/3000/3000 2936/2936/2936
f 2936/2936/2936 3000/3000/3000 3001/3001/3001
f 2936/2936/2936 3001/3001/3001 2937/2937/2937
f 2937/2937/2937 3001/3001/3001 3002/3002/3002
f 2937/2937/2937 3002/3002/3002 2938/2938/2938
f 2938/2938/2938 3002/3002/3002 3003/3003/3003
f 2938/2938/2938 3003/3003/3003 2939/2939/2939
f 2939/2939/2939 3003/3003/3003 3004/3004/3004
f 2939/2939/2939 3004/3004/3004 2940/2940/2940
f 2940/2940/2940 3004/3004/3004 3005/3005/3005
f 2940/2940/2940 3005/3005/3005 2941/2941/2941
f 2941/2941/2941 3005/3005/3005 3006/3006/3006
f 2941/2941/2941 3006/3006/3006 2942/2942/2942
f 2942/2942/2942 3006/3006/3006 3007/3007/3007
f 2942/2942/2942 3007/3007/3007 2943/2943/2943
f 2943/2943/2943 3007/3007/3007 3008/3008/3008
f 2943/2943/2943 3008/3008/3008 2944/2944/2944
f 2944/2944/2944 3008/3008/3008 3009/3009/3009
f 2944/2944/2944 3009/3009/3009 2945/2945/2945
f 2945/2945/2945 3009/3009/3009 3010/3010/3010
f 2945/2945/2945 3010/3010/3010 2946/2946/2946
f 2946/2946/2946 3010/3010/3010 3011/3011/3011
f 2946/2946/2946 3011/3011/3011 2947/2947/2947
f 2947/2947/2947 3011/3011/3011 3012/3012/3012
f 2947/2947/2947 3012/3012/3012 2948/2948/2948
f 2948/2948/2948 3012/3012/3012 3013/3013/3013
f 2948/2948/2948 3013/3013/3013 2949/2949/2949
f 2949/2949/2949 3013/3013/3013 3014/3014/3014
f 2949/2949/2949 3014/3014/3014 2950/2950/2950
f 2950/2950/2950 3014/3014/3014 3015/3015/3015
f 2950/2950/2950 3015/3015/3015 2951/2951/2951
f 2951/2951/2951 3015/3015/3015 3016/3016/3016
f 2951/2951/2951 3016/3016/3016 2952/2952/2952
f 2952/2952/2952 3016/3016/3016 3017/3017/3017
f 2952/2952/2952 3017/3017/3017 2953/2953/2953
f 2953/2953/2953 3017/3017/3017 3018/3018/3018
f 2953/2953/2953 3018/3018/3018 2954/2954/2954
f 2954/2954/2954 3018/3018/3018 3019/3019/3019
f 2954/2954/2954 3019/3019/3019 2955/2955/2955
f 2955/2955/2955 3019/3019/3019 3020/3020/3020
f 2955/2955/2955 3020/3020/3020 2956/2956/2956
f 2956/2956/2956 3020/3020/3020 3021/3021/3021
f 2956/2956/2956 3021/3021/3021 2957/2957/2957
f 2957/2957/2957 3021/3021/3021 3022/3022/3022
f 2957/2957/2957 3022/3022/3022 2958/2958/2958
f 2958/2958/2958 3022/3022/3022 3023/3023/3023
f 2958/2958/2958 3023/3023/3023 2959/2959/2959
f 2959/2959/2959 3023/3023/3023 3024/3024/3024
f 2959/2959/2959 3024/3024/3024 2960/2960/2960
f 2960/2960/2960 3024/3024/3024 3025/3025/3025
f 2960/2960/2960 3025/3025/3025 2961/2961/2961
f 2961/2961/2961 3025/3025/3025 3026/3026/3026
f 2961/2961/2961 3026/3026/3026 2962/2962/2962
f 2962/2962/2962 3026/3026/3026 3027/3027/3027
f 2962/2962/2962 3027/3027/3027 2963/2963/2963
f 2963/2963/2963 3027/3027/3027 3028/3028/3028
f 2963/2963/2963 3028/3028/3028 2964/2964/2964
f 2964/2964/2964 3028/3028/3028 3029/3029/3029
f 2964/2964/2964 3029/3029/3029 2965/2965/2965
f 2965/2965/2965 3029/3029/3029 3030/3030/3030
f 2965/2965/2965 3030/3030/3030 2966/2966/2966
f 2966/2966/2966 3030/3030/3030 3031/3031/3031
f 2966/2966/2966 3031/3031/3031 2967/2967/2967
f 2967/2967/2967 3031/3031/3031 3032/3032/3032
f 2967/2967/2967 3032/3032/3032 2968/2968/2968
f 2968/2968/2968 3032/3032/3032 3033/3033/3033
f 2968/2968/2968 3033/3033/3033 2969/2969/2969
f 2969/2969/2969 3033/3033/3033 3034/3034/3034
f 2969/2969/2969 3034/3034/3034 2970/2970/2970
f 2970/2970/2970 3034/3034/3034 3035/3035/3035
f 2970/2970/2970 3035/3035/3035 2971/2971/2971
f 2971/2971/2971 3035/3035/3035 3036/3036/3036
f 2971/2971/2971 3036/3036/3036 2972/2972/2972
f 2972/2972/2972 3036/3036/3036 3037/3037/3037
f 2972/2972/2972 3037/3037/3037 2973/2973/2973
f 2973/2973/2973 3037/3037/3037 3038/3038/3038
f 2973/2973/2973 3038/3038/3038 2974/2974/2974
f 2974/2974/2974 3038/3038/3038 3039/3039/3039
f 2974/2974/2974 3039/3039/3039 2975/2975/2975
f 2975/2975/2975 3039/3039/3039 3040/3040/3040
f 2975/2975/2975 3040/3040/3040 2976/2976/2976
f 2976/2976/2976 3040/3040/3040 3041/3041/3041
f 2976/2976/2976 3041/3041/3041 2977/2977/2977
f 2977/2977/2977 3041/3041/3041 3042/3042/3042
f 2977/2977/2977 3042/3042/3042 2978/2978/2978
f 2978/2978/2978 3042/3042/3042 3043/3043/3043
f 2978/2978/2978 3043/3043/3043 2979/2979/2979
f 2979/2979/2979 3043/3043/3043 3044/3044/3044
f 2979/2979/2979 3044/3044/3044 2980/2980/2980
f 2980/2980/2980 3044/3044/3044 3045/3045/3045
f 2980/2980/2980 3045/3045/3045 2981/2981/2981
f 2981/2981/2981 3045/3045/3045 3046/3046/3046
f 2981/2981/2981 3046/3046/3046 2982/2982/2982
f 2982/2982/2982 3046/3046/3046 3047/3047/3047
f 2982/2982/2982 3047/3047/3047 2983/2983/2983
f 2983/2983/2983 3047/3047/3047 3048/3048/3048
f 2983/2983/2983 3048/3048/3048 2984/2984/2984
f 2984/2984/2984 3048/3048/3048 3049/3049/3049
f 2984/2984/2984 3049/3049/3049 2985/2985/2985
f 2985/2985/2985 3049/3049/3049 3050/3050/3050
f 2985/2985/2985 3050/3050/3050 2986/2986/2986
f 2986/2986/2986 3050/3050/3050 3051/3051/3051
f 2986/2986/2986 3051/3051/3051 2987/2987/2987
f 2987/2987/2987 3051/3051/3051 3052/3052/3052
f 2987/2987/2987 3052/3052/3052 2988/2988/2988
f 2988/2988/2988 3052/3052/3052 3053/3053/3053
f 2988/2988/2988 3053/3053/3053 2989/2989/2989
f 2989/2989/2989 3053/3053/3053 3054/3054/3054
f 2989/2989/2989 3054/3054/3054 2990/2990/2990
f 2990/2990/2990 3054/3054/3054 3055/3055/3055
f 2991/2991/2991 3056/3056/3056 2992/2992/2992
f 2992/2992/2992 3056/3056/3056 3057/3057/3057
f 2992/2992/2992 3057/3057/3057 2993/2993/2993
f 2993/2993/2993 3057/3057/3057 3058/3058/3058
f 2993/2993/2993 3058/3058/3058 2994/2994/2994
f 2994/2994/2994 3058/3058/3058 3059/3059/3059
f 2994/2994/2994 3059/3059/3059 2995/2995/2995
f 2995/2995/2995 3059/3059/3059 3060/3060/3060
f 2995/2995/2995 3060/3060/3060 2996/2996/2996
f 2996/2996/2996 3060/3060/3060 3061/3061/3061
f 2996/2996/2996 3061/3061/3061 2997/2997/2997
f 2997/2997/2997 3061/3061/3061 3062/3062/3062
f 2997/2997/2997 3062/3062/3062 2998/2998/2998
f 2998/2998/2998 3062/3062/3062 3063/3063/3063
f 2998/2998/2998 3063/3063/3063 2999/2999/2999
f 2999/2999/2999 3063/3063/3063 3064/3064/3064
f 2999/2999/2999 3064/3064/3064 3000/3000/3000
f 3000/3000/3000 3064/3064/3064 3065/3065/3065
f 3000/3000/3000 3065/3065/3065 3001/3001/3001
f 3001/3001/3001 3065/3065/3065 3066/3066/3066
f 3001/3001/3001 3066/3066/3066 3002/3002/3002
f 3002/3002/3002 3066/3066/3066 3067/3067/3067
f 3002/3002/3002 3067/3067/3067 3003/3003/3003
f 3003/3003/3003 3067/3067/3067 3068/3068/3068
f 3003/3003/3003 3068/3068/3068 3004/3004/3004
f 3004/3004/3004 3068/3068/3068 3069/3069/3069
f 3004/3004/3004 3069/3069/3069 3005/3005/3005
f 3005/3005/3005 3069/3069/3069 3070/3070/3070
f 3005/3005/3005 3070/3070/3070 3006/3006/3006
f 3006/3006/3006 3070/3070/3070 3071/3071/3071
f 3006/3006/3006 3071/3071/3071 3007/3007/3007
f 3007/3007/3007 3071/3071/3071 3072/3072/3072
f 3007/3007/3007 3072/3072/3072 3008/3008/3008
f 3008/3008/3008 3072/3072/3072 3073/3073/3073
f 3008/3008/3008 3073/3073/3073 3009/3009/3009
f 3009/3009/3009 3073/3073/3073 3074/3074/3074
f 3009/3009/3009 3074/3074/3074 3010/3010/3010
f 3010/3010/3010 3074/3074/3074 3075/3075/3075
f 3010/3010/3010 3075/3075/3075 3011/3011/3011
f 3011/3011/3011 3075/3075/3075 3076/3076/3076
f 3011/3011/3011 3076/3076/3076 3012/3012/3012
f 3012/3012/3012 3076/3076/3076 3077/3077/3077
f 3012/3012/3012 3077/3077/3077 3013/3013/3013
f 3013/3013/3013 3077/3077/3077 3078/3078/3078
f 3013/3013/3013 3078/3078/3078 3014/3014/3014
f 3014/3014/3014 3078/3078/3078 3079/3079/3079
f 3014/3014/3014 3079/3079/3079 3015/3015/3015
f 3015/3015/3015 3079/3079/3079 3080/3080/3080
f 3015/3015/3015 3080/3080/3080 3016/3016/3016
f 3016/3016/3016 3080/3080/3080 3081/3081/3081
f 3016/3016/3016 3081/3081/3081 3017/3017/3017
f 3017/3017/3017 3081/3081/3081 3082/3082/3082
f 3017/3017/3017 3082/3082/3082 3018/3018/3018
f 3018/3018/3018 3082/3082/3082 3083/3083/3083
f 3018/3018/3018 3083/3083/3083 3019/3019/3019
f 3019/3019/3019 3083/3083/3083 3084/3084/3084
f 3019/3019/3019 3084/3084/3084 3020/3020/3020
f 3020/3020/3020 3084/3084/3084 3085/3085/3085
f 3020/3020/3020 3085/3085/3085 3021/3021/3021
f 3021/3021/3021 3085/3085/3085 3086/3086/3086
f 3021/3021/3021 3086/3086/3086 3022/3022/3022
f 3022/3022/3022 3086/3086/3086 3087/3087/3087
f 3022/3022/3022 3087/3087/3087 3023/3023/3023
f 3023/3023/3023 3087/3087/3087 3088/3088/3088
f 3023/3023/3023 3088/3088/3088 3024/3024/3024
f 3024/3024/3024 3088/3088/3088 3089/3089/3089
f 3024/3024/3024 3089/3089/3089 3025/3025/3025
f 3025/3025/3025 3089/3089/3089 3090/3090/3090
f 3025/3025/3025 3090/3090/3090 3026/3026/3026
f 3026/3026/3026 3090/3090/3090 3091/3091/3091
f 3026/3026/3026 3091/3091/3091 3027/3027/3027
f 3027/3027/3027 3091/3091/3091 3092/3092/3092
f 3027/3027/3027 3092/3092/3092 3028/3028/3028
f 3028/3028/3028 3092/3092/3092 3093/3093/3093
f 3028/3028/3028 3093/3093/3093 3029/3029/3029
f 3029/3029/3029 3093/3093/3093 3094/3094/3094
f 3029/3029/3029 3094/3094/3094 3030/3030/3030
f 3030/3030/3030 3094/3094/3094 3095/3095/3095
f 3030/3030/3030 3095/3095/3095 3031/3031/3031
f 3031/3031/3031 3095/3095/3095 3096/3096/3096
f 3031/3031/3031 3096/3096/3096 3032/3032/3032
f 3032/3032/3032 3096/3096/3096 3097/3097/3097
f 3032/3032/3032 3097/3097/3097 3033/3033/3033
f 3033/3033/3033 3097/3097/3097 3098/3098/3098
f 3033/3033/3033 3098/3098/3098 3034/3034/3034
f 3034/3034/3034 3098/3098/3098 3099/3099/3099
f 3034/3034/3034 3099/3099/3099 3035/3035/3035
f 3035/3035/3035 3099/3099/3099 3100/3100/3100
f 3035/3035/3035 3100/3100/3100 3036/3036/3036
f 3036/3036/3036 3100/3100/3100 3101/3101/3101
f 3036/3036/3036 3101/3101/3101 3037/3037/3037
f 3037/3037/3037 3101/3101/3101 3102/3102/3102
f 3037/3037/3037 3102/3102/3102 3038/3038/3038
f 3038/3038/3038 3102/3102/3102 3103/3103/3103
f 3038/3038/3038 3103/3103/3103 3039/3039/3039
f 3039/3039/3039 3103/3103/3103 3104/3104/3104
f 3039/3039/3039 3104/3104/3104 3040/3040/3040
f 3040/3040/3040 3104/3104/3104 3105/3105/3105
f 3040/3040/3040 3105/3105/3105 3041/3041/3041
f 3041/3041/3041 3105/3105/3105 3106/3106/3106
f 3041/3041/3041 3106/3106/3106 3042/3042/3042
f 3042/3042/3042 3106/3106/3106 3107/3107/3107
f 3042/3042/3042 3107/3107/3107 3043/3043/3043
f 3043/3043/3043 3107/3107/3107 3108/3108/3108
f 3043/3043/3043 3108/3108/3108 3044/3044/3044
f 3044/3044/3044 3108/3108/3108 3109/3109/3109
f 3044/3044/3044 3109/3109/3109 3045/3045/3045
f 3045/3045/3045 3109/3109/3109 3110/3110/3110
f 3045/3045/3045 3110/3110/3110 3046/3046/3046
f 3046/3046/3046 3110/3110/3110 3111/3111/3111
f 3046/3046/3046 3111/3111/3111 3047/3047/3047
f 3047/3047/3047 3111/3111/3111 3112/3112/3112
f 3047/3047/3047 3112/3112/3112 3048/3048/3048
f 3048/3048/3048 3112/3112/3112 3113/3113/3113
f 3048/3048/3048 3113/3113/3113 3049/3049/3049
f 3049/3049/3049 3113/3113/3113 3114/3114/3114
f 3049/3049/3049 3114/3114/3114 3050/3050/3050
f 3050/3050/3050 3114/3114/3114 3115/3115/3115
f 3050/3050/3050 3115/3115/3115 3051/3051/3051
f 3051/3051/3051 3115/3115/3115 3116/3116/3116
f 3051/3051/3051 3116/3116/3116 3052/3052/3052
f 3052/3052/3052 3116/3116/3116 3117/3117/3117
f 3052/3052/3052 3117/3117/3117 3053/3053/3053
f 3053/3053/3053 3117/3117/3117 3118/3118/3118
f 3053/3053/3053 3118/3118/3118 3054/3054/3054
f 3054/3054/3054 3118/3118/3118 3119/3119/3119
f 3054/3054/3054 3119/3119/3119 3055/3055/3055
f 3055/3055/3055 3119/3119/3119 3120/3120/3120
f 3056/3056/3056 3121/3121/3121 3057/3057/3057
f 3057/3057/3057 3121/3121/3121 3122/3122/3122
f 3057/3057/3057 3122/3122/3122 3058/3058/3058
f 3058/3058/3058 3122/3122/3122 3123/3123/3123
f 3058/3058/3058 3123/3123/3123 3059/3059/3059
f 3059/3059/3059 3123/3123/3123 3124/3124/3124
f 3059/3059/3059 3124/3124/3124 3060/3060/3060
f 3060/3060/3060 3124/3124/3124 3125/3125/3125
f 3060/3060/3060 3125/3125/3125 3061/3061/3061
f 3061/3061/3061 3125/3125/3125 3126/3126/3126
f 3061/3061/3061 3126/3126/3126 3062/3062/3062
f 3062/3062/3062 3126/3126/3126 3127/3127/3127
f 3062/3062/3062 3127/3127/3127 3063/3063/3063
f 3063/3063/3063 3127/3127/3127 3128/3128/3128
f 3063/3063/3063 3128/3128/3128 3064/3064/3064
f 3064/3064/3064 3128/3128/3128 3129/3129/3129
f 3064/3064/3064 3129/3129/3129 3065/3065/3065
f 3065/3065/3065 3129/3129/3129 3130/3130/3130
f 3065/3065/3065 3130/3130/3130 3066/3066/3066
f 3066/3066/3066 3130/3130/3130 3131/3131/3131
f 3066/3066/3066 3131/3131/3131 3067/3067/3067
f 3067/3067/3067 3131/3131/3131 3132/3132/3132
f 3067/3067/3067 3132/3132/3132 3068/3068/3068
f 3068/3068/3068 3132/3132/3132 3133/3133/3133
f 3068/3068/3068 3133/3133/3133 3069/3069/3069
f 3069/3069/3069 3133/3133/3133 3134/3134/3134
f 3069/3069/3069 3134/3134/3134 3070/3070/3070
f 3070/3070/3070 3134/3134/3134 3135/3135/3135
f 3070/3070/3070 3135/3135/3135 3071/3071/3071
f 3071/3071/3071 3135/3135/3135 3136/3136/3136
f 3071/3071/3071 3136/3136/3136 3072/3072/3072
f 3072/3072/3072 3136/3136/3136 3137/3137/3137
f 3072/3072/3072 3137/3137/3137 3073/3073/3073
f 3073/3073/3073 3137/3137/3137 3138/3138/3138
f 3073/3073/3073 3138/3138/3138 3074/3074/3074
f 3074/3074/3074 3138/3138/3138 3139/3139/3139
f 3074/3074/3074 3139/3139/3139 3075/3075/3075
f 3075/3075/3075 3139/3139/3139 3140/3140/3140
f 3075/3075/3075 3140/3140/3140 3076/3076/3076
f 3076/3076/3076 3140/3140/3140 3141/3141/3141
f 3076/3076/3076 3141/3141/3141 3077/3077/3077
f 3077/3077/3077 3141/3141/3141 3142/3142/3142
f 3077/3077/3077 3142/3142/3142 3078/3078/3078
f 3078/3078/3078 3142/3142/3142 3143/3143/3143
f 3078/3078/3078 3143/3143/3143 3079/3079/3079
f 3079/3079/3079 3143/3143/3143 3144/3144/3144
f 3079/3079/3079 3144/3144/3144 3080/3080/3080
f 3080/3080/3080 3144/3144/3144 3145/3145/3145
f 3080/3080/3080 3145/3145/3145 3081/3081/3081
f 3081/3081/3081 3145/3145/3145 3146/3146/3146
f 3081/3081/3081 3146/3146/3146 3082/3082/3082
f 3082/3082/3082 3146/3146/3146 3147/3147/3147
f 3082/3082/3082 3147/3147/3147 3083/3083/3083
f 3083/3083/3083 3147/3147/3147 3148/3148/3148
f 3083/3083/3083 3148/3148/3148 3084/3084/3084
f 3084/3084/3084 3148/3148/3148 3149/3149/3149
f 3084/3084/3084 3149/3149/3149 3085/3085/3085
f 3085/3085/3085 3149/3149/3149 3150/3150/3150
f 3085/3085/3085 3150/3150/3150 3086/3086/3086
f 3086/3086/3086 3150/3150/3150 3151/3151/3151
f 3086/3086/3086 3151/3151/3151 3087/3087/3087
f 3087/3087/3087 3151/3151/3151 3152/3152/3152
f 3087/3087/3087 3152/3152/3152 3088/3088/3088
f 3088/3088/3088 3152/3152/3152 3153/3153/3153
f 3088/3088/3088 3153/3153/3153 3089/3089/3089
f 3089/3089/3089 3153/3153/3153 3154/3154/3154
f 3089/3089/3089 3154/3154/3154 3090/3090/3090
f 3090/3090/3090 3154/3154/3154 3155/3155/3155
f 3090/3090/3090 3155/3155/3155 3091/3091/3091
f 3091/3091/3091 3155/3155/3155 3156/3156/3156
f 3091/3091/3091 3156/3156/3156 3092/3092/3092
f 3092/3092/3092 3156/3156/3156 3157/3157/3157
f 3092/3092/3092 3157/3157/3157 3093/3093/3093
f 3093/3093/3093 3157/3157/3157 3158/3158/3158
f 3093/3093/3093 3158/3158/3158 3094/3094/3094
f 3094/3094/3094 3158/3158/3158 3159/3159/3159
f 3094/3094/3094 3159/3159/3159 3095/3095/3095
f 3095/3095/3095 3159/3159/3159 3160/3160/3160
f 3095/3095/3095 3160/3160/3160 3096/3096/3096
f 3096/3096/3096 3160/3160/3160 3161/3161/3161
f 3096/3096/3096 3161/3161/3161 3097/3097/3097
f 3097/3097/3097 3161/3161/3161 3162/3162/3162
f 3097/3097/3097 3162/3162/3162 3098/3098/3098
f 3098/3098/3098 3162/3162/3162 3163/3163/3163
f 3098/3098/3098 3163/3163/3163 3099/3099/3099
f 3099/3099/3099 3163/3163/3163 3164/3164/3164
f 3099/3099/3099 3164/3164/3164 3100/3100/3100
f 3100/3100/3100 3164/3164/3164 3165/3165/3165
f 3100/3100/3100 3165/3165/3165 3101/3101/3101
f 3101/3101/3101 3165/3165/3165 3166/3166/3166
f 3101/3101/3101 3166/3166/3166 3102/3102/3102
f 3102/3102/3102 3166/3166/3166 3167/3167/3167
f 3102/3102/3102 3167/3167/3167 3103/3103/3103
f 3103/3103/3103 3167/3167/3167 3168/3168/3168
f 3103/3103/3103 3168/3168/3168 3104/3104/3104
f 3104/3104/3104 3168/3168/3168 3169/3169/3169
f 3104/3104/3104 3169/3169/3169 3105/3105/3105
f 3105/3105/3105 3169/3169/3169 3170/3170/3170
f 3105/3105/3105 3170/3170/3170 3106/3106/3106
f 3106/3106/3106 3170/3170/3170 3171/3171/3171
f 3106/3106/3106 3171/3171/3171 3107/3107/3107
f 3107/3107/3107 3171/3171/3171 3172/3172/3172
f 3107/3107/3107 3172/3172/3172 3108/3108/3108
f 3108/3108/3108 3172/3172/3172 3173/3173/3173
f 3108/3108/3108 3173/3173/3173 3109/3109/3109
f 3109/3109/3109 3173/3173/3173 3174/3174/3174
f 3109/3109/3109 3174/3174/3174 3110/3110/3110
f 3110/3110/3110 3174/3174/3174 3175/3175/3175
f 3110/3110/3110 3175/3175/3175 3111/3111/3111
f 3111/3111/3111 3175/3175/3175 3176/3176/3176
f 3111/3111/3111 3176/3176/3176 3112/3112/3112
f 3112/3112/3112 3176/3176/3176 3177/3177/3177
f 3112/3112/3112 3177/3177/3177 3113/3113/3113
f 3113/3113/3113 3177/3177/3177 3178/3178/3178
f 3113/3113/3113 3178/3178/3178 3114/3114/3114
f 3114/3114/3114 3178/3178/3178 3179/3179/3179
f 3114/3114/3114 3179/3179/3179 3115/3115/3115
f 3115/3115/3115 3179/3179/3179 3180/3180/3180
f 3115/3115/3115 3180/3180/3180 3116/3116/3116
f 3116/3116/3116 3180/3180/3180 3181/3181/3181
f 3116/3116/3116 3181/3181/3181 3117/3117/3117
f 3117/3117/3117 3181/3181/3181 3182/3182/3182
f 3117/3117/3117 3182/3182/3182 3118/3118/3118
f 3118/3118/3118 3182/3182/3182 3183/3183/3183
f 3118/3118/3118 3183/3183/3183 3119/3119/3119
f 3119/3119/3119 3183/3183/3183 3184/3184/3184
f 3119/3119/3119 3184/3184/3184 3120/3120/3120
f 3120/3120/3120 3184/3184/3184 3185/3185/3185
f 3121/3121/3121 3186/3186/3186 3122/3122/3122
f 3122/3122/3122 3186/3186/3186 3187/3187/3187
f 3122/3122/3122 3187/3187/3187 3123/3123/3123
f 3123/3123/3123 3187/3187/3187 3188/3188/3188
f 3123/3123/3123 3188/3188/3188 3124/3124/3124
f 3124/3124/3124 3188/3188/3188 3189/3189/3189
f 3124/3124/3124 3189/3189/3189 3125/3125/3125
f 3125/3125/3125 3189/3189/3189 3190/3190/3190
f 3125/3125/3125 3190/3190/3190 3126/3126/3126
f 3126/3126/3126 3190/3190/3190 3191/3191/3191
f 3126/3126/3126 3191/3191/3191 3127/3127/3127
f 3127/3127/3127 3191/3191/3191 3192/3192/3192
f 3127/3127/3127 3192/3192/3192 3128/3128/3128
f 3128/3128/3128 3192/3192/3192 3193/3193/3193
f 3128/3128/3128 3193/3193/3193 3129/3129/3129
f 3129/3129/3129 3193/3193/3193 3194/3194/3194
f 3129/3129/3129 3194/3194/3194 3130/3130/3130
f 3130/3130/3130 3194/3194/3194 3195/3195/3195
f 3130/3130/3130 3195/3195/3195 3131/3131/3131
f 3131/3131/3131 3195/3195/3195 3196/3196/3196
f 3131/3131/3131 3196/3196/3196 3132/3132/3132
f 3132/3132/3132 3196/3196/3196 3197/3197/3197
f 3132/3132/3132 3197/3197/3197 3133/3133/3133
f 3133/3133/3133 3197/3197/3197 3198/3198/3198
f 3133/3133/3133 3198/3198/3198 3134/3134/3134
f 3134/3134/3134 3198/3198/3198 3199/3199/3199
f 3134/3134/3134 3199/3199/3199 3135/3135/3135
f 3135/3135/3135 3199/3199/3199 3200/3200/3200
f 3135/3135/3135 3200/3200/3200 3136/3136/3136
f 3136/3136/3136 3200/3200/3200 3201/3201/3201
f 3136/3136/3136 3201/3201/3201 3137/3137/3137
f 3137/3137/3137 3201/3201/3201 3202/3202/3202
f 3137/3137/3137 3202/3202/3202 3138/3138/3138
f 3138/3138/3138 3202/3202/3202 3203/3203/3203
f 3138/3138/3138 3203/3203/3203 3139/3139/3139
f 3139/3139/3139 3203/3203/3203 3204/3204/3204
f 3139/3139/3139 3204/3204/3204 3140/3140/3140
f 3140/3140/3140 3204/3204/3204 3205/3205/3205
f 3140/3140/3140 3205/3205/3205 3141/3141/3141
f 3141/3141/3141 3205/3205/3205 3206/3206/3206
f 3141/3141/3141 3206/3206/3206 3142/3142/3142
f 3142/3142/3142 3206/3206/3206 3207/3207/3207
f 3142/3142/3142 3207/3207/3207 3143/3143/3143
f 3143/3143/3143 3207/3207/3207 3208/3208/3208
f 3143/3143/3143 3208/3208/3208 3144/3144/3144
f 3144/3144/3144 3208/3208/3208 3209/3209/3209
f 3144/3144/3144 3209/3209/3209 3145/3145/3145
f 3145/3145/3145 3209/3209/3209 3210/3210/3210
f 3145/3145/3145 3210/3210/3210 3146/3146/3146
f 3146/3146/3146 3210/3210/3210 3211/3211/3211
f 3146/3146/3146 3211/3211/3211 3147/3147/3147
f 3147/3147/3147 3211/3211/3211 3212/3212/3212
f 3147/3147/3147 3212/3212/3212 3148/3148/3148
f 3148/3148/3148 3212/3212/3212 3213/3213/3213
f 3148/3148/3148 3213/3213/3213 3149/3149/3149
f 3149/3149/3149 3213/3213/3213 3214/3214/3214
f 3149/3149/3149 3214/3214/3214 3150/3150/3150
f 3150/3150/3150 3214/3214/3214 3215/3215/3215
f 3150/3150/3150 3215/3215/3215 3151/3151/3151
f 3151/3151/3151 3215/3215/3215 3216/3216/3216
f 3151/3151/3151 3216/3216/3216 3152/3152/3152
f 3152/3152/3152 3216/3216/3216 3217/3217/3217
f 3152/3152/3152 3217/3217/3217 3153/3153/3153
f 3153/3153/3153 3217/3217/3217 3218/3218/3218
f 3153/3153/3153 3218/3218/3218 3154/3154/3154
f 3154/3154/3154 3218/3218/3218 3219/3219/3219
f 3154/3154/3154 3219/3219/3219 3155/3155/3155
f 3155/3155/3155 3219/3219/3219 3220/3220/3220
f 3155/3155/3155 3220/3220/3220 3156/3156/3156
f 3156/3156/3156 3220/3220/3220 3221/3221/3221
f 3156/3156/3156 3221/3221/3221 3157/3157/3157
f 3157/3157/3157 3221/3221/3221 3222/3222/3222
f 3157/3157/3157 3222/3222/3222 3158/3158/3158
f 3158/3158/3158 3222/3222/3222 3223/3223/3223
f 3158/3158/3158 3223/3223/3223 3159/3159/3159
f 3159/3159/3159 3223/3223/3223 3224/3224/3224
f 3159/3159/3159 3224/3224/3224 3160/3160/3160
f 3160/3160/3160 3224/3224/3224 3225/3225/3225
f 3160/3160/3160 3225/3225/3225 3161/3161/3161
f 3161/3161/3161 3225/3225/3225 3226/3226/3226
f 3161/3161/3161 3226/3226/3226 3162/3162/3162
f 3162/3162/3162 3226/3226/3226 3227/3227/3227
f 3162/3162/3162 3227/3227/3227 3163/3163/3163
f 3163/3163/3163 3227/3227/3227 3228/3228/3228
f 3163/3163/3163 3228/3228/3228 3164/3164/3164
f 3164/3164/3164 3228/3228/3228 3229/3229/3229
f 3164/3164/3164 3229/3229/3229 3165/3165/3165
f 3165/3165/3165 3229/3229/3229 3230/3230/3230
f 3165/3165/3165 3230/3230/3230 3166/3166/3166
f 3166/3166/3166 3230/3230/3230 3231/3231/3231
f 3166/3166/3166 3231/3231/3231 3167/3167/3167
f 3167/3167/3167 3231/3231/3231 3232/3232/3232
f 3167/3167/3167 3232/3232/3232 3168/3168/3168
f 3168/3168/3168 3232/3232/3232 3233/3233/3233
f 3168/3168/3168 3233/3233/3233 3169/3169/3169
f 3169/3169/3169 3233/3233/3233 3234/3234/3234
f 3169/3169/3169 3234/3234/3234 3170/3170/3170
f 3170/3170/3170 3234/3234/3234 3235/3235/3235
f 3170/3170/3170 3235/3235/3235 3171/3171/3171
f 3171/3171/3171 3235/3235/3235 3236/3236/3236
f 3171/3171/3171 3236/3236/3236 3172/3172/3172
f 3172/3172/3172 3236/3236/3236 3237/3237/3237
f 3172/3172/3172 3237/3237/3237 3173/3173/3173
f 3173/3173/3173 3237/3237/3237 3238/3238/3238
f 3173/3173/3173 3238/3238/3238 3174/3174/3174
f 3174/3174/3174 3238/3238/3238 3239/3239/3239
f 3174/3174/3174 3239/3239/3239 3175/3175/3175
f 3175/3175/3175 3239/3239/3239 3240/3240/3240
f 3175/3175/3175 3240/3240/3240 3176/3176/3176
f 3176/3176/3176 3240/3240/3240 3241/3241/3241
f 3176/3176/3176 3241/3241/3241 3177/3177/3177
f 3177/3177/3177 3241/3241/3241 3242/3242/3242
f 3177/3177/3177 3242/3242/3242 3178/3178/3178
f 3178/3178/3178 3242/3242/3242 3243/3243/3243
f 3178/3178/3178 3243/3243/3243 3179/3179/3179
f 3179/3179/3179 3243/3243/3243 3244/3244/3244
f 3179/3179/3179 3244/3244/3244 3180/3180/3180
f 3180/3180/3180 3244/3244/3244 3245/3245/3245
f 3180/3180/3180 3245/3245/3245 3181/3181/3181
f 3181/3181/3181 3245/3245/3245 3246/3246/3246
f 3181/3181/3181 3246/3246/3246 3182/3182/3182
f 3182/3182/3182 3246/3246/3246 3247/3247/3247
f 3182/3182/3182 3247/3247/3247 3183/3183/3183
f 3183/3183/3183 3247/3247/3247 3248/3248/3248
f 3183/3183/3183 3248/3248/3248 3184/3184/3184
f 3184/3184/3184 3248/3248/3248 3249/3249/3249
f 3184/3184/3184 3249/3249/3249 3185/3185/3185
f 3185/3185/3185 3249/3249/3249 3250/3250/3250
f 3186/3186/3186 3251/3251/3251 3187/3187/3187
f 3187/3187/3187 3251/3251/3251 3252/3252/3252
f 3187/3187/3187 3252/3252/3252 3188/3188/3188
f 3188/3188/3188 3252/3252/3252 3253/3253/3253
f 3188/3188/3188 3253/3253/3253 3189/3189/3189
f 3189/3189/3189 3253/3253/3253 3254/3254/3254
f 3189/3189/3189 3254/3254/3254 3190/3190/3190
f 3190/3190/3190 3254/3254/3254 3255/3255/3255
f 3190/3190/3190 3255/3255/3255 3191/3191/3191
f 3191/3191/3191 3255/3255/3255 3256/3256/3256
f 3191/3191/3191 3256/3256/3256 3192/3192/3192
f 3192/3192/3192 3256/3256/3256 3257/3257/3257
f 3192/3192/3192 3257/3257/3257 3193/3193/3193
f 3193/3193/3193 3257/3257/3257 3258/3258/3258
f 3193/3193/3193 3258/3258/3258 3194/3194/3194
f 3194/3194/3194 3258/3258/3258 3259/3259/3259
f 3194/3194/3194 3259/3259/3259 3195/3195/3195
f 3195/3195/3195 3259/3259/3259 3260/3260/3260
f 3195/3195/3195 3260/3260/3260 3196/3196/3196
f 3196/3196/3196 3260/3260/3260 3261/3261/3261
f 3196/3196/3196 3261/3261/3261 3197/3197/3197
f 3197/3197/3197 3261/3261/3261 3262/3262/3262
f 3197/3197/3197 3262/3262/3262 3198/3198/3198
f 3198/3198/3198 3262/3262/3262 3263/3263/3263
f 3198/3198/3198 3263/3263/3263 3199/3199/3199
f 3199/3199/3199 3263/3263/3263 3264/3264/3264
f 3199/3199/3199 3264/3264/3264 3200/3200/3200
f 3200/3200/3200 3264/3264/3264 3265/3265/3265
f 3200/3200/3200 3265/3265/3265 3201/3201/3201
f 3201/3201/3201 3265/3265/3265 3266/3266/3266
f 3201/3201/3201 3266/3266/3266 3202/3202/3202
f 3202/3202/3202 3266/3266/3266 3267/3267/3267
f 3202/3202/3202 3267/3267/3267 3203/3203/3203
f 3203/3203/3203 3267/3267/3267 3268/3268/3268
f 3203/3203/3203 3268/3268/3268 3204/3204/3204
f 3204/3204/3204 3268/3268/3268 3269/3269/3269
f 3204/3204/3204 3269/3269/3269 3205/3205/3205
f 3205/3205/3205 3269/3269/3269 3270/3270/3270
f 3205/3205/3205 3270/3270/3270 3206/3206/3206
f 3206/3206/3206 3270/3270/3270 3271/3271/3271
f 3206/3206/3206 3271/3271/3271 3207/3207/3207
f 3207/3207/3207 3271/3271/3271 3272/3272/3272
f 3207/3207/3207 3272/3272/3272 3208/3208/3208
f 3208/3208/3208 3272/3272/3272 3273/3273/3273
f 3208/3208/3208 3273/3273/3273 3209/3209/3209
f 3209/3209/3209 3273/3273/3273 3274/3274/3274
f 3209/3209/3209 3274/3274/3274 3210/3210/3210
f 3210/3210/3210 3274/3274/3274 3275/3275/3275
f 3210/3210/3210 3275/3275/3275 3211/3211/3211
f 3211/3211/3211 3275/3275/3275 3276/3276/3276
f 3211/3211/3211 3276/3276/3276 3212/3212/3212
f 3212/3212/3212 3276/3276/3276 3277/3277/3277
f 3212/3212/3212 3277/3277/3277 3213/3213/3213
f 3213/3213/3213 3277/3277/3277 3278/3278/3278
f 3213/3213/3213 3278/3278/3278 3214/3214/3214
f 3214/3214/3214 3278/3278/3278 3279/3279/3279
f 3214/3214/3214 3279/3279/3279 3215/3215/3215
f 3215/3215/3215 3279/3279/3279 3280/3280/3280
f 3215/3215/3215 3280/3280/3280 3216/3216/3216
f 3216/3216/3216 3280/3280/3280 3281/3281/3281
f 3216/3216/3216 3281/3281/3281 3217/3217/3217
f 3217/3217/3217 3281/3281/3281 3282/3282/3282
f 3217/3217/3217 3282/3282/3282 3218/3218/3218
f 3218/3218/3218 3282/3282/3282 3283/3283/3283
f 3218/3218/3218 3283/3283/3283 3219/3219/3219
f 3219/3219/3219 3283/3283/3283 3284/3284/3284
f 3219/3219/3219 3284/3284/3284 3220/3220/3220
f 3220/3220/3220 3284/3284/3284 3285/3285/3285
f 3220/3220/3220 3285/3285/3285 3221/3221/3221
f 3221/3221/3221 3285/3285/3285 3286/3286/3286
f 3221/3221/3221 3286/3286/3286 3222/3222/3222
f 3222/3222/3222 3286/3286/3286 3287/3287/3287
f 3222/3222/3222 3287/3287/3287 3223/3223/3223
f 3223/3223/3223 3287/3287/3287 3288/3288/3288
f 3223/3223/3223 3288/3288/3288 3224/3224/3224
f 3224/3224/3224 3288/3288/3288 3289/3289/3289
f 3224/3224/3224 3289/3289/3289 3225/3225/3225
f 3225/3225/3225 3289/3289/3289 3290/3290/3290
f 3225/3225/3225 3290/3290/3290 3226/3226/3226
f 3226/3226/3226 3290/3290/3290 3291/3291/3291
f 3226/3226/3226 3291/3291/3291 3227/3227/3227
f 3227/3227/3227 3291/3291/3291 3292/3292/3292
f 3227/3227/3227 3292/3292/3292 3228/3228/3228
f 3228/3228/3228 3292/3292/3292 3293/3293/3293
f 3228/3228/3228 3293/3293/3293 3229/3229/3229
f 3229/3229/3229 3293/3293/3293 3294/3294/3294
f 3229/3229/3229 3294/3294/3294 3230/3230/3230
f 3230/3230/3230 3294/3294/3294 3295/3295/3295
f 3230/3230/3230 3295/3295/3295 3231/3231/3231
f 3231/3231/3231 3295/3295/3295 3296/3296/3296
f 3231/3231/3231 3296/3296/3296 3232/3232/3232
f 3232/3232/3232 3296/3296/3296 3297/3297/3297
f 3232/3232/3232 3297/3297/3297 3233/3233/3233
f 3233/3233/3233 3297/3297/3297 3298/3298/3298
f 3233/3233/3233 3298/3298/3298 3234/3234/3234
f 3234/3234/3234 3298/3298/3298 3299/3299/3299
f 3234/3234/3234 3299/3299/3299 3235/3235/3235
f 3235/3235/3235 3299/3299/3299 3300/3300/3300
f 3235/3235/3235 3300/3300/3300 3236/3236/3236
f 3236/3236/3236 3300/3300/3300 3301/3301/3301
f 3236/3236/3236 3301/3301/3301 3237/3237/3237
f 3237/3237/3237 3301/3301/3301 3302/3302/3302
f 3237/3237/3237 3302/3302/3302 3238/3238/3238
f 3238/3238/3238 3302/3302/3302 3303/3303/3303
f 3238/3238/3238 3303/3303/3303 3239/3239/3239
f 3239/3239/3239 3303/3303/3303 3304/3304/3304
f 3239/3239/3239 3304/3304/3304 3240/3240/3240
f 3240/3240/3240 3304/3304/3304 3305/3305/3305
f 3240/3240/3240 3305/3305/3305 3241/3241/3241
f 3241/3241/3241 3305/3305/3305 3306/3306/3306
f 3241/3241/3241 3306/3306/3306 3242/3242/3242
f 3242/3242/3242 3306/3306/3306 3307/3307/3307
f 3242/3242/3242 3307/3307/3307 3243/3243/3243
f 3243/3243/3243 3307/3307/3307 3308/3308/3308
f 3243/3243/3243 3308/3308/3308 3244/3244/3244
f 3244/3244/3244 3308/3308/3308 3309/3309/3309
f 3244/3244/3244 3309/3309/3309 3245/3245/3245
f 3245/3245/3245 3309/3309/3309 3310/3310/3310
f 3245/3245/3245 3310/3310/3310 3246/3246/3246
f 3246/3246/3246 3310/3310/3310 3311/3311/3311
f 3246/3246/3246 3311/3311/3311 3247/3247/3247
f 3247/3247/3247 3311/3311/3311 3312/3312/3312
f 3247/3247/3247 3312/3312/3312 3248/3248/3248
f 3248/3248/3248 3312/3312/3312 3313/3313/3313
f 3248/3248/3248 3313/3313/3313 3249/3249/3249
f 3249/3249/3249 3313/3313/3313 3314/3314/3314
f 3249/3249/3249 3314/3314/3314 3250/3250/3250
f 3250/3250/3250 3314/3314/3314 3315/3315/3315
f 3251/3251/3251 3316/3316/3316 3252/3252/3252
f 3252/3252/3252 3316/3316/3316 3317/3317/3317
f 3252/3252/3252 3317/3317/3317 3253/3253/3253
f 3253/3253/3253 3317/3317/3317 3318/3318/3318
f 3253/3253/3253 3318/3318/3318 3254/3254/3254
f 3254/3254/3254 3318/3318/3318 3319/3319/3319
f 3254/3254/3254 3319/3319/3319 3255/3255/3255
f 3255/3255/3255 3319/3319/3319 3320/3320/3320
f 3255/3255/3255 3320/3320/3320 3256/3256/3256
f 3256/3256/3256 3320/3320/3320 3321/3321/3321
f 3256/3256/3256 3321/3321/3321 3257/3257/3257
f 3257/3257/3257 3321/3321/3321 3322/3322/3322
f 3257/3257/3257 3322/3322/3322 3258/3258/3258
f 3258/3258/3258 3322/3322/3322 3323/3323/3323
f 3258/3258/3258 3323/3323/3323 3259/3259/3259
f 3259/3259/3259 3323/3323/3323 3324/3324/3324
f 3259/3259/3259 3324/3324/3324 3260/3260/3260
f 3260/3260/3260 3324/3324/3324 3325/3325/3325
f 3260/3260/3260 3325/3325/3325 3261/3261/3261
f 3261/3261/3261 3325/3325/3325 3326/3326/3326
f 3261/3261/3261 3326/3326/3326 3262/3262/3262
f 3262/3262/3262 3326/3326/3326 3327/3327/3327
f 3262/3262/3262 3327/3327/3327 3263/3263/3263
f 3263/3263/3263 3327/3327/3327 3328/3328/3328
f 3263/3263/3263 3328/3328/3328 3264/3264/3264
f 3264/3264/3264 3328/3328/3328 3329/3329/3329
f 3264/3264/3264 3329/3329/3329 3265/3265/3265
f 3265/3265/3265 3329/3329/3329 3330/3330/3330
f 3265/3265/3265 3330/3330/3330 3266/3266/3266
f 3266/3266/3266 3330/3330/3330 3331/3331/3331
f 3266/3266/3266 3331/3331/3331 3267/3267/3267
f 3267/3267/3267 3331/3331/3331 3332/3332/3332
f 3267/3267/3267 3332/3332/3332 3268/3268/3268
f 3268/3268/3268 3332/3332/3332 3333/3333/3333
f 3268/3268/3268 3333/3333/3333 3269/3269/3269
f 3269/3269/3269 3333/3333/3333 3334/3334/3334
f 3269/3269/3269 3334/3334/3334 3270/3270/3270
f 3270/3270/3270 3334/3334/3334 3335/3335/3335
f 3270/3270/3270 3335/3335/3335 3271/3271/3271
f 3271/3271/3271 3335/3335/3335 3336/3336/3336
f 3271/3271/3271 3336/3336/3336 3272/3272/3272
f 3272/3272/3272 3336/3336/3336 3337/3337/3337
f 3272/3272/3272 3337/3337/3337 3273/3273/3273
f 3273/3273/3273 3337/3337/3337 3338/3338/3338
f 3273/3273/3273 3338/3338/3338 3274/3274/3274
f 3274/3274/3274 3338/3338/3338 3339/3339/3339
f 3274/3274/3274 3339/3339/3339 3275/3275/3275
f 3275/3275/3275 3339/3339/3339 3340/3340/3340
f 3275/3275/3275 3340/3340/3340 3276/3276/3276
f 3276/3276/3276 3340/3340/3340 3341/3341/3341
f 3276/3276/3276 3341/3341/3341 3277/3277/3277
f 3277/3277/3277 3341/3341/3341 3342/3342/3342
f 3277/3277/3277 3342/3342/3342 3278/3278/3278
f 3278/3278/3278 3342/3342/3342 3343/3343/3343
f 3278/3278/3278 3343/3343/3343 3279/3279/3279
f 3279/3279/3279 3343/3343/3343 3344/3344/3344
f 3279/3279/3279 3344/3344/3344 3280/3280/3280
f 3280/3280/3280 3344/3344/3344 3345/3345/3345
f 3280/3280/3280 3345/3345/3345 3281/3281/3281
f 3281/3281/3281 3345/3345/3345 3346/3346/3346
f 3281/3281/3281 3346/3346/3346 3282/3282/3282
f 3282/3282/3282 3346/3346/3346 3347/3347/3347
f 3282/3282/3282 3347/3347/3347 3283/3283/3283
f 3283/3283/3283 3347/3347/3347 3348/3348/3348
f 3283/3283/3283 3348/3348/3348 3284/3284/3284
f 3284/3284/3284 3348/3348/3348 3349/3349/3349
f 3284/3284/3284 3349/3349/3349 3285/3285/3285
f 3285/3285/3285 3349/3349/3349 3350/3350/3350
f 3285/3285/3285 3350/3350/3350 3286/3286/3286
f 3286/3286/3286 3350/3350/3350 3351/3351/3351
f 3286/3286/3286 3351/3351/3351 3287/3287/3287
f 3287/3287/3287 3351/3351/3351 3352/3352/3352
f 3287/3287/3287 3352/3352/3352 3288/3288/3288
f 3288/3288/3288 3352/3352/3352 3353/3353/3353
f 3288/3288/3288 3353/3353/3353 3289/3289/3289
f 3289/3289/3289 3353/3353/3353 3354/3354/3354
f 3289/3289/3289 3354/3354/3354 3290/3290/3290
f 3290/3290/3290 3354/3354/3354 3355/3355/3355
f 3290/3290/3290 3355/3355/3355 3291/3291/3291
f 3291/3291/3291 3355/3355/3355 3356/3356/3356
f 3291/3291/3291 3356/3356/3356 3292/3292/3292
f 3292/3292/3292 3356/3356/3356 3357/3357/3357
f 3292/3292/3292 3357/3357/3357 3293/3293/3293
f 3293/3293/3293 3357/3357/3357 3358/3358/3358
f 3293/3293/3293 3358/3358/3358 3294/3294/3294
f 3294/3294/3294 3358/3358/3358 3359/3359/3359
f 3294/3294/3294 3359/3359/3359 3295/3295/3295
f 3295/3295/3295 3359/3359/3359 3360/3360/3360
f 3295/3295/3295 3360/3360/3360 3296/3296/3296
f 3296/3296/3296 3360/3360/3360 3361/3361/3361
f 3296/3296/3296 3361/3361/3361 3297/3297/3297
f 3297/3297/3297 3361/3361/3361 3362/3362/3362
f 3297/3297/3297 3362/3362/3362 3298/3298/3298
f 3298/3298/3298 3362/3362/3362 3363/3363/3363
f 3298/3298/3298 3363/3363/3363 3299/3299/3299
f 3299/3299/3299 3363/3363/3363 3364/3364/3364
f 3299/3299/3299 3364/3364/3364 3300/3300/3300
f 3300/3300/3300 3364/3364/3364 3365/3365/3365
f 3300/3300/3300 3365/3365/3365 3301/3301/3301
f 3301/3301/3301 3365/3365/3365 3366/3366/3366
f 3301/3301/3301 3366/3366/3366 3302/3302/3302
f 3302/3302/3302 3366/3366/3366 3367/3367/3367
f 3302/3302/3302 3367/3367/3367 3303/3303/3303
f 3303/3303/3303 3367/3367/3367 3368/3368/3368
f 3303/3303/3303 3368/3368/3368 3304/3304/3304
f 3304/3304/3304 3368/3368/3368 3369/3369/3369
f 3304/3304/3304 3369/3369/3369 3305/3305/3305
f 3305/3305/3305 3369/3369/3369 3370/3370/3370
f 3305/3305/3305 3370/3370/3370 3306/3306/3306
f 3306/3306/3306 3370/3370/3370 3371/3371/3371
f 3306/3306/3306 3371/3371/3371 3307/3307/3307
f 3307/3307/3307 3371/3371/3371 3372/3372/3372
f 3307/3307/3307 3372/3372/3372 3308/3308/3308
f 3308/3308/3308 3372/3372/3372 3373/3373/3373
f 3308/3308/3308 3373/3373/3373 3309/3309/3309
f 3309/3309/3309 3373/3373/3373 3374/3374/3374
f 3309/3309/3309 3374/3374/3374 3310/3310/3310
f 3310/3310/3310 3374/3374/3374 3375/3375/3375
f 3310/3310/3310 3375/3375/3375 3311/3311/3311
f 3311/3311/3311 3375/3375/3375 3376/3376/3376
f 3311/3311/3311 3376/3376/3376 3312/3312/3312
f 3312/3312/3312 3376/3376/3376 3377/3377/3377
f 3312/3312/3312 3377/3377/3377 3313/3313/3313
f 3313/3313/3313 3377/3377/3377 3378/3378/3378
f 3313/3313/3313 3378/3378/3378 3314/3314/3314
f 3314/3314/3314 3378/3378/3378 3379/3379/3379
f 3314/3314/3314 3379/3379/3379 3315/3315/3315
f 3315/3315/3315 3379/3379/3379 3380/3380/3380
f 3316/3316/3316 3381/3381/3381 3317/3317/3317
f 3317/3317/3317 3381/3381/3381 3382/3382/3382
f 3317/3317/3317 3382/3382/3382 3318/3318/3318
f 3318/3318/3318 3382/3382/3382 3383/3383/3383
f 3318/3318/3318 3383/3383/3383 3319/3319/3319
f 3319/3319/3319 3383/3383/3383 3384/3384/3384
f 3319/3319/3319 3384/3384/3384 3320/3320/3320
f 3320/3320/3320 3384/3384/3384 3385/3385/3385
f 3320/3320/3320 3385/3385/3385 3321/3321/3321
f 3321/3321/3321 3385/3385/3385 3386/3386/3386
f 3321/3321/3321 3386/3386/3386 3322/3322/3322
f 3322/3322/3322 3386/3386/3386 3387/3387/3387
f 3322/3322/3322 3387/3387/3387 3323/3323/3323
f 3323/3323/3323 3387/3387/3387 3388/3388/3388
f 3323/3323/3323 3388/3388/3388 3324/3324/3324
f 3324/3324/3324 3388/3388/3388 3389/3389/3389
f 3324/3324/3324 3389/3389/3389 3325/3325/3325
f 3325/3325/3325 3389/3389/3389 3390/3390/3390
f 3325/3325/3325 3390/3390/3390 3326/3326/3326
f 3326/3326/3326 3390/3390/3390 3391/3391/3391
f 3326/3326/3326 3391/3391/3391 3327/3327/3327
f 3327/3327/3327 3391/3391/3391 3392/3392/3392
f 3327/3327/3327 3392/3392/3392 3328/3328/3328
f 3328/3328/3328 3392/3392/3392 3393/3393/3393
f 3328/3328/3328 3393/3393/3393 3329/3329/3329
f 3329/3329/3329 3393/3393/3393 3394/3394/3394
f 3329/3329/3329 3394/3394/3394 3330/3330/3330
f 3330/3330/3330 3394/3394/3394 3395/3395/3395
f 3330/3330/3330 3395/3395/3395 3331/3331/3331
f 3331/3331/3331 3395/3395/3395 3396/3396/3396
f 3331/3331/3331 3396/3396/3396 3332/3332/3332
f 3332/3332/3332 3396/3396/3396 3397/3397/3397
f 3332/3332/3332 3397/3397/3397 3333/3333/3333
f 3333/3333/3333 3397/3397/3397 3398/3398/3398
f 3333/3333/3333 3398/3398/3398 3334/3334/3334
f 3334/3334/3334 3398/3398/3398 3399/3399/3399
f 3334/3334/3334 3399/3399/3399 3335/3335/3335
f 3335/3335/3335 3399/3399/3399 3400/3400/3400
f 3335/3335/3335 3400/3400/3400 3336/3336/3336
f 3336/3336/3336 3400/3400/3400 3401/3401/3401
f 3336/3336/3336 3401/3401/3401 3337/3337/3337
f 3337/3337/3337 3401/3401/3401 3402/3402/3402
f 3337/3337/3337 3402/3402/3402 3338/3338/3338
f 3338/3338/3338 3402/3402/3402 3403/3403/3403
f 3338/3338/3338 3403/3403/3403 3339/3339/3339
f 3339/3339/3339 3403/3403/3403 3404/3404/3404
f 3339/3339/3339 3404/3404/3404 3340/3340/3340
f 3340/3340/3340 3404/3404/3404 3405/3405/3405
f 3340/3340/3340 3405/3405/3405 3341/3341/3341
f 3341/3341/3341 3405/3405/3405 3406/3406/3406
f 3341/3341/3341 3406/3406/3406 3342/3342/3342
f 3342/3342/3342 3406/3406/3406 3407/3407/3407
f 3342/3342/3342 3407/3407/3407 3343/3343/3343
f 3343/3343/3343 3407/3407/3407 3408/3408/3408
f 3343/3343/3343 3408/3408/3408 3344/3344/3344
f 3344/3344/3344 3408/3408/3408 3409/3409/3409
f 3344/3344/3344 3409/3409/3409 3345/3345/3345
f 3345/3345/3345 3409/3409/3409 3410/3410/3410
f 3345/3345/3345 3410/3410/3410 3346/3346/3346
f 3346/3346/3346 3410/3410/3410 3411/3411/3411
f 3346/3346/3346 3411/3411/3411 3347/3347/3347
f 3347/3347/3347 3411/3411/3411 3412/3412/3412
f 3347/3347/3347 3412/3412/3412 3348/3348/3348
f 3348/3348/3348 3412/3412/3412 3413/3413/3413
f 3348/3348/3348 3413/3413/3413 3349/3349/3349
f 3349/3349/3349 3413/3413/3413 3414/3414/3414
f 3349/3349/3349 3414/3414/3414 3350/3350/3350
f 3350/3350/3350 3414/3414/3414 3415/3415/3415
f 3350/3350/3350 3415/3415/3415 3351/3351/3351
f 3351/3351/3351 3415/3415/3415 3416/3416/3416
f 3351/3351/3351 3416/3416/3416 3352/3352/3352
f 3352/3352/3352 3416/3416/3416 3417/3417/3417
f 3352/3352/3352 3417/3417/3417 3353/3353/3353
f 3353/3353/3353 3417/3417/3417 3418/3418/3418
f 3353/3353/3353 3418/3418/3418 3354/3354/3354
f 3354/3354/3354 3418/3418/3418 3419/3419/3419
f 3354/3354/3354 3419/3419/3419 3355/3355/3355
f 3355/3355/3355 3419/3419/3419 3420/3420/3420
f 3355/3355/3355 3420/3420/3420 3356/3356/3356
f 3356/3356/3356 3420/3420/3420 3421/3421/3421
f 3356/3356/3356 3421/3421/3421 3357/3357/3357
f 3357/3357/3357 3421/3421/3421 3422/3422/3422
f 3357/3357/3357 3422/3422/3422 3358/3358/3358
f 3358/3358/3358 3422/3422/3422 3423/3423/3423
f 3358/3358/3358 3423/3423/3423 3359/3359/3359
f 3359/3359/3359 3423/3423/3423 3424/3424/3424
f 3359/3359/3359 3424/3424/3424 3360/3360/3360
f 3360/3360/3360 3424/3424/3424 3425/3425/3425
f 3360/3360/3360 3425/3425/3425 3361/3361/3361
f 3361/3361/3361 3425/3425/3425 3426/3426/3426
f 3361/3361/3361 3426/3426/3426 3362/3362/3362
f 3362/3362/3362 3426/3426/3426 3427/3427/3427
f 3362/3362/3362 3427/3427/3427 3363/3363/3363
f 3363/3363/3363 3427/3427/3427 3428/3428/3428
f 3363/3363/3363 3428/3428/3428 3364/3364/3364
f 3364/3364/3364 3428/3428/3428 3429/3429/3429
f 3364/3364/3364 3429/3429/3429 3365/3365/3365
f 3365/3365/3365 3429/3429/3429 3430/3430/3430
f 3365/3365/3365 3430/3430/3430 3366/3366/3366
f 3366/3366/3366 3430/3430/3430 3431/3431/3431
f 3366/3366/3366 3431/3431/3431 3367/3367/3367
f 3367/3367/3367 3431/3431/3431 3432/3432/3432
f 3367/3367/3367 3432/3432/3432 3368/3368/3368
f 3368/3368/3368 3432/3432/3432 3433/3433/3433
f 3368/3368/3368 3433/3433/3433 3369/3369/3369
f 3369/3369/3369 3433/3433/3433 3434/3434/3434
f 3369/3369/3369 3434/3434/3434 3370/3370/3370
f 3370/3370/3370 3434/3434/3434 3435/3435/3435
f 3370/3370/3370 3435/3435/3435 3371/3371/3371
f 3371/3371/3371 3435/3435/3435 3436/3436/3436
f 3371/3371/3371 3436/3436/3436 3372/3372/3372
f 3372/3372/3372 3436/3436/3436 3437/3437/3437
f 3372/3372/3372 3437/3437/3437 3373/3373/3373
f 3373/3373/3373 3437/3437/3437 3438/3438/3438
f 3373/3373/3373 3438/3438/3438 3374/3374/3374
f 3374/3374/3374 3438/3438/3438 3439/3439/3439
f 3374/3374/3374 3439/3439/3439 3375/3375/3375
f 3375/3375/3375 3439/3439/3439 3440/3440/3440
f 3375/3375/3375 3440/3440/3440 3376/3376/3376
f 3376/3376/3376 3440/3440/3440 3441/3441/3441
f 3376/3376/3376 3441/3441/3441 3377/3377/3377
f 3377/3377/3377 3441/3441/3441 3442/3442/3442
f 3377/3377/3377 3442/3442/3442 3378/3378/3378
f 3378/3378/3378 3442/3442/3442 3443/3443/3443
f 3378/3378/3378 3443/3443/3443 3379/3379/3379
f 3379/3379/3379 3443/3443/3443 3444/3444/3444
f 3379/3379/3379 3444/3444/3444 3380/3380/3380
f 3380/3380/3380 3444/3444/3444 3445/3445/3445
f 3381/3381/3381 3446/3446/3446 3382/3382/3382
f 3382/3382/3382 3446/3446/3446 3447/3447/3447
f 3382/3382/3382 3447/3447/3447 3383/3383/3383
f 3383/3383/3383 3447/3447/3447 3448/3448/3448
f 3383/3383/3383 3448/3448/3448 3384/3384/3384
f 3384/3384/3384 3448/3448/3448 3449/3449/3449
f 3384/3384/3384 3449/3449/3449 3385/3385/3385
f 3385/3385/3385 3449/3449/3449 3450/3450/3450
f 3385/3385/3385 3450/3450/3450 3386/3386/3386
f 3386/3386/3386 3450/3450/3450 3451/3451/3451
f 3386/3386/3386 3451/3451/3451 3387/3387/3387
f 3387/3387/3387 3451/3451/3451 3452/3452/3452
f 3387/3387/3387 3452/3452/3452 3388/3388/3388
f 3388/3388/3388 3452/3452/3452 3453/3453/3453
f 3388/3388/3388 3453/3453/3453 3389/3389/3389
f 3389/3389/3389 3453/3453/3453 3454/3454/3454
f 3389/3389/3389 3454/3454/3454 3390/3390/3390
f 3390/3390/3390 3454/3454/3454 3455/3455/3455
f 3390/3390/3390 3455/3455/3455 3391/3391/3391
f 3391/3391/3391 3455/3455/3455 3456/3456/3456
f 3391/3391/3391 3456/3456/3456 3392/3392/3392
f 3392/3392/3392 3456/3456/3456 3457/3457/3457
f 3392/3392/3392 3457/3457/3457 3393/3393/3393
f 3393/3393/3393 3457/3457/3457 3458/3458/3458
f 3393/3393/3393 3458/3458/3458 3394/3394/3394
f 3394/3394/3394 3458/3458/3458 3459/3459/3459
f 3394/3394/3394 3459/3459/3459 3395/3395/3395
f 3395/3395/3395 3459/3459/3459 3460/3460/3460
f 3395/3395/3395 3460/3460/3460 3396/3396/3396
f 3396/3396/3396 3460/3460/3460 3461/3461/3461
f 3396/3396/3396 3461/3461/3461 3397/3397/3397
f 3397/3397/3397 3461/3461/3461 3462/3462/3462
f 3397/3397/3397 3462/3462/3462 3398/3398/3398
f 3398/3398/3398 3462/3462/3462 3463/3463/3463
f 3398/3398/3398 3463/3463/3463 3399/3399/3399
f 3399/3399/3399 3463/3463/3463 3464/3464/3464
f 3399/3399/3399 3464/3464/3464 3400/3400/3400
f 3400/3400/3400 3464/3464/3464 3465/3465/3465
f 3400/3400/3400 3465/3465/3465 3401/3401/3401
f 3401/3401/3401 3465/3465/3465 3466/3466/3466
f 3401/3401/3401 3466/3466/3466 3402/3402/3402
f 3402/3402/3402 3466/3466/3466 3467/3467/3467
f 3402/3402/3402 3467/3467/3467 3403/3403/3403
f 3403/3403/3403 3467/3467/3467 3468/3468/3468
f 3403/3403/3403 3468/3468/3468 3404/3404/3404
f 3404/3404/3404 3468/3468/3468 3469/3469/3469
f 3404/3404/3404 3469/3469/3469 3405/3405/3405
f 3405/3405/3405 3469/3469/3469 3470/3470/3470
f 3405/3405/3405 3470/3470/3470 3406/3406/3406
f 3406/3406/3406 3470/3470/3470 3471/3471/3471
f 3406/3406/3406 3471/3471/3471 3407/3407/3407
f 3407/3407/3407 3471/3471/3471 3472/3472/3472
f 3407/3407/3407 3472/3472/3472 3408/3408/3408
f 3408/3408/3408 3472/3472/3472 3473/3473/3473
f 3408/3408/3408 3473/3473/3473 3409/3409/3409
f 3409/3409/3409 3473/3473/3473 3474/3474/3474
f 3409/3409/3409 3474/3474/3474 3410/3410/3410
f 3410/3410/3410 3474/3474/3474 3475/3475/3475
f 3410/3410/3410 3475/3475/3475 3411/3411/3411
f 3411/3411/3411 3475/3475/3475 3476/3476/3476
f 3411/3411/3411 3476/3476/3476 3412/3412/3412
f 3412/3412/3412 3476/3476/3476 3477/3477/3477
f 3412/3412/3412 3477/3477/3477 3413/3413/3413
f 3413/3413/3413 3477/3477/3477 3478/3478/3478
f 3413/3413/3413 3478/3478/3478 3414/3414/3414
f 3414/3414/3414 3478/3478/3478 3479/3479/3479
f 3414/3414/3414 3479/3479/3479 3415/3415/3415
f 3415/3415/3415 3479/3479/3479 3480/3480/3480
f 3415/3415/3415 3480/3480/3480 3416/3416/3416
f 3416/3416/3416 3480/3480/3480 3481/3481/3481
f 3416/3416/3416 3481/3481/3481 3417/3417/3417
f 3417/3417/3417 3481/3481/3481 3482/3482/3482
f 3417/3417/3417 3482/3482/3482 3418/3418/3418
f 3418/3418/3418 3482/3482/3482 3483/3483/3483
f 3418/3418/3418 3483/3483/3483 3419/3419/3419
f 3419/3419/3419 3483/3483/3483 3484/3484/3484
f 3419/3419/3419 3484/3484/3484 3420/3420/3420
f 3420/3420/3420 3484/3484/3484 3485/3485/3485
f 3420/3420/3420 3485/3485/3485 3421/3421/3421
f 3421/3421/3421 3485/3485/3485 3486/3486/3486
f 3421/3421/3421 3486/3486/3486 3422/3422/3422
f 3422/3422/3422 3486/3486/3486 3487/3487/3487
f 3422/3422/3422 3487/3487/3487 3423/3423/3423
f 3423/3423/3423 3487/3487/3487 3488/3488/3488
f 3423/3423/3423 3488/3488/3488 3424/3424/3424
f 3424/3424/3424 3488/3488/3488 3489/3489/3489
f 3424/3424/3424 3489/3489/3489 3425/3425/3425
f 3425/3425/3425 3489/3489/3489 3490/3490/3490
f 3425/3425/3425 3490/3490/3490 3426/3426/3426
f 3426/3426/3426 3490/3490/3490 3491/3491/3491
f 3426/3426/3426 3491/3491/3491 3427/3427/3427
f 3427/3427/3427 3491/3491/3491 3492/3492/3492
f 3427/3427/3427 3492/3492/3492 3428/3428/3428
f 3428/3428/3428 3492/3492/3492 3493/3493/3493
f 3428/3428/3428 3493/3493/3493 3429/3429/3429
f 3429/3429/3429 3493/3493/3493 3494/3494/3494
f 3429/3429/3429 3494/3494/3494 3430/3430/3430
f 3430/3430/3430 3494/3494/3494 3495/3495/3495
f 3430/3430/3430 3495/3495/3495 3431/3431/3431
f 3431/3431/3431 3495/3495/3495 3496/3496/3496
f 3431/3431/3431 3496/3496/3496 3432/3432/3432
f 3432/3432/3432 3496/3496/3496 3497/3497/3497
f 3432/3432/3432 3497/3497/3497 3433/3433/3433
f 3433/3433/3433 3497/3497/3497 3498/3498/3498
f 3433/3433/3433 3498/3498/3498 3434/3434/3434
f 3434/3434/3434 3498/3498/3498 3499/3499/3499
f 3434/3434/3434 3499/3499/3499 3435/3435/3435
f 3435/3435/3435 3499/3499/3499 3500/3500/3500
f 3435/3435/3435 3500/3500/3500 3436/3436/3436
f 3436/3436/3436 3500/3500/3500 3501/3501/3501
f 3436/3436/3436 3501/3501/3501 3437/3437/3437
f 3437/3437/3437 3501/3501/3501 3502/3502/3502
f 3437/3437/3437 3502/3502/3502 3438/3438/3438
f 3438/3438/3438 3502/3502/3502 3503/3503/3503
f 3438/3438/3438 3503/3503/3503 3439/3439/3439
f 3439/3439/3439 3503/3503/3503 3504/3504/3504
f 3439/3439/3439 3504/3504/3504 3440/3440/3440
f 3440/3440/3440 3504/3504/3504 3505/3505/3505
f 3440/3440/3440 3505/3505/3505 3441/3441/3441
f 3441/3441/3441 3505/3505/3505 3506/3506/3506
f 3441/3441/3441 3506/3506/3506 3442/3442/3442
f 3442/3442/3442 3506/3506/3506 3507/3507/3507
f 3442/3442/3442 3507/3507/3507 3443/3443/3443
f 3443/3443/3443 3507/3507/3507 3508/3508/3508
f 3443/3443/3443 3508/3508/3508 3444/3444/3444
f 3444/3444/3444 3508/3508/3508 3509/3509/3509
f 3444/3444/3444 3509/3509/3509 3445/3445/3445
f 3445/3445/3445 3509/3509/3509 3510/3510/3510
f 3446/3446/3446 3511/3511/3511 3447/3447/3447
f 3447/3447/3447 3511/3511/3511 3512/3512/3512
f 3447/3447/3447 3512/3512/3512 3448/3448/3448
f 3448/3448/3448 3512/3512/3512 3513/3513/3513
f 3448/3448/3448 3513/3513/3513 3449/3449/3449
f 3449/3449/3449 3513/3513/3513 3514/3514/3514
f 3449/3449/3449 3514/3514/3514 3450/3450/3450
f 3450/3450/3450 3514/3514/3514 3515/3515/3515
f 3450/3450/3450 3515/3515/3515 3451/3451/3451
f 3451/3451/3451 3515/3515/3515 3516/3516/3516
f 3451/3451/3451 3516/3516/3516 3452/3452/3452
f 3452/3452/3452 3516/3516/3516 3517/3517/3517
f 3452/3452/3452 3517/3517/3517 3453/3453/3453
f 3453/3453/3453 3517/3517/3517 3518/3518/3518
f 3453/3453/3453 3518/3518/3518 3454/3454/3454
f 3454/3454/3454 3518/3518/3518 3519/3519/3519
f 3454/3454/3454 3519/3519/3519 3455/3455/3455
f 3455/3455/3455 3519/3519/3519 3520/3520/3520
f 3455/3455/3455 3520/3520/3520 3456/3456/3456
f 3456/3456/3456 3520/3520/3520 3521/3521/3521
f 3456/3456/3456 3521/3521/3521 3457/3457/3457
f 3457/3457/3457 3521/3521/3521 3522/3522/3522
f 3457/3457/3457 3522/3522/3522 3458/3458/3458
f 3458/3458/3458 3522/3522/3522 3523/3523/3523
f 3458/3458/3458 3523/3523/3523 3459/3459/3459
f 3459/3459/3459 3523/3523/3523 3524/3524/3524
f 3459/3459/3459 3524/3524/3524 3460/3460/3460
f 3460/3460/3460 3524/3524/3524 3525/3525/3525
f 3460/3460/3460 3525/3525/3525 3461/3461/3461
f 3461/3461/3461 3525/3525/3525 3526/3526/3526
f 3461/3461/3461 3526/3526/3526 3462/3462/3462
f 3462/3462/3462 3526/3526/3526 3527/3527/3527
f 3462/3462/3462 3527/3527/3527 3463/3463/3463
f 3463/3463/3463 3527/3527/3527 3528/3528/3528
f 3463/3463/3463 3528/3528/3528 3464/3464/3464
f 3464/3464/3464 3528/3528/3528 3529/3529/3529
f 3464/3464/3464 3529/3529/3529 3465/3465/3465
f 3465/3465/3465 3529/3529/3529 3530/3530/3530
f 3465/3465/3465 3530/3530/3530 3466/3466/3466
f 3466/3466/3466 3530/3530/3530 3531/3531/3531
f 3466/3466/3466 3531/3531/3531 3467/3467/3467
f 3467/3467/3467 3531/3531/3531 3532/3532/3532
f 3467/3467/3467 3532/3532/3532 3468/3468/3468
f 3468/3468/3468 3532/3532/3532 3533/3533/3533
f 3468/3468/3468 3533/3533/3533 3469/3469/3469
f 3469/3469/3469 3533/3533/3533 3534/3534/3534
f 3469/3469/3469 3534/3534/3534 3470/3470/3470
f 3470/3470/3470 3534/3534/3534 3535/3535/3535
f 3470/3470/3470 3535/3535/3535 3471/3471/3471
f 3471/3471/3471 3535/3535/3535 3536/3536/3536
f 3471/3471/3471 3536/3536/3536 3472/3472/3472
f 3472/3472/3472 3536/3536/3536 3537/3537/3537
f 3472/3472/3472 3537/3537/3537 3473/3473/3473
f 3473/3473/3473 3537/3537/3537 3538/3538/3538
f 3473/3473/3473 3538/3538/3538 3474/3474/3474
f 3474/3474/3474 3538/3538/3538 3539/3539/3539
f 3474/3474/3474 3539/3539/3539 3475/3475/3475
f 3475/3475/3475 3539/3539/3539 3540/3540/3540
f 3475/3475/3475 3540/3540/3540 3476/3476/3476
f 3476/3476/3476 3540/3540/3540 3541/3541/3541
f 3476/3476/3476 3541/3541/3541 3477/3477/3477
f 3477/3477/3477 3541/3541/3541 3542/3542/3542
f 3477/3477/3477 3542/3542/3542 3478/3478/3478
f 3478/3478/3478 3542/3542/3542 3543/3543/3543
f 3478/3478/3478 3543/3543/3543 3479/3479/3479
f 3479/3479/3479 3543/3543/3543 3544/3544/3544
f 3479/3479/3479 3544/3544/3544 3480/3480/3480
f 3480/3480/3480 3544/3544/3544 3545/3545/3545
f 3480/3480/3480 3545/3545/3545 3481/3481/3481
f 3481/3481/3481 3545/3545/3545 3546/3546/3546
f 3481/3481/3481 3546/3546/3546 3482/3482/3482
f 3482/3482/3482 3546/3546/3546 3547/3547/3547
f 3482/3482/3482 3547/3547/3547 3483/3483/3483
f 3483/3483/3483 3547/3547/3547 3548/3548/3548
f 3483/3483/3483 3548/3548/3548 3484/3484/3484
f 3484/3484/3484 3548/3548/3548 3549/3549/3549
f 3484/3484/3484 3549/3549/3549 3485/3485/3485
f 3485/3485/3485 3549/3549/3549 3550/3550/3550
f 3485/3485/3485 3550/3550/3550 3486/3486/3486
f 3486/3486/3486 3550/3550/3550 3551/3551/3551
f 3486/3486/3486 3551/3551/3551 3487/3487/3487
f 3487/3487/3487 3551/3551/3551 3552/3552/3552
f 3487/3487/3487 3552/3552/3552 3488/3488/3488
f 3488/3488/3488 3552/3552/3552 3553/3553/3553
f 3488/3488/3488 3553/3553/3553 3489/3489/3489
f 3489/3489/3489 3553/3553/3553 3554/3554/3554
f 3489/3489/3489 3554/3554/3554 3490/3490/3490
f 3490/3490/3490 3554/3554/3554 3555/3555/3555
f 3490/3490/3490 3555/3555/3555 3491/3491/3491
f 3491/3491/3491 3555/3555/3555 3556/3556/3556
f 3491/3491/3491 3556/3556/3556 3492/3492/3492
f 3492/3492/3492 3556/3556/3556 3557/3557/3557
f 3492/3492/3492 3557/3557/3557 3493/3493/3493
f 3493/3493/3493 3557/3557/3557 3558/3558/3558
f 3493/3493/3493 3558/3558/3558 3494/3494/3494
f 3494/3494/3494 3558/3558/3558 3559/3559/3559
f 3494/3494/3494 3559/3559/3559 3495/3495/3495
f 3495/3495/3495 3559/3559/3559 3560/3560/3560
f 3495/3495/3495 3560/3560/3560 3496/3496/3496
f 3496/3496/3496 3560/3560/3560 3561/3561/3561
f 3496/3496/3496 3561/3561/3561 3497/3497/3497
f 3497/3497/3497 3561/3561/3561 3562/3562/3562
f 3497/3497/3497 3562/3562/3562 3498/3498/3498
f 3498/3498/3498 3562/3562/3562 3563/3563/3563
f 3498/3498/3498 3563/3563/3563 3499/3499/3499
f 3499/3499/3499 3563/3563/3563 3564/3564/3564
f 3499/3499/3499 3564/3564/3564 3500/3500/3500
f 3500/3500/3500 3564/3564/3564 3565/3565/3565
f 3500/3500/3500 3565/3565/3565 3501/3501/3501
f 3501/3501/3501 3565/3565/3565 3566/3566/3566
f 3501/3501/3501 3566/3566/3566 3502/3502/3502
f 3502/3502/3502 3566/3566/3566 3567/3567/3567
f 3502/3502/3502 3567/3567/3567 3503/3503/3503
f 3503/3503/3503 3567/3567/3567 3568/3568/3568
f 3503/3503/3503 3568/3568/3568 3504/3504/3504
f 3504/3504/3504 3568/3568/3568 3569/3569/3569
f 3504/3504/3504 3569/3569/3569 3505/3505/3505
f 3505/3505/3505 3569/3569/3569 3570/3570/3570
f 3505/3505/3505 3570/3570/3570 3506/3506/3506
f 3506/3506/3506 3570/3570/3570 3571/3571/3571
f 3506/3506/3506 3571/3571/3571 3507/3507/3507
f 3507/3507/3507 3571/3571/3571 3572/3572/3572
f 3507/3507/3507 3572/3572/3572 3508/3508/3508
f 3508/3508/3508 3572/3572/3572 3573/3573/3573
f 3508/3508/3508 3573/3573/3573 3509/3509/3509
f 3509/3509/3509 3573/3573/3573 3574/3574/3574
f 3509/3509/3509 3574/3574/3574 3510/3510/3510
f 3510/3510/3510 3574/3574/3574 3575/3575/3575
f 3511/3511/3511 3576/3576/3576 3512/3512/3512
f 3512/3512/3512 3576/3576/3576 3577/3577/3577
f 3512/3512/3512 3577/3577/3577 3513/3513/3513
f 3513/3513/3513 3577/3577/3577 3578/3578/3578
f 3513/3513/3513 3578/3578/3578 3514/3514/3514
f 3514/3514/3514 3578/3578/3578 3579/3579/3579
f 3514/3514/3514 3579/3579/3579 3515/3515/3515
f 3515/3515/3515 3579/3579/3579 3580/3580/3580
f 3515/3515/3515 3580/3580/3580 3516/3516/3516
f 3516/3516/3516 3580/3580/3580 3581/3581/3581
f 3516/3516/3516 3581/3581/3581 3517/3517/3517
f 3517/3517/3517 3581/3581/3581 3582/3582/3582
f 3517/3517/3517 3582/3582/3582 3518/3518/3518
f 3518/3518/3518 3582/3582/3582 3583/3583/3583
f 3518/3518/3518 3583/3583/3583 3519/3519/3519
f 3519/3519/3519 3583/3583/3583 3584/3584/3584
f 3519/3519/3519 3584/3584/3584 3520/3520/3520
f 3520/3520/3520 3584/3584/3584 3585/3585/3585
f 3520/3520/3520 3585/3585/3585 3521/3521/3521
f 3521/3521/3521 3585/3585/3585 3586/3586/3586
f 3521/3521/3521 3586/3586/3586 3522/3522/3522
f 3522/3522/3522 3586/3586/3586 3587/3587/3587
f 3522/3522/3522 3587/3587/3587 3523/3523/3523
f 3523/3523/3523 3587/3587/3587 3588/3588/3588
f 3523/3523/3523 3588/3588/3588 3524/3524/3524
f 3524/3524/3524 3588/3588/3588 3589/3589/3589
f 3524/3524/3524 3589/3589/3589 3525/3525/3525
f 3525/3525/3525 3589/3589/3589 3590/3590/3590
f 3525/3525/3525 3590/3590/3590 3526/3526/3526
f 3526/3526/3526 3590/3590/3590 3591/3591/3591
f 3526/3526/3526 3591/3591/3591 3527/3527/3527
f 3527/3527/3527 3591/3591/3591 3592/3592/3592
f 3527/3527/3527 3592/3592/3592 3528/3528/3528
f 3528/3528/3528 3592/3592/3592 3593/3593/3593
f 3528/3528/3528 3593/3593/3593 3529/3529/3529
f 3529/3529/3529 3593/3593/3593 3594/3594/3594
f 3529/3529/3529 3594/3594/3594 3530/3530/3530
f 3530/3530/3530 3594/3594/3594 3595/3595/3595
f 3530/3530/3530 3595/3595/3595 3531/3531/3531
f 3531/3531/3531 3595/3595/3595 3596/3596/3596
f 3531/3531/3531 3596/3596/3596 3532/3532/3532
f 3532/3532/3532 3596/3596/3596 3597/3597/3597
f 3532/3532/3532 3597/3597/3597 3533/3533/3533
f 3533/3533/3533 3597/3597/3597 3598/3598/3598
f 3533/3533/3533 3598/3598/3598 3534/3534/3534
f 3534/3534/3534 3598/3598/3598 3599/3599/3599
f 3534/3534/3534 3599/3599/3599 3535/3535/3535
f 3535/3535/3535 3599/3599/3599 3600/3600/3600
f 3535/3535/3535 3600/3600/3600 3536/3536/3536
f 3536/3536/3536 3600/3600/3600 3601/3601/3601
f 3536/3536/3536 3601/3601/3601 3537/3537/3537
f 3537/3537/3537 3601/3601/3601 3602/3602/3602
f 3537/3537/3537 3602/3602/3602 3538/3538/3538
f 3538/3538/3538 3602/3602/3602 3603/3603/3603
f 3538/3538/3538 3603/3603/3603 3539/3539/3539
f 3539/3539/3539 3603/3603/3603 3604/3604/3604
f 3539/3539/3539 3604/3604/3604 3540/3540/3540
f 3540/3540/3540 3604/3604/3604 3605/3605/3605
f 3540/3540/3540 3605/3605/3605 3541/3541/3541
f 3541/3541/3541 3605/3605/3605 3606/3606/3606
f 3541/3541/3541 3606/3606/3606 3542/3542/3542
f 3542/3542/3542 3606/3606/3606 3607/3607/3607
f 3542/3542/3542 3607/3607/3607 3543/3543/3543
f 3543/3543/3543 3607/3607/3607 3608/3608/3608
f 3543/3543/3543 3608/3608/3608 3544/3544/3544
f 3544/3544/3544 3608/3608/3608 3609/3609/3609
f 3544/3544/3544 3609/3609/3609 3545/3545/3545
f 3545/3545/3545 3609/3609/3609 3610/3610/3610
f 3545/3545/3545 3610/3610/3610 3546/3546/3546
f 3546/3546/3546 3610/3610/3610 3611/3611/3611
f 3546/3546/3546 3611/3611/3611 3547/3547/3547
f 3547/3547/3547 3611/3611/3611 3612/3612/3612
f 3547/3547/3547 3612/3612/3612 3548/3548/3548
f 3548/3548/3548 3612/3612/3612 3613/3613/3613
f 3548/3548/3548 3613/3613/3613 3549/3549/3549
f 3549/3549/3549 3613/3613/3613 3614/3614/3614
f 3549/3549/3549 3614/3614/3614 3550/3550/3550
f 3550/3550/3550 3614/3614/3614 3615/3615/3615
f 3550/3550/3550 3615/3615/3615 3551/3551/3551
f 3551/3551/3551 3615/3615/3615 3616/3616/3616
f 3551/3551/3551 3616/3616/3616 3552/3552/3552
f 3552/3552/3552 3616/3616/3616 3617/3617/3617
f 3552/3552/3552 3617/3617/3617 3553/3553/3553
f 3553/3553/3553 3617/3617/3617 3618/3618/3618
f 3553/3553/3553 3618/3618/3618 3554/3554/3554
f 3554/3554/3554 3618/3618/3618 3619/3619/3619
f 3554/3554/3554 3619/3619/3619 3555/3555/3555
f 3555/3555/3555 3619/3619/3619 3620/3620/3620
f 3555/3555/3555 3620/3620/3620 3556/3556/3556
f 3556/3556/3556 3620/3620/3620 3621/3621/3621
f 3556/3556/3556 3621/3621/3621 3557/3557/3557
f 3557/3557/3557 3621/3621/3621 3622/3622/3622
f 3557/3557/3557 3622/3622/3622 3558/3558/3558
f 3558/3558/3558 3622/3622/3622 3623/3623/3623
f 3558/3558/3558 3623/3623/3623 3559/3559/3559
f 3559/3559/3559 3623/3623/3623 3624/3624/3624
f 3559/3559/3559 3624/3624/3624 3560/3560/3560
f 3560/3560/3560 3624/3624/3624 3625/3625/3625
f 3560/3560/3560 3625/3625/3625 3561/3561/3561
f 3561/3561/3561 3625/3625/3625 3626/3626/3626
f 3561/3561/3561 3626/3626/3626 3562/3562/3562
f 3562/3562/3562 3626/3626/3626 3627/3627/3627
f 3562/3562/3562 3627/3627/3627 3563/3563/3563
f 3563/3563/3563 3627/3627/3627 3628/3628/3628
f 3563/3563/3563 3628/3628/3628 3564/3564/3564
f 3564/3564/3564 3628/3628/3628 3629/3629/3629
f 3564/3564/3564 3629/3629/3629 3565/3565/3565
f 3565/3565/3565 3629/3629/3629 3630/3630/3630
f 3565/3565/3565 3630/3630/3630 3566/3566/3566
f 3566/3566/3566 3630/3630/3630 3631/3631/3631
f 3566/3566/3566 3631/3631/3631 3567/3567/3567
f 3567/3567/3567 3631/3631/3631 3632/3632/3632
f 3567/3567/3567 3632/3632/3632 3568/3568/3568
f 3568/3568/3568 3632/3632/3632 3633/3633/3633
f 3568/3568/3568 3633/3633/3633 3569/3569/3569
f 3569/3569/3569 3633/3633/3633 3634/3634/3634
f 3569/3569/3569 3634/3634/3634 3570/3570/3570
f 3570/3570/3570 3634/3634/3634 3635/3635/3635
f 3570/3570/3570 3635/3635/3635 3571/3571/3571
f 3571/3571/3571 3635/3635/3635 3636/3636/3636
f 3571/3571/3571 3636/3636/3636 3572/3572/3572
f 3572/3572/3572 3636/3636/3636 3637/3637/3637
f 3572/3572/3572 3637/3637/3637 3573/3573/3573
f 3573/3573/3573 3637/3637/3637 3638/3638/3638
f 3573/3573/3573 3638/3638/3638 3574/3574/3574
f 3574/3574/3574 3638/3638/3638 3639/3639/3639
f 3574/3574/3574 3639/3639/3639 3575/3575/3575
f 3575/3575/3575 3639/3639/3639 3640/3640/3640
f 3576/3576/3576 3641/3641/3641 3577/3577/3577
f 3577/3577/3577 3641/3641/3641 3642/3642/3642
f 3577/3577/3577 3642/3642/3642 3578/3578/3578
f 3578/3578/3578 3642/3642/3642 3643/3643/3643
f 3578/3578/3578 3643/3643/3643 3579/3579/3579
f 3579/3579/3579 3643/3643/3643 3644/3644/3644
f 3579/3579/3579 3644/3644/3644 3580/3580/3580
f 3580/3580/3580 3644/3644/3644 3645/3645/3645
f 3580/3580/3580 3645/3645/3645 3581/3581/3581
f 3581/3581/3581 3645/3645/3645 3646/3646/3646
f 3581/3581/3581 3646/3646/3646 3582/3582/3582
f 3582/3582/3582 3646/3646/3646 3647/3647/3647
f 3582/3582/3582 3647/3647/3647 3583/3583/3583
f 3583/3583/3583 3647/3647/3647 3648/3648/3648
f 3583/3583/3583 3648/3648/3648 3584/3584/3584
f 3584/3584/3584 3648/3648/3648 3649/3649/3649
f 3584/3584/3584 3649/3649/3649 3585/3585/3585
f 3585/3585/3585 3649/3649/3649 3650/3650/3650
f 3585/3585/3585 3650/3650/3650 3586/3586/3586
f 3586/3586/3586 3650/3650/3650 3651/3651/3651
f 3586/3586/3586 3651/3651/3651 3587/3587/3587
f 3587/3587/3587 3651/3651/3651 3652/3652/3652
f 3587/3587/3587 3652/3652/3652 3588/3588/3588
f 3588/3588/3588 3652/3652/3652 3653/3653/3653
f 3588/3588/3588 3653/3653/3653 3589/3589/3589
f 3589/3589/3589 3653/3653/3653 3654/3654/3654
f 3589/3589/3589 3654/3654/3654 3590/3590/3590
f 3590/3590/3590 3654/3654/3654 3655/3655/3655
f 3590/3590/3590 3655/3655/3655 3591/3591/3591
f 3591/3591/3591 3655/3655/3655 3656/3656/3656
f 3591/3591/3591 3656/3656/3656 3592/3592/3592
f 3592/3592/3592 3656/3656/3656 3657/3657/3657
f 3592/3592/3592 3657/3657/3657 3593/3593/3593
f 3593/3593/3593 3657/3657/3657 3658/3658/3658
f 3593/3593/3593 3658/3658/3658 3594/3594/3594
f 3594/3594/3594 3658/3658/3658 3659/3659/3659
f 3594/3594/3594 3659/3659/3659 3595/3595/3595
f 3595/3595/3595 3659/3659/3659 3660/3660/3660
f 3595/3595/3595 3660/3660/3660 3596/3596/3596
f 3596/3596/3596 3660/3660/3660 3661/3661/3661
f 3596/3596/3596 3661/3661/3661 3597/3597/3597
f 3597/3597/3597 3661/3661/3661 3662/3662/3662
f 3597/3597/3597 3662/3662/3662 3598/3598/3598
f 3598/3598/3598 3662/3662/3662 3663/3663/3663
f 3598/3598/3598 3663/3663/3663 3599/3599/3599
f 3599/3599/3599 3663/3663/3663 3664/3664/3664
f 3599/3599/3599 3664/3664/3664 3600/3600/3600
f 3600/3600/3600 3664/3664/3664 3665/3665/3665
f 3600/3600/3600 3665/3665/3665 3601/3601/3601
f 3601/3601/3601 3665/3665/3665 3666/3666/3666
f 3601/3601/3601 3666/3666/3666 3602/3602/3602
f 3602/3602/3602 3666/3666/3666 3667/3667/3667
f 3602/3602/3602 3667/3667/3667 3603/3603/3603
f 3603/3603/3603 3667/3667/3667 3668/3668/3668
f 3603/3603/3603 3668/3668/3668 3604/3604/3604
f 3604/3604/3604 3668/3668/3668 3669/3669/3669
f 3604/3604/3604 3669/3669/3669 3605/3605/3605
f 3605/3605/3605 3669/3669/3669 3670/3670/3670
f 3605/3605/3605 3670/3670/3670 3606/3606/3606
f 3606/3606/3606 3670/3670/3670 3671/3671/3671
f 3606/3606/3606 3671/3671/3671 3607/3607/3607
f 3607/3607/3607 3671/3671/3671 3672/3672/3672
f 3607/3607/3607 3672/3672/3672 3608/3608/3608
f 3608/3608/3608 3672/3672/3672 3673/3673/3673
f 3608/3608/3608 3673/3673/3673 3609/3609/3609
f 3609/3609/3609 3673/3673/3673 3674/3674/3674
f 3609/3609/3609 3674/3674/3674 3610/3610/3610
f 3610/3610/3610 3674/3674/3674 3675/3675/3675
f 3610/3610/3610 3675/3675/3675 3611/3611/3611
f 3611/3611/3611 3675/3675/3675 3676/3676/3676
f 3611/3611/3611 3676/3676/3676 3612/3612/3612
f 3612/3612/3612 3676/3676/3676 3677/3677/3677
f 3612/3612/3612 3677/3677/3677 3613/3613/3613
f 3613/3613/3613 3677/3677/3677 3678/3678/3678
f 3613/3613/3613 3678/3678/3678 3614/3614/3614
f 3614/3614/3614 3678/3678/3678 3679/3679/3679
f 3614/3614/3614 3679/3679/3679 3615/3615/3615
f 3615/3615/3615 3679/3679/3679 3680/3680/3680
f 3615/3615/3615 3680/3680/3680 3616/3616/3616
f 3616/3616/3616 3680/3680/3680 3681/3681/3681
f 3616/3616/3616 3681/3681/3681 3617/3617/3617
f 3617/3617/3617 3681/3681/3681 3682/3682/3682
f 3617/3617/3617 3682/3682/3682 3618/3618/3618
f 3618/3618/3618 3682/3682/3682 3683/3683/3683
f 3618/3618/3618 3683/3683/3683 3619/3619/3619
f 3619/3619/3619 3683/3683/3683 3684/3684/3684
f 3619/3619/3619 3684/3684/3684 3620/3620/3620
f 3620/3620/3620 3684/3684/3684 3685/3685/3685
f 3620/3620/3620 3685/3685/3685 3621/3621/3621
f 3621/3621/3621 3685/3685/3685 3686/3686/3686
f 3621/3621/3621 3686/3686/3686 3622/3622/3622
f 3622/3622/3622 3686/3686/3686 3687/3687/3687
f 3622/3622/3622 3687/3687/3687 3623/3623/3623
f 3623/3623/3623 3687/3687/3687 3688/3688/3688
f 3623/3623/3623 3688/3688/3688 3624/3624/3624
f 3624/3624/3624 3688/3688/3688 3689/3689/3689
f 3624/3624/3624 3689/3689/3689 3625/3625/3625
f 3625/3625/3625 3689/3689/3689 3690/3690/3690
f 3625/3625/3625 3690/3690/3690 3626/3626/3626
f 3626/3626/3626 3690/3690/3690 3691/3691/3691
f 3626/3626/3626 3691/3691/3691 3627/3627/3627
f 3627/3627/3627 3691/3691/3691 3692/3692/3692
f 3627/3627/3627 3692/3692/3692 3628/3628/3628
f 3628/3628/3628 3692/3692/3692 3693/3693/3693
f 3628/3628/3628 3693/3693/3693 3629/3629/3629
f 3629/3629/3629 3693/3693/3693 3694/3694/3694
f 3629/3629/3629 3694/3694/3694 3630/3630/3630
f 3630/3630/3630 3694/3694/3694 3695/3695/3695
f 3630/3630/3630 3695/3695/3695 3631/3631/3631
f 3631/3631/3631 3695/3695/3695 3696/3696/3696
f 3631/3631/3631 3696/3696/3696 3632/3632/3632
f 3632/3632/3632 3696/3696/3696 3697/3697/3697
f 3632/3632/3632 3697/3697/3697 3633/3633/3633
f 3633/3633/3633 3697/3697/3697 3698/3698/3698
f 3633/3633/3633 3698/3698/3698 3634/3634/3634
f 3634/3634/3634 3698/3698/3698 3699/3699/3699
f 3634/3634/3634 3699/3699/3699 3635/3635/3635
f 3635/3635/3635 3699/3699/3699 3700/3700/3700
f 3635/3635/3635 3700/3700/3700 3636/3636/3636
f 3636/3636/3636 3700/3700/3700 3701/3701/3701
f 3636/3636/3636 3701/3701/3701 3637/3637/3637
f 3637/3637/3637 3701/3701/3701 3702/3702/3702
f 3637/3637/3637 3702/3702/3702 3638/3638/3638
f 3638/3638/3638 3702/3702/3702 3703/3703/3703
f 3638/3638/3638 3703/3703/3703 3639/3639/3639
f 3639/3639/3639 3703/3703/3703 3704/3704/3704
f 3639/3639/3639 3704/3704/3704 3640/3640/3640
f 3640/3640/3640 3704/3704/3704 3705/3705/3705
f 3641/3641/3641 3706/3706/3706 3642/3642/3642
f 3642/3642/3642 3706/3706/3706 3707/3707/3707
f 3642/3642/3642 3707/3707/3707 3643/3643/3643
f 3643/3643/3643 3707/3707/3707 3708/3708/3708
f 3643/3643/3643 3708/3708/3708 3644/3644/3644
f 3644/3644/3644 3708/3708/3708 3709/3709/3709
f 3644/3644/3644 3709/3709/3709 3645/3645/3645
f 3645/3645/3645 3709/3709/3709 3710/3710/3710
f 3645/3645/3645 3710/3710/3710 3646/3646/3646
f 3646/3646/3646 3710/3710/3710 3711/3711/3711
f 3646/3646/3646 3711/3711/3711 3647/3647/3647
f 3647/3647/3647 3711/3711/3711 3712/3712/3712
f 3647/3647/3647 3712/3712/3712 3648/3648/3648
f 3648/3648/3648 3712/3712/3712 3713/3713/3713
f 3648/3648/3648 3713/3713/3713 3649/3649/3649
f 3649/3649/3649 3713/3713/3713 3714/3714/3714
f 3649/3649/3649 3714/3714/3714 3650/3650/3650
f 3650/3650/3650 3714/3714/3714 3715/3715/3715
f 3650/3650/3650 3715/3715/3715 3651/3651/3651
f 3651/3651/3651 3715/3715/3715 3716/3716/3716
f 3651/3651/3651 3716/3716/3716 3652/3652/3652
f 3652/3652/3652 3716/3716/3716 3717/3717/3717
f 3652/3652/3652 3717/3717/3717 3653/3653/3653
f 3653/3653/3653 3717/3717/3717 3718/3718/3718
f 3653/3653/3653 3718/3718/3718 3654/3654/3654
f 3654/3654/3654 3718/3718/3718 3719/3719/3719
f 3654/3654/3654 3719/3719/3719 3655/3655/3655
f 3655/3655/3655 3719/3719/3719 3720/3720/3720
f 3655/3655/3655 3720/3720/3720 3656/3656/3656
f 3656/3656/3656 3720/3720/3720 3721/3721/3721
f 3656/3656/3656 3721/3721/3721 3657/3657/3657
f 3657/3657/3657 3721/3721/3721 3722/3722/3722
f 3657/3657/3657 3722/3722/3722 3658/3658/3658
f 3658/3658/3658 3722/3722/3722 3723/3723/3723
f 3658/3658/3658 3723/3723/3723 3659/3659/3659
f 3659/3659/3659 3723/3723/3723 3724/3724/3724
f 3659/3659/3659 3724/3724/3724 3660/3660/3660
f 3660/3660/3660 3724/3724/3724 3725/3725/3725
f 3660/3660/3660 3725/3725/3725 3661/3661/3661
f 3661/3661/3661 3725/3725/3725 3726/3726/3726
f 3661/3661/3661 3726/3726/3726 3662/3662/3662
f 3662/3662/3662 3726/3726/3726 3727/3727/3727
f 3662/3662/3662 3727/3727/3727 3663/3663/3663
f 3663/3663/3663 3727/3727/3727 3728/3728/3728
f 3663/3663/3663 3728/3728/3728 3664/3664/3664
f 3664/3664/3664 3728/3728/3728 3729/3729/3729
f 3664/3664/3664 3729/3729/3729 3665/3665/3665
f 3665/3665/3665 3729/3729/3729 3730/3730/3730
f 3665/3665/3665 3730/3730/3730 3666/3666/3666
f 3666/3666/3666 3730/3730/3730 3731/3731/3731
f 3666/3666/3666 3731/3731/3731 3667/3667/3667
f 3667/3667/3667 3731/3731/3731 3732/3732/3732
f 3667/3667/3667 3732/3732/3732 3668/3668/3668
f 3668/3668/3668 3732/3732/3732 3733/3733/3733
f 3668/3668/3668 3733/3733/3733 3669/3669/3669
f 3669/3669/3669 3733/3733/3733 3734/3734/3734
f 3669/3669/3669 3734/3734/3734 3670/3670/3670
f 3670/3670/3670 3734/3734/3734 3735/3735/3735
f 3670/3670/3670 3735/3735/3735 3671/3671/3671
f 3671/3671/3671 3735/3735/3735 3736/3736/3736
f 3671/3671/3671 3736/3736/3736 3672/3672/3672
f 3672/3672/3672 3736/3736/3736 3737/3737/3737
f 3672/3672/3672 3737/3737/3737 3673/3673/3673
f 3673/3673/3673 3737/3737/3737 3738/3738/3738
f 3673/3673/3673 3738/3738/3738 3674/3674/3674
f 3674/3674/3674 3738/3738/3738 3739/3739/3739
f 3674/3674/3674 3739/3739/3739 3675/3675/3675
f 3675/3675/3675 3739/3739/3739 3740/3740/3740
f 3675/3675/3675 3740/3740/3740 3676/3676/3676
f 3676/3676/3676 3740/3740/3740 3741/3741/3741
f 3676/3676/3676 3741/3741/3741 3677/3677/3677
f 3677/3677/3677 3741/3741/3741 3742/3742/3742
f 3677/3677/3677 3742/3742/3742 3678/3678/3678
f 3678/3678/3678 3742/3742/3742 3743/3743/3743
f 3678/3678/3678 3743/3743/3743 3679/3679/3679
f 3679/3679/3679 3743/3743/3743 3744/3744/3744
f 3679/3679/3679 3744/3744/3744 3680/3680/3680
f 3680/3680/3680 3744/3744/3744 3745/3745/3745
f 3680/3680/3680 3745/3745/3745 3681/3681/3681
f 3681/3681/3681 3745/3745/3745 3746/3746/3746
f 3681/3681/3681 3746/3746/3746 3682/3682/3682
f 3682/3682/3682 3746/3746/3746 3747/3747/3747
f 3682/3682/3682 3747/3747/3747 3683/3683/3683
f 3683/3683/3683 3747/3747/3747 3748/3748/3748
f 3683/3683/3683 3748/3748/3748 3684/3684/3684
f 3684/3684/3684 3748/3748/3748 3749/3749/3749
f 3684/3684/3684 3749/3749/3749 3685/3685/3685
f 3685/3685/3685 3749/3749/3749 3750/3750/3750
f 3685/3685/3685 3750/3750/3750 3686/3686/3686
f 3686/3686/3686 3750/3750/3750 3751/3751/3751
f 3686/3686/3686 3751/3751/3751 3687/3687/3687
f 3687/3687/3687 3751/3751/3751 3752/3752/3752
f 3687/3687/3687 3752/3752/3752 3688/3688/3688
f 3688/3688/3688 3752/3752/3752 3753/3753/3753
f 3688/3688/3688 3753/3753/3753 3689/3689/3689
f 3689/3689/3689 3753/3753/3753 3754/3754/3754
f 3689/3689/3689 3754/3754/3754 3690/3690/3690
f 3690/3690/3690 3754/3754/3754 3755/3755/3755
f 3690/3690/3690 3755/3755/3755 3691/3691/3691
f 3691/3691/3691 3755/3755/3755 3756/3756/3756
f 3691/3691/3691 3756/3756/3756 3692/3692/3692
f 3692/3692/3692 3756/3756/3756 3757/3757/3757
f 3692/3692/3692 3757/3757/3757 3693/3693/3693
f 3693/3693/3693 3757/3757/3757 3758/3758/3758
f 3693/3693/3693 3758/3758/3758 3694/3694/3694
f 3694/3694/3694 3758/3758/3758 3759/3759/3759
f 3694/3694/3694 3759/3759/3759 3695/3695/3695
f 3695/3695/3695 3759/3759/3759 3760/3760/3760
f 3695/3695/3695 3760/3760/3760 3696/3696/3696
f 3696/3696/3696 3760/3760/3760 3761/3761/3761
f 3696/3696/3696 3761/3761/3761 3697/3697/3697
f 3697/3697/3697 3761/3761/3761 3762/3762/3762
f 3697/3697/3697 3762/3762/3762 3698/3698/3698
f 3698/3698/3698 3762/3762/3762 3763/3763/3763
f 3698/3698/3698 3763/3763/3763 3699/3699/3699
f 3699/3699/3699 3763/3763/3763 3764/3764/3764
f 3699/3699/3699 3764/3764/3764 3700/3700/3700
f 3700/3700/3700 3764/3764/3764 3765/3765/3765
f 3700/3700/3700 3765/3765/3765 3701/3701/3701
f 3701/3701/3701 3765/3765/3765 3766/3766/3766
f 3701/3701/3701 3766/3766/3766 3702/3702/3702
f 3702/3702/3702 3766/3766/3766 3767/3767/3767
f 3702/3702/3702 3767/3767/3767 3703/3703/3703
f 3703/3703/3703 3767/3767/3767 3768/3768/3768
f 3703/3703/3703 3768/3768/3768 3704/3704/3704
f 3704/3704/3704 3768/3768/3768 3769/3769/3769
f 3704/3704/3704 3769/3769/3769 3705/3705/3705
f 3705/3705/3705 3769/3769/3769 3770/3770/3770
f 3706/3706/3706 3771/3771/3771 3707/3707/3707
f 3707/3707/3707 3771/3771/3771 3772/3772/3772
f 3707/3707/3707 3772/3772/3772 3708/3708/3708
f 3708/3708/3708 3772/3772/3772 3773/3773/3773
f 3708/3708/3708 3773/3773/3773 3709/3709/3709
f 3709/3709/3709 3773/3773/3773 3774/3774/3774
f 3709/3709/3709 3774/3774/3774 3710/3710/3710
f 3710/3710/3710 3774/3774/3774 3775/3775/3775
f 3710/3710/3710 3775/3775/3775 3711/3711/3711
f 3711/3711/3711 3775/3775/3775 3776/3776/3776
f 3711/3711/3711 3776/3776/3776 3712/3712/3712
f 3712/3712/3712 3776/3776/3776 3777/3777/3777
f 3712/3712/3712 3777/3777/3777 3713/3713/3713
f 3713/3713/3713 3777/3777/3777 3778/3778/3778
f 3713/3713/3713 3778/3778/3778 3714/3714/3714
f 3714/3714/3714 3778/3778/3778 3779/3779/3779
f 3714/3714/3714 3779/3779/3779 3715/3715/3715
f 3715/3715/3715 3779/3779/3779 3780/3780/3780
f 3715/3715/3715 3780/3780/3780 3716/3716/3716
f 3716/3716/3716 3780/3780/3780 3781/3781/3781
f 3716/3716/3716 3781/3781/3781 3717/3717/3717
f 3717/3717/3717 3781/3781/3781 3782/3782/3782
f 3717/3717/3717 3782/3782/3782 3718/3718/3718
f 3718/3718/3718 3782/3782/3782 3783/3783/3783
f 3718/3718/3718 3783/3783/3783 3719/3719/3719
f 3719/3719/3719 3783/3783/3783 3784/3784/3784
f 3719/3719/3719 3784/3784/3784 3720/3720/3720
f 3720/3720/3720 3784/3784/3784 3785/3785/3785
f 3720/3720/3720 3785/3785/3785 3721/3721/3721
f 3721/3721/3721 3785/3785/3785 3786/3786/3786
f 3721/3721/3721 3786/3786/3786 3722/3722/3722
f 3722/3722/3722 3786/3786/3786 3787/3787/3787
f 3722/3722/3722 3787/3787/3787 3723/3723/3723
f 3723/3723/3723 3787/3787/3787 3788/3788/3788
f 3723/3723/3723 3788/3788/3788 3724/3724/3724
f 3724/3724/3724 3788/3788/3788 3789/3789/3789
f 3724/3724/3724 3789/3789/3789 3725/3725/3725
f 3725/3725/3725 3789/3789/3789 3790/3790/3790
f 3725/3725/3725 3790/3790/3790 3726/3726/3726
f 3726/3726/3726 3790/3790/3790 3791/3791/3791
f 3726/3726/3726 3791/3791/3791 3727/3727/3727
f 3727/3727/3727 3791/3791/3791 3792/3792/3792
f 3727/3727/3727 3792/3792/3792 3728/3728/3728
f 3728/3728/3728 3792/3792/3792 3793/3793/3793
f 3728/3728/3728 3793/3793/3793 3729/3729/3729
f 3729/3729/3729 3793/3793/3793 3794/3794/3794
f 3729/3729/3729 3794/3794/3794 3730/3730/3730
f 3730/3730/3730 3794/3794/3794 3795/3795/3795
f 3730/3730/3730 3795/3795/3795 3731/3731/3731
f 3731/3731/3731 3795/3795/3795 3796/3796/3796
f 3731/3731/3731 3796/3796/3796 3732/3732/3732
f 3732/3732/3732 3796/3796/3796 3797/3797/3797
f 3732/3732/3732 3797/3797/3797 3733/3733/3733
f 3733/3733/3733 3797/3797/3797 3798/3798/3798
f 3733/3733/3733 3798/3798/3798 3734/3734/3734
f 3734/3734/3734 3798/3798/3798 3799/3799/3799
f 3734/3734/3734 3799/3799/3799 3735/3735/3735
f 3735/3735/3735 3799/3799/3799 3800/3800/3800
f 3735/3735/3735 3800/3800/3800 3736/3736/3736
f 3736/3736/3736 3800/3800/3800 3801/3801/3801
f 3736/3736/3736 3801/3801/3801 3737/3737/3737
f 3737/3737/3737 3801/3801/3801 3802/3802/3802
f 3737/3737/3737 3802/3802/3802 3738/3738/3738
f 3738/3738/3738 3802/3802/3802 3803/3803/3803
f 3738/3738/3738 3803/3803/3803 3739/3739/3739
f 3739/3739/3739 3803/3803/3803 3804/3804/3804
f 3739/3739/3739 3804/3804/3804 3740/3740/3740
f 3740/3740/3740 3804/3804/3804 3805/3805/3805
f 3740/3740/3740 3805/3805/3805 3741/3741/3741
f 3741/3741/3741 3805/3805/3805 3806/3806/3806
f 3741/3741/3741 3806/3806/3806 3742/3742/3742
f 3742/3742/3742 3806/3806/3806 3807/3807/3807
f 3742/3742/3742 3807/3807/3807 3743/3743/3743
f 3743/3743/3743 3807/3807/3807 3808/3808/3808
f 3743/3743/3743 3808/3808/3808 3744/3744/3744
f 3744/3744/3744 3808/3808/3808 3809/3809/3809
f 3744/3744/3744 3809/3809/3809 3745/3745/3745
f 3745/3745/3745 3809/3809/3809 3810/3810/3810
f 3745/3745/3745 3810/3810/3810 3746/3746/3746
f 3746/3746/3746 3810/3810/3810 3811/3811/3811
f 3746/3746/3746 3811/3811/3811 3747/3747/3747
f 3747/3747/3747 3811/3811/3811 3812/3812/3812
f 3747/3747/3747 3812/3812/3812 3748/3748/3748
f 3748/3748/3748 3812/3812/3812 3813/3813/3813
f 3748/3748/3748 3813/3813/3813 3749/3749/3749
f 3749/3749/3749 3813/3813/3813 3814/3814/3814
f 3749/3749/3749 3814/3814/3814 3750/3750/3750
f 3750/3750/3750 3814/3814/3814 3815/3815/3815
f 3750/3750/3750 3815/3815/3815 3751/3751/3751
f 3751/3751/3751 3815/3815/3815 3816/3816/3816
f 3751/3751/3751 3816/3816/3816 3752/3752/3752
f 3752/3752/3752 3816/3816/3816 3817/3817/3817
f 3752/3752/3752 3817/3817/3817 3753/3753/3753
f 3753/3753/3753 3817/3817/3817 3818/3818/3818
f 3753/3753/3753 3818/3818/3818 3754/3754/3754
f 3754/3754/3754 3818/3818/3818 3819/3819/3819
f 3754/3754/3754 3819/3819/3819 3755/3755/3755
f 3755/3755/3755 3819/3819/3819 3820/3820/3820
f 3755/3755/3755 3820/3820/3820 3756/3756/3756
f 3756/3756/3756 3820/3820/3820 3821/3821/3821
f 3756/3756/3756 3821/3821/3821 3757/3757/3757
f 3757/3757/3757 3821/3821/3821 3822/3822/3822
f 3757/3757/3757 3822/3822/3822 3758/3758/3758
f 3758/3758/3758 3822/3822/3822 3823/3823/3823
f 3758/3758/3758 3823/3823/3823 3759/3759/3759
f 3759/3759/3759 3823/3823/3823 3824/3824/3824
f 3759/3759/3759 3824/3824/3824 3760/3760/3760
f 3760/3760/3760 3824/3824/3824 3825/3825/3825
f 3760/3760/3760 3825/3825/3825 3761/3761/3761
f 3761/3761/3761 3825/3825/3825 3826/3826/3826
f 3761/3761/3761 3826/3826/3826 3762/3762/3762
f 3762/3762/3762 3826/3826/3826 3827/3827/3827
f 3762/3762/3762 3827/3827/3827 3763/3763/3763
f 3763/3763/3763 3827/3827/3827 3828/3828/3828
f 3763/3763/3763 3828/3828/3828 3764/3764/3764
f 3764/3764/3764 3828/3828/3828 3829/3829/3829
f 3764/3764/3764 3829/3829/3829 3765/3765/3765
f 3765/3765/3765 3829/3829/3829 3830/3830/3830
f 3765/3765/3765 3830/3830/3830 3766/3766/3766
f 3766/3766/3766 3830/3830/3830 3831/3831/3831
f 3766/3766/3766 3831/3831/3831 3767/3767/3767
f 3767/3767/3767 3831/3831/3831 3832/3832/3832
f 3767/3767/3767 3832/3832/3832 3768/3768/3768
f 3768/3768/3768 3832/3832/3832 3833/3833/3833
f 3768/3768/3768 3833/3833/3833 3769/3769/3769
f 3769/3769/3769 3833/3833/3833 3834/3834/3834
f 3769/3769/3769 3834/3834/3834 3770/3770/3770
f 3770/3770/3770 3834/3834/3834 3835/3835/3835
f 3771/3771/3771 3836/3836/3836 3772/3772/3772
f 3772/3772/3772 3836/3836/3836 3837/3837/3837
f 3772/3772/3772 3837/3837/3837 3773/3773/3773
f 3773/3773/3773 3837/3837/3837 3838/3838/3838
f 3773/3773/3773 3838/3838/3838 3774/3774/3774
f 3774/3774/3774 3838/3838/3838 3839/3839/3839
f 3774/3774/3774 3839/3839/3839 3775/3775/3775
f 3775/3775/3775 3839/3839/3839 3840/3840/3840
f 3775/3775/3775 3840/3840/3840 3776/3776/3776
f 3776/3776/3776 3840/3840/3840 3841/3841/3841
f 3776/3776/3776 3841/3841/3841 3777/3777/3777
f 3777/3777/3777 3841/3841/3841 3842/3842/3842
f 3777/3777/3777 3842/3842/3842 3778/3778/3778
f 3778/3778/3778 3842/3842/3842 3843/3843/3843
f 3778/3778/3778 3843/3843/3843 3779/3779/3779
f 3779/3779/3779 3843/3843/3843 3844/3844/3844
f 3779/3779/3779 3844/3844/3844 3780/3780/3780
f 3780/3780/3780 3844/3844/3844 3845/3845/3845
f 3780/3780/3780 3845/3845/3845 3781/3781/3781
f 3781/3781/3781 3845/3845/3845 3846/3846/3846
f 3781/3781/3781 3846/3846/3846 3782/3782/3782
f 3782/3782/3782 3846/3846/3846 3847/3847/3847
f 3782/3782/3782 3847/3847/3847 3783/3783/3783
f 3783/3783/3783 3847/3847/3847 3848/3848/3848
f 3783/3783/3783 3848/3848/3848 3784/3784/3784
f 3784/3784/3784 3848/3848/3848 3849/3849/3849
f 3784/3784/3784 3849/3849/3849 3785/3785/3785
f 3785/3785/3785 3849/3849/3849 3850/3850/3850
f 3785/3785/3785 3850/3850/3850 3786/3786/3786
f 3786/3786/3786 3850/3850/3850 3851/3851/3851
f 3786/3786/3786 3851/3851/3851 3787/3787/3787
f 3787/3787/3787 3851/3851/3851 3852/3852/3852
f 3787/3787/3787 3852/3852/3852 3788/3788/3788
f 3788/3788/3788 3852/3852/3852 3853/3853/3853
f 3788/3788/3788 3853/3853/3853 3789/3789/3789
f 3789/3789/3789 3853/3853/3853 3854/3854/3854
f 3789/3789/3789 3854/3854/3854 3790/3790/3790
f 3790/3790/3790 3854/3854/3854 3855/3855/3855
f 3790/3790/3790 3855/3855/3855 3791/3791/3791
f 3791/3791/3791 3855/3855/3855 3856/3856/3856
f 3791/3791/3791 3856/3856/3856 3792/3792/3792
f 3792/3792/3792 3856/3856/3856 3857/3857/3857
f 3792/3792/3792 3857/3857/3857 3793/3793/3793
f 3793/3793/3793 3857/3857/3857 3858/3858/3858
f 3793/3793/3793 3858/3858/3858 3794/3794/3794
f 3794/3794/3794 3858/3858/3858 3859/3859/3859
f 3794/3794/3794 3859/3859/3859 3795/3795/3795
f 3795/3795/3795 3859/3859/3859 3860/3860/3860
f 3795/3795/3795 3860/3860/3860 3796/3796/3796
f 3796/3796/3796 3860/3860/3860 3861/3861/3861
f 3796/3796/3796 3861/3861/3861 3797/3797/3797
f 3797/3797/3797 3861/3861/3861 3862/3862/3862
f 3797/3797/3797 3862/3862/3862 3798/3798/3798
f 3798/3798/3798 3862/3862/3862 3863/3863/3863
f 3798/3798/3798 3863/3863/3863 3799/3799/3799
f 3799/3799/3799 3863/3863/3863 3864/3864/3864
f 3799/3799/3799 3864/3864/3864 3800/3800/3800
f 3800/3800/3800 3864/3864/3864 3865/3865/3865
f 3800/3800/3800 3865/3865/3865 3801/3801/3801
f 3801/3801/3801 3865/3865/3865 3866/3866/3866
f 3801/3801/3801 3866/3866/3866 3802/3802/3802
f 3802/3802/3802 3866/3866/3866 3867/3867/3867
f 3802/3802/3802 3867/3867/3867 3803/3803/3803
f 3803/3803/3803 3867/3867/3867 3868/3868/3868
f 3803/3803/3803 3868/3868/3868 3804/3804/3804
f 3804/3804/3804 3868/3868/3868 3869/3869/3869
f 3804/3804/3804 3869/3869/3869 3805/3805/3805
f 3805/3805/3805 3869/3869/3869 3870/3870/3870
f 3805/3805/3805 3870/3870/3870 3806/3806/3806
f 3806/3806/3806 3870/3870/3870 3871/3871/3871
f 3806/3806/3806 3871/3871/3871 3807/3807/3807
f 3807/3807/3807 3871/3871/3871 3872/3872/3872
f 3807/3807/3807 3872/3872/3872 3808/3808/3808
f 3808/3808/3808 3872/3872/3872 3873/3873/3873
f 3808/3808/3808 3873/3873/3873 3809/3809/3809
f 3809/3809/3809 3873/3873/3873 3874/3874/3874
f 3809/3809/3809 3874/3874/3874 3810/3810/3810
f 3810/3810/3810 3874/3874/3874 3875/3875/3875
f 3810/3810/3810 3875/3875/3875 3811/3811/3811
f 3811/3811/3811 3875/3875/3875 3876/3876/3876
f 3811/3811/3811 3876/3876/3876 3812/3812/3812
f 3812/3812/3812 3876/3876/3876 3877/3877/3877
f 3812/3812/3812 3877/3877/3877 3813/3813/3813
f 3813/3813/3813 3877/3877/3877 3878/3878/3878
f 3813/3813/3813 3878/3878/3878 3814/3814/3814
f 3814/3814/3814 3878/3878/3878 3879/3879/3879
f 3814/3814/3814 3879/3879/3879 3815/3815/3815
f 3815/3815/3815 3879/3879/3879 3880/3880/3880
f 3815/3815/3815 3880/3880/3880 3816/3816/3816
f 3816/3816/3816 3880/3880/3880 3881/3881/3881
f 3816/3816/3816 3881/3881/3881 3817/3817/3817
f 3817/3817/3817 3881/3881/3881 3882/3882/3882
f 3817/3817/3817 3882/3882/3882 3818/3818/3818
f 3818/3818/3818 3882/3882/3882 3883/3883/3883
f 3818/3818/3818 3883/3883/3883 3819/3819/3819
f 3819/3819/3819 3883/3883/3883 3884/3884/3884
f 3819/3819/3819 3884/3884/3884 3820/3820/3820
f 3820/3820/3820 3884/3884/3884 3885/3885/3885
f 3820/3820/3820 3885/3885/3885 3821/3821/3821
f 3821/3821/3821 3885/3885/3885 3886/3886/3886
f 3821/3821/3821 3886/3886/3886 3822/3822/3822
f 3822/3822/3822 3886/3886/3886 3887/3887/3887
f 3822/3822/3822 3887/3887/3887 3823/3823/3823
f 3823/3823/3823 3887/3887/3887 3888/3888/3888
f 3823/3823/3823 3888/3888/3888 3824/3824/3824
f 3824/3824/3824 3888/3888/3888 3889/3889/3889
f 3824/3824/3824 3889/3889/3889 3825/3825/3825
f 3825/3825/3825 3889/3889/3889 3890/3890/3890
f 3825/3825/3825 3890/3890/3890 3826/3826/3826
f 3826/3826/3826 3890/3890/3890 3891/3891/3891
f 3826/3826/3826 3891/3891/3891 3827/3827/3827
f 3827/3827/3827 3891/3891/3891 3892/3892/3892
f 3827/3827/3827 3892/3892/3892 3828/3828/3828
f 3828/3828/3828 3892/3892/3892 3893/3893/3893
f 3828/3828/3828 3893/3893/3893 3829/3829/3829
f 3829/3829/3829 3893/3893/3893 3894/3894/3894
f 3829/3829/3829 3894/3894/3894 3830/3830/3830
f 3830/3830/3830 3894/3894/3894 3895/3895/3895
f 3830/3830/3830 3895/3895/3895 3831/3831/3831
f 3831/3831/3831 3895/3895/3895 3896/3896/3896
f 3831/3831/3831 3896/3896/3896 3832/3832/3832
f 3832/3832/3832 3896/3896/3896 3897/3897/3897
f 3832/3832/3832 3897/3897/3897 3833/3833/3833
f 3833/3833/3833 3897/3897/3897 3898/3898/3898
f 3833/3833/3833 3898/3898/3898 3834/3834/3834
f 3834/3834/3834 3898/3898/3898 3899/3899/3899
f 3834/3834/3834 3899/3899/3899 3835/3835/3835
f 3835/3835/3835 3899/3899/3899 3900/3900/3900
f 3836/3836/3836 3901/3901/3901 3837/3837/3837
f 3837/3837/3837 3901/3901/3901 3902/3902/3902
f 3837/3837/3837 3902/3902/3902 3838/3838/3838
f 3838/3838/3838 3902/3902/3902 3903/3903/3903
f 3838/3838/3838 3903/3903/3903 3839/3839/3839
f 3839/3839/3839 3903/3903/3903 3904/3904/3904
f 3839/3839/3839 3904/3904/3904 3840/3840/3840
f 3840/3840/3840 3904/3904/3904 3905/3905/3905
f 3840/3840/3840 3905/3905/3905 3841/3841/3841
f 3841/3841/3841 3905/3905/3905 3906/3906/3906
f 3841/3841/3841 3906/3906/3906 3842/3842/3842
f 3842/3842/3842 3906/3906/3906 3907/3907/3907
f 3842/3842/3842 3907/3907/3907 3843/3843/3843
f 3843/3843/3843 3907/3907/3907 3908/3908/3908
f 3843/3843/3843 3908/3908/3908 3844/3844/3844
f 3844/3844/3844 3908/3908/3908 3909/3909/3909
f 3844/3844/3844 3909/3909/3909 3845/3845/3845
f 3845/3845/3845 3909/3909/3909 3910/3910/3910
f 3845/3845/3845 3910/3910/3910 3846/3846/3846
f 3846/3846/3846 3910/3910/3910 3911/3911/3911
f 3846/3846/3846 3911/3911/3911 3847/3847/3847
f 3847/3847/3847 3911/3911/3911 3912/3912/3912
f 3847/3847/3847 3912/3912/3912 3848/3848/3848
f 3848/3848/3848 3912/3912/3912 3913/3913/3913
f 3848/3848/3848 3913/3913/3913 3849/3849/3849
f 3849/3849/3849 3913/3913/3913 3914/3914/3914
f 3849/3849/3849 3914/3914/3914 3850/3850/3850
f 3850/3850/3850 3914/3914/3914 3915/3915/3915
f 3850/3850/3850 3915/3915/3915 3851/3851/3851
f 3851/3851/3851 3915/3915/3915 3916/3916/3916
f 3851/3851/3851 3916/3916/3916 3852/3852/3852
f 3852/3852/3852 3916/3916/3916 3917/3917/3917
f 3852/3852/3852 3917/3917/3917 3853/3853/3853
f 3853/3853/3853 3917/3917/3917 3918/3918/3918
f 3853/3853/3853 3918/3918/3918 3854/3854/3854
f 3854/3854/3854 3918/3918/3918 3919/3919/3919
f 3854/3854/3854 3919/3919/3919 3855/3855/3855
f 3855/3855/3855 3919/3919/3919 3920/3920/3920
f 3855/3855/3855 3920/3920/3920 3856/3856/3856
f 3856/3856/3856 3920/3920/3920 3921/3921/3921
f 3856/3856/3856 3921/3921/3921 3857/3857/3857
f 3857/3857/3857 3921/3921/3921 3922/3922/3922
f 3857/3857/3857 3922/3922/3922 3858/3858/3858
f 3858/3858/3858 3922/3922/3922 3923/3923/3923
f 3858/3858/3858 3923/3923/3923 3859/3859/3859
f 3859/3859/3859 3923/3923/3923 3924/3924/3924
f 3859/3859/3859 3924/3924/3924 3860/3860/3860
f 3860/3860/3860 3924/3924/3924 3925/3925/3925
f 3860/3860/3860 3925/3925/3925 3861/3861/3861
f 3861/3861/3861 3925/3925/3925 3926/3926/3926
f 3861/3861/3861 3926/3926/3926 3862/3862/3862
f 3862/3862/3862 3926/3926/3926 3927/3927/3927
f 3862/3862/3862 3927/3927/3927 3863/3863/3863
f 3863/3863/3863 3927/3927/3927 3928/3928/3928
f 3863/3863/3863 3928/3928/3928 3864/3864/3864
f 3864/3864/3864 3928/3928/3928 3929/3929/3929
f 3864/3864/3864 3929/3929/3929 3865/3865/3865
f 3865/3865/3865 3929/3929/3929 3930/3930/3930
f 3865/3865/3865 3930/3930/3930 3866/3866/3866
f 3866/3866/3866 3930/3930/3930 3931/3931/3931
f 3866/3866/3866 3931/3931/3931 3867/3867/3867
f 3867/3867/3867 3931/3931/3931 3932/3932/3932
f 3867/3867/3867 3932/3932/3932 3868/3868/3868
f 3868/3868/3868 3932/3932/3932 3933/3933/3933
f 3868/3868/3868 3933/3933/3933 3869/3869/3869
f 3869/3869/3869 3933/3933/3933 3934/3934/3934
f 3869/3869/3869 3934/3934/3934 3870/3870/3870
f 3870/3870/3870 3934/3934/3934 3935/3935/3935
f 3870/3870/3870 3935/3935/3935 3871/3871/3871
f 3871/3871/3871 3935/3935/3935 3936/3936/3936
f 3871/3871/3871 3936/3936/3936 3872/3872/3872
f 3872/3872/3872 3936/3936/3936 3937/3937/3937
f 3872/3872/3872 3937/3937/3937 3873/3873/3873
f 3873/3873/3873 3937/3937/3937 3938/3938/3938
f 3873/3873/3873 3938/3938/3938 3874/3874/3874
f 3874/3874/3874 3938/3938/3938 3939/3939/3939
f 3874/3874/3874 3939/3939/3939 3875/3875/3875
f 3875/3875/3875 3939/3939/3939 3940/3940/3940
f 3875/3875/3875 3940/3940/3940 3876/3876/3876
f 3876/3876/3876 3940/3940/3940 3941/3941/3941
f 3876/3876/3876 3941/3941/3941 3877/3877/3877
f 3877/3877/3877 3941/3941/3941 3942/3942/3942
f 3877/3877/3877 3942/3942/3942 3878/3878/3878
f 3878/3878/3878 3942/3942/3942 3943/3943/3943
f 3878/3878/3878 3943/3943/3943 3879/3879/3879
f 3879/3879/3879 3943/3943/3943 3944/3944/3944
f 3879/3879/3879 3944/3944/3944 3880/3880/3880
f 3880/3880/3880 3944/3944/3944 3945/3945/3945
f 3880/3880/3880 3945/3945/3945 3881/3881/3881
f 3881/3881/3881 3945/3945/3945 3946/3946/3946
f 3881/3881/3881 3946/3946/3946 3882/3882/3882
f 3882/3882/3882 3946/3946/3946 3947/3947/3947
f 3882/3882/3882 3947/3947/3947 3883/3883/3883
f 3883/3883/3883 3947/3947/3947 3948/3948/3948
f 3883/3883/3883 3948/3948/3948 3884/3884/3884
f 3884/3884/3884 3948/3948/3948 3949/3949/3949
f 3884/3884/3884 3949/3949/3949 3885/3885/3885
f 3885/3885/3885 3949/3949/3949 3950/3950/3950
f 3885/3885/3885 3950/3950/3950 3886/3886/3886
f 3886/3886/3886 3950/3950/3950 3951/3951/3951
f 3886/3886/3886 3951/3951/3951 3887/3887/3887
f 3887/3887/3887 3951/3951/3951 3952/3952/3952
f 3887/3887/3887 3952/3952/3952 3888/3888/3888
f 3888/3888/3888 3952/3952/3952 3953/3953/3953
f 3888/3888/3888 3953/3953/3953 3889/3889/3889
f 3889/3889/3889 3953/3953/3953 3954/3954/3954
f 3889/3889/3889 3954/3954/3954 3890/3890/3890
f 3890/3890/3890 3954/3954/3954 3955/3955/3955
f 3890/3890/3890 3955/3955/3955 3891/3891/3891
f 3891/3891/3891 3955/3955/3955 3956/3956/3956
f 3891/3891/3891 3956/3956/3956 3892/3892/3892
f 3892/3892/3892 3956/3956/3956 3957/3957/3957
f 3892/3892/3892 3957/3957/3957 3893/3893/3893
f 3893/3893/3893 3957/3957/3957 3958/3958/3958
f 3893/3893/3893 3958/3958/3958 3894/3894/3894
f 3894/3894/3894 3958/3958/3958 3959/3959/3959
f 3894/3894/3894 3959/3959/3959 3895/3895/3895
f 3895/3895/3895 3959/3959/3959 3960/3960/3960
f 3895/3895/3895 3960/3960/3960 3896/3896/3896
f 3896/3896/3896 3960/3960/3960 3961/3961/3961
f 3896/3896/3896 3961/3961/3961 3897/3897/3897
f 3897/3897/3897 3961/3961/3961 3962/3962/3962
f 3897/3897/3897 3962/3962/3962 3898/3898/3898
f 3898/3898/3898 3962/3962/3962 3963/3963/3963
f 3898/3898/3898 3963/3963/3963 3899/3899/3899
f 3899/3899/3899 3963/3963/3963 3964/3964/3964
f 3899/3899/3899 3964/3964/3964 3900/3900/3900
f 3900/3900/3900 3964/3964/3964 3965/3965/3965
f 3901/3901/3901 3966/3966/3966 3902/3902/3902
f 3902/3902/3902 3966/3966/3966 3967/3967/3967
f 3902/3902/3902 3967/3967/3967 3903/3903/3903
f 3903/3903/3903 3967/3967/3967 3968/3968/3968
f 3903/3903/3903 3968/3968/3968 3904/3904/3904
f 3904/3904/3904 3968/3968/3968 3969/3969/3969
f 3904/3904/3904 3969/3969/3969 3905/3905/3905
f 3905/3905/3905 3969/3969/3969 3970/3970/3970
f 3905/3905/3905 3970/3970/3970 3906/3906/3906
f 3906/3906/3906 3970/3970/3970 3971/3971/3971
f 3906/3906/3906 3971/3971/3971 3907/3907/3907
f 3907/3907/3907 3971/3971/3971 3972/3972/3972
f 3907/3907/3907 3972/3972/3972 3908/3908/3908
f 3908/3908/3908 3972/3972/3972 3973/3973/3973
f 3908/3908/3908 3973/3973/3973 3909/3909/3909
f 3909/3909/3909 3973/3973/3973 3974/3974/3974
f 3909/3909/3909 3974/3974/3974 3910/3910/3910
f 3910/3910/3910 3974/3974/3974 3975/3975/3975
f 3910/3910/3910 3975/3975/3975 3911/3911/3911
f 3911/3911/3911 3975/3975/3975 3976/3976/3976
f 3911/3911/3911 3976/3976/3976 3912/3912/3912
f 3912/3912/3912 3976/3976/3976 3977/3977/3977
f 3912/3912/3912 3977/3977/3977 3913/3913/3913
f 3913/3913/3913 3977/3977/3977 3978/3978/3978
f 3913/3913/3913 3978/3978/3978 3914/3914/3914
f 3914/3914/3914 3978/3978/3978 3979/3979/3979
f 3914/3914/3914 3979/3979/3979 3915/3915/3915
f 3915/3915/3915 3979/3979/3979 3980/3980/3980
f 3915/3915/3915 3980/3980/3980 3916/3916/3916
f 3916/3916/3916 3980/3980/3980 3981/3981/3981
f 3916/3916/3916 3981/3981/3981 3917/3917/3917
f 3917/3917/3917 3981/3981/3981 3982/3982/3982
f 3917/3917/3917 3982/3982/3982 3918/3918/3918
f 3918/3918/3918 3982/3982/3982 3983/3983/3983
f 3918/3918/3918 3983/3983/3983 3919/3919/3919
f 3919/3919/3919 3983/3983/3983 3984/3984/3984
f 3919/3919/3919 3984/3984/3984 3920/3920/3920
f 3920/3920/3920 3984/3984/3984 3985/3985/3985
f 3920/3920/3920 3985/3985/3985 3921/3921/3921
f 3921/3921/3921 3985/3985/3985 3986/3986/3986
f 3921/3921/3921 3986/3986/3986 3922/3922/3922
f 3922/3922/3922 3986/3986/3986 3987/3987/3987
f 3922/3922/3922 3987/3987/3987 3923/3923/3923
f 3923/3923/3923 3987/3987/3987 3988/3988/3988
f 3923/3923/3923 3988/3988/3988 3924/3924/3924
f 3924/3924/3924 3988/3988/3988 3989/3989/3989
f 3924/3924/3924 3989/3989/3989 3925/3925/3925
f 3925/3925/3925 3989/3989/3989 3990/3990/3990
f 3925/3925/3925 3990/3990/3990 3926/3926/3926
f 3926/3926/3926 3990/3990/3990 3991/3991/3991
f 3926/3926/3926 3991/3991/3991 3927/3927/3927
f 3927/3927/3927 3991/3991/3991 3992/3992/3992
f 3927/3927/3927 3992/3992/3992 3928/3928/3928
f 3928/3928/3928 3992/3992/3992 3993/3993/3993
f 3928/3928/3928 3993/3993/3993 3929/3929/3929
f 3929/3929/3929 3993/3993/3993 3994/3994/3994
f 3929/3929/3929 3994/3994/3994 3930/3930/3930
f 3930/3930/3930 3994/3994/3994 3995/3995/3995
f 3930/3930/3930 3995/3995/3995 3931/3931/3931
f 3931/3931/3931 3995/3995/3995 3996/3996/3996
f 3931/3931/3931 3996/3996/3996 3932/3932/3932
f 3932/3932/3932 3996/3996/3996 3997/3997/3997
f 3932/3932/3932 3997/3997/3997 3933/3933/3933
f 3933/3933/3933 3997/3997/3997 3998/3998/3998
f 3933/3933/3933 3998/3998/3998 3934/3934/3934
f 3934/3934/3934 3998/3998/3998 3999/3999/3999
f 3934/3934/3934 3999/3999/3999 3935/3935/3935
f 3935/3935/3935 3999/3999/3999 4000/4000/4000
f 3935/3935/3935 4000/4000/4000 3936/3936/3936
f 3936/3936/3936 4000/4000/4000 4001/4001/4001
f 3936/3936/3936 4001/4001/4001 3937/3937/3937
f 3937/3937/3937 4001/4001/4001 4002/4002/4002
f 3937/3937/3937 4002/4002/4002 3938/3938/3938
f 3938/3938/3938 4002/4002/4002 4003/4003/4003
f 3938/3938/3938 4003/4003/4003 3939/3939/3939
f 3939/3939/3939 4003/4003/4003 4004/4004/4004
f 3939/3939/3939 4004/4004/4004 3940/3940/3940
f 3940/3940/3940 4004/4004/4004 4005/4005/4005
f 3940/3940/3940 4005/4005/4005 3941/3941/3941
f 3941/3941/3941 4005/4005/4005 4006/4006/4006
f 3941/3941/3941 4006/4006/4006 3942/3942/3942
f 3942/3942/3942 4006/4006/4006 4007/4007/4007
f 3942/3942/3942 4007/4007/4007 3943/3943/3943
f 3943/3943/3943 4007/4007/4007 4008/4008/4008
f 3943/3943/3943 4008/4008/4008 3944/3944/3944
f 3944/3944/3944 4008/4008/4008 4009/4009/4009
f 3944/3944/3944 4009/4009/4009 3945/3945/3945
f 3945/3945/3945 4009/4009/4009 4010/4010/4010
f 3945/3945/3945 4010/4010/4010 3946/3946/3946
f 3946/3946/3946 4010/4010/4010 4011/4011/4011
f 3946/3946/3946 4011/4011/4011 3947/3947/3947
f 3947/3947/3947 4011/4011/4011 4012/4012/4012
f 3947/3947/3947 4012/4012/4012 3948/3948/3948
f 3948/3948/3948 4012/4012/4012 4013/4013/4013
f 3948/3948/3948 4013/4013/4013 3949/3949/3949
f 3949/3949/3949 4013/4013/4013 4014/4014/4014
f 3949/3949/3949 4014/4014/4014 3950/3950/3950
f 3950/3950/3950 4014/4014/4014 4015/4015/4015
f 3950/3950/3950 4015/4015/4015 3951/3951/3951
f 3951/3951/3951 4015/4015/4015 4016/4016/4016
f 3951/3951/3951 4016/4016/4016 3952/3952/3952
f 3952/3952/3952 4016/4016/4016 4017/4017/4017
f 3952/3952/3952 4017/4017/4017 3953/3953/3953
f 3953/3953/3953 4017/4017/4017 4018/4018/4018
f 3953/3953/3953 4018/4018/4018 3954/3954/3954
f 3954/3954/3954 4018/4018/4018 4019/4019/4019
f 3954/3954/3954 4019/4019/4019 3955/3955/3955
f 3955/3955/3955 4019/4019/4019 4020/4020/4020
f 3955/3955/3955 4020/4020/4020 3956/3956/3956
f 3956/3956/3956 4020/4020/4020 4021/4021/4021
f 3956/3956/3956 4021/4021/4021 3957/3957/3957
f 3957/3957/3957 4021/4021/4021 4022/4022/4022
f 3957/3957/3957 4022/4022/4022 3958/3958/3958
f 3958/3958/3958 4022/4022/4022 4023/4023/4023
f 3958/3958/3958 4023/4023/4023 3959/3959/3959
f 3959/3959/3959 4023/4023/4023 4024/4024/4024
f 3959/3959/3959 4024/4024/4024 3960/3960/3960
f 3960/3960/3960 4024/4024/4024 4025/4025/4025
f 3960/3960/3960 4025/4025/4025 3961/3961/3961
f 3961/3961/3961 4025/4025/4025 4026/4026/4026
f 3961/3961/3961 4026/4026/4026 3962/3962/3962
f 3962/3962/3962 4026/4026/4026 4027/4027/4027
f 3962/3962/3962 4027/4027/4027 3963/3963/3963
f 3963/3963/3963 4027/4027/4027 4028/4028/4028
f 3963/3963/3963 4028/4028/4028 3964/3964/3964
f 3964/3964/3964 4028/4028/4028 4029/4029/4029
f 3964/3964/3964 4029/4029/4029 3965/3965/3965
f 3965/3965/3965 4029/4029/4029 4030/4030/4030
f 3966/3966/3966 4031/4031/4031 3967/3967/3967
f 3967/3967/3967 4031/4031/4031 4032/4032/4032
f 3967/3967/3967 4032/4032/4032 3968/3968/3968
f 3968/3968/3968 4032/4032/4032 4033/4033/4033
f 3968/3968/3968 4033/4033/4033 3969/3969/3969
f 3969/3969/3969 4033/4033/4033 4034/4034/4034
f 3969/3969/3969 4034/4034/4034 3970/3970/3970
f 3970/3970/3970 4034/4034/4034 4035/4035/4035
f 3970/3970/3970 4035/4035/4035 3971/3971/3971
f 3971/3971/3971 4035/4035/4035 4036/4036/4036
f 3971/3971/3971 4036/4036/4036 3972/3972/3972
f 3972/3972/3972 4036/4036/4036 4037/4037/4037
f 3972/3972/3972 4037/4037/4037 3973/3973/3973
f 3973/3973/3973 4037/4037/4037 4038/4038/4038
f 3973/3973/3973 4038/4038/4038 3974/3974/3974
f 3974/3974/3974 4038/4038/4038 4039/4039/4039
f 3974/3974/3974 4039/4039/4039 3975/3975/3975
f 3975/3975/3975 4039/4039/4039 4040/4040/4040
f 3975/3975/3975 4040/4040/4040 3976/3976/3976
f 3976/3976/3976 4040/4040/4040 4041/4041/4041
f 3976/3976/3976 4041/4041/4041 3977/3977/3977
f 3977/3977/3977 4041/4041/4041 4042/4042/4042
f 3977/3977/3977 4042/4042/4042 3978/3978/3978
f 3978/3978/3978 4042/4042/4042 4043/4043/4043
f 3978/3978/3978 4043/4043/4043 3979/3979/3979
f 3979/3979/3979 4043/4043/4043 4044/4044/4044
f 3979/3979/3979 4044/4044/4044 3980/3980/3980
f 3980/3980/3980 4044/4044/4044 4045/4045/4045
f 3980/3980/3980 4045/4045/4045 3981/3981/3981
f 3981/3981/3981 4045/4045/4045 4046/4046/4046
f 3981/3981/3981 4046/4046/4046 3982/3982/3982
f 3982/3982/3982 4046/4046/4046 4047/4047/4047
f 3982/3982/3982 4047/4047/4047 3983/3983/3983
f 3983/3983/3983 4047/4047/4047 4048/4048/4048
f 3983/3983/3983 4048/4048/4048 3984/3984/3984
f 3984/3984/3984 4048/4048/4048 4049/4049/4049
f 3984/3984/3984 4049/4049/4049 3985/3985/3985
f 3985/3985/3985 4049/4049/4049 4050/4050/4050
f 3985/3985/3985 4050/4050/4050 3986/3986/3986
f 3986/3986/3986 4050/4050/4050 4051/4051/4051
f 3986/3986/3986 4051/4051/4051 3987/3987/3987
f 3987/3987/3987 4051/4051/4051 4052/4052/4052
f 3987/3987/3987 4052/4052/4052 3988/3988/3988
f 3988/3988/3988 4052/4052/4052 4053/4053/4053
f 3988/3988/3988 4053/4053/4053 3989/3989/3989
f 3989/3989/3989 4053/4053/4053 4054/4054/4054
f 3989/3989/3989 4054/4054/4054 3990/3990/3990
f 3990/3990/3990 4054/4054/4054 4055/4055/4055
f 3990/3990/3990 4055/4055/4055 3991/3991/3991
f 3991/3991/3991 4055/4055/4055 4056/4056/4056
f 3991/3991/3991 4056/4056/4056 3992/3992/3992
f 3992/3992/3992 4056/4056/4056 4057/4057/4057
f 3992/3992/3992 4057/4057/4057 3993/3993/3993
f 3993/3993/3993 4057/4057/4057 4058/4058/4058
f 3993/3993/3993 4058/4058/4058 3994/3994/3994
f 3994/3994/3994 4058/4058/4058 4059/4059/4059
f 3994/3994/3994 4059/4059/4059 3995/3995/3995
f 3995/3995/3995 4059/4059/4059 4060/4060/4060
f 3995/3995/3995 4060/4060/4060 3996/3996/3996
f 3996/3996/3996 4060/4060/4060 4061/4061/4061
f 3996/3996/3996 4061/4061/4061 3997/3997/3997
f 3997/3997/3997 4061/4061/4061 4062/4062/4062
f 3997/3997/3997 4062/4062/4062 3998/3998/3998
f 3998/3998/3998 4062/4062/4062 4063/4063/4063
f 3998/3998/3998 4063/4063/4063 3999/3999/3999
f 3999/3999/3999 4063/4063/4063 4064/4064/4064
f 3999/3999/3999 4064/4064/4064 4000/4000/4000
f 4000/4000/4000 4064/4064/4064 4065/4065/4065
f 4000/4000/4000 4065/4065/4065 4001/4001/4001
f 4001/4001/4001 4065/4065/4065 4066/4066/4066
f 4001/4001/4001 4066/4066/4066 4002/4002/4002
f 4002/4002/4002 4066/4066/4066 4067/4067/4067
f 4002/4002/4002 4067/4067/4067 4003/4003/4003
f 4003/4003/4003 4067/4067/4067 4068/4068/4068
f 4003/4003/4003 4068/4068/4068 4004/4004/4004
f 4004/4004/4004 4068/4068/4068 4069/4069/4069
f 4004/4004/4004 4069/4069/4069 4005/4005/4005
f 4005/4005/4005 4069/4069/4069 4070/4070/4070
f 4005/4005/4005 4070/4070/4070 4006/4006/4006
f 4006/4006/4006 4070/4070/4070 4071/4071/4071
f 4006/4006/4006 4071/4071/4071 4007/4007/4007
f 4007/4007/4007 4071/4071/4071 4072/4072/4072
f 4007/4007/4007 4072/4072/4072 4008/4008/4008
f 4008/4008/4008 4072/4072/4072 4073/4073/4073
f 4008/4008/4008 4073/4073/4073 4009/4009/4009
f 4009/4009/4009 4073/4073/4073 4074/4074/4074
f 4009/4009/4009 4074/4074/4074 4010/4010/4010
f 4010/4010/4010 4074/4074/4074 4075/4075/4075
f 4010/4010/4010 4075/4075/4075 4011/4011/4011
f 4011/4011/4011 4075/4075/4075 4076/4076/4076
f 4011/4011/4011 4076/4076/4076 4012/4012/4012
f 4012/4012/4012 4076/4076/4076 4077/4077/4077
f 4012/4012/4012 4077/4077/4077 4013/4013/4013
f 4013/4013/4013 4077/4077/4077 4078/4078/4078
f 4013/4013/4013 4078/4078/4078 4014/4014/4014
f 4014/4014/4014 4078/4078/4078 4079/4079/4079
f 4014/4014/4014 4079/4079/4079 4015/4015/4015
f 4015/4015/4015 4079/4079/4079 4080/4080/4080
f 4015/4015/4015 4080/4080/4080 4016/4016/4016
f 4016/4016/4016 4080/4080/4080 4081/4081/4081
f 4016/4016/4016 4081/4081/4081 4017/4017/4017
f 4017/4017/4017 4081/4081/4081 4082/4082/4082
f 4017/4017/4017 4082/4082/4082 4018/4018/4018
f 4018/4018/4018 4082/4082/4082 4083/4083/4083
f 4018/4018/4018 4083/4083/4083 4019/4019/4019
f 4019/4019/4019 4083/4083/4083 4084/4084/4084
f 4019/4019/4019 4084/4084/4084 4020/4020/4020
f 4020/4020/4020 4084/4084/4084 4085/4085/4085
f 4020/4020/4020 4085/4085/4085 4021/4021/4021
f 4021/4021/4021 4085/4085/4085 4086/4086/4086
f 4021/4021/4021 4086/4086/4086 4022/4022/4022
f 4022/4022/4022 4086/4086/4086 4087/4087/4087
f 4022/4022/4022 4087/4087/4087 4023/4023/4023
f 4023/4023/4023 4087/4087/4087 4088/4088/4088
f 4023/4023/4023 4088/4088/4088 4024/4024/4024
f 4024/4024/4024 4088/4088/4088 4089/4089/4089
f 4024/4024/4024 4089/4089/4089 4025/4025/4025
f 4025/4025/4025 4089/4089/4089 4090/4090/4090
f 4025/4025/4025 4090/4090/4090 4026/4026/4026
f 4026/4026/4026 4090/4090/4090 4091/4091/4091
f 4026/4026/4026 4091/4091/4091 4027/4027/4027
f 4027/4027/4027 4091/4091/4091 4092/4092/4092
f 4027/4027/4027 4092/4092/4092 4028/4028/4028
f 4028/4028/4028 4092/4092/4092 4093/4093/4093
f 4028/4028/4028 4093/4093/4093 4029/4029/4029
f 4029/4029/4029 4093/4093/4093 4094/4094/4094
f 4029/4029/4029 4094/4094/4094 4030/4030/4030
f 4030/4030/4030 4094/4094/4094 4095/4095/4095
f 4031/4031/4031 4096/4096/4096 4032/4032/4032
f 4032/4032/4032 4096/4096/4096 4097/4097/4097
f 4032/4032/4032 4097/4097/4097 4033/4033/4033
f 4033/4033/4033 4097/4097/4097 4098/4098/4098
f 4033/4033/4033 4098/4098/4098 4034/4034/4034
f 4034/4034/4034 4098/4098/4098 4099/4099/4099
f 4034/4034/4034 4099/4099/4099 4035/4035/4035
f 4035/4035/4035 4099/4099/4099 4100/4100/4100
f 4035/4035/4035 4100/4100/4100 4036/4036/4036
f 4036/4036/4036 4100/4100/4100 4101/4101/4101
f 4036/4036/4036 4101/4101/4101 4037/4037/4037
f 4037/4037/4037 4101/4101/4101 4102/4102/4102
f 4037/4037/4037 4102/4102/4102 4038/4038/4038
f 4038/4038/4038 4102/4102/4102 4103/4103/4103
f 4038/4038/4038 4103/4103/4103 4039/4039/4039
f 4039/4039/4039 4103/4103/4103 4104/4104/4104
f 4039/4039/4039 4104/4104/4104 4040/4040/4040
f 4040/4040/4040 4104/4104/4104 4105/4105/4105
f 4040/4040/4040 4105/4105/4105 4041/4041/4041
f 4041/4041/4041 4105/4105/4105 4106/4106/4106
f 4041/4041/4041 4106/4106/4106 4042/4042/4042
f 4042/4042/4042 4106/4106/4106 4107/4107/4107
f 4042/4042/4042 4107/4107/4107 4043/4043/4043
f 4043/4043/4043 4107/4107/4107 4108/4108/4108
f 4043/4043/4043 4108/4108/4108 4044/4044/4044
f 4044/4044/4044 4108/4108/4108 4109/4109/4109
f 4044/4044/4044 4109/4109/4109 4045/4045/4045
f 4045/4045/4045 4109/4109/4109 4110/4110/4110
f 4045/4045/4045 4110/4110/4110 4046/4046/4046
f 4046/4046/4046 4110/4110/4110 4111/4111/4111
f 4046/4046/4046 4111/4111/4111 4047/4047/4047
f 4047/4047/4047 4111/4111/4111 4112/4112/4112
f 4047/4047/4047 4112/4112/4112 4048/4048/4048
f 4048/4048/4048 4112/4112/4112 4113/4113/4113
f 4048/4048/4048 4113/4113/4113 4049/4049/4049
f 4049/4049/4049 4113/4113/4113 4114/4114/4114
f 4049/4049/4049 4114/4114/4114 4050/4050/4050
f 4050/4050/4050 4114/4114/4114 4115/4115/4115
f 4050/4050/4050 4115/4115/4115 4051/4051/4051
f 4051/4051/4051 4115/4115/4115 4116/4116/4116
f 4051/4051/4051 4116/4116/4116 4052/4052/4052
f 4052/4052/4052 4116/4116/4116 4117/4117/4117
f 4052/4052/4052 4117/4117/4117 4053/4053/4053
f 4053/4053/4053 4117/4117/4117 4118/4118/4118
f 4053/4053/4053 4118/4118/4118 4054/4054/4054
f 4054/4054/4054 4118/4118/4118 4119/4119/4119
f 4054/4054/4054 4119/4119/4119 4055/4055/4055
f 4055/4055/4055 4119/4119/4119 4120/4120/4120
f 4055/4055/4055 4120/4120/4120 4056/4056/4056
f 4056/4056/4056 4120/4120/4120 4121/4121/4121
f 4056/4056/4056 4121/4121/4121 4057/4057/4057
f 4057/4057/4057 4121/4121/4121 4122/4122/4122
f 4057/4057/4057 4122/4122/4122 4058/4058/4058
f 4058/4058/4058 4122/4122/4122 4123/4123/4123
f 4058/4058/4058 4123/4123/4123 4059/4059/4059
f 4059/4059/4059 4123/4123/4123 4124/4124/4124
f 4059/4059/4059 4124/4124/4124 4060/4060/4060
f 4060/4060/4060 4124/4124/4124 4125/4125/4125
f 4060/4060/4060 4125/4125/4125 4061/4061/4061
f 4061/4061/4061 4125/4125/4125 4126/4126/4126
f 4061/4061/4061 4126/4126/4126 4062/4062/4062
f 4062/4062/4062 4126/4126/4126 4127/4127/4127
f 4062/4062/4062 4127/4127/4127 4063/4063/4063
f 4063/4063/4063 4127/4127/4127 4128/4128/4128
f 4063/4063/4063 4128/4128/4128 4064/4064/4064
f 4064/4064/4064 4128/4128/4128 4129/4129/4129
f 4064/4064/4064 4129/4129/4129 4065/4065/4065
f 4065/4065/4065 4129/4129/4129 4130/4130/4130
f 4065/4065/4065 4130/4130/4130 4066/4066/4066
f 4066/4066/4066 4130/4130/4130 4131/4131/4131
f 4066/4066/4066 4131/4131/4131 4067/4067/4067
f 4067/4067/4067 4131/4131/4131 4132/4132/4132
f 4067/4067/4067 4132/4132/4132 4068/4068/4068
f 4068/4068/4068 4132/4132/4132 4133/4133/4133
f 4068/4068/4068 4133/4133/4133 4069/4069/4069
f 4069/4069/4069 4133/4133/4133 4134/4134/4134
f 4069/4069/4069 4134/4134/4134 4070/4070/4070
f 4070/4070/4070 4134/4134/4134 4135/4135/4135
f 4070/4070/4070 4135/4135/4135 4071/4071/4071
f 4071/4071/4071 4135/4135/4135 4136/4136/4136
f 4071/4071/4071 4136/4136/4136 4072/4072/4072
f 4072/4072/4072 4136/4136/4136 4137/4137/4137
f 4072/4072/4072 4137/4137/4137 4073/4073/4073
f 4073/4073/4073 4137/4137/4137 4138/4138/4138
f 4073/4073/4073 4138/4138/4138 4074/4074/4074
f 4074/4074/4074 4138/4138/4138 4139/4139/4139
f 4074/4074/4074 4139/4139/4139 4075/4075/4075
f 4075/4075/4075 4139/4139/4139 4140/4140/4140
f 4075/4075/4075 4140/4140/4140 4076/4076/4076
f 4076/4076/4076 4140/4140/4140 4141/4141/4141
f 4076/4076/4076 4141/4141/4141 4077/4077/4077
f 4077/4077/4077 4141/4141/4141 4142/4142/4142
f 4077/4077/4077 4142/4142/4142 4078/4078/4078
f 4078/4078/4078 4142/4142/4142 4143/4143/4143
f 4078/4078/4078 4143/4143/4143 4079/4079/4079
f 4079/4079/4079 4143/4143/4143 4144/4144/4144
f 4079/4079/4079 4144/4144/4144 4080/4080/4080
f 4080/4080/4080 4144/4144/4144 4145/4145/4145
f 4080/4080/4080 4145/4145/4145 4081/4081/4081
f 4081/4081/4081 4145/4145/4145 4146/4146/4146
f 4081/4081/4081 4146/4146/4146 4082/4082/4082
f 4082/4082/4082 4146/4146/4146 4147/4147/4147
f 4082/4082/4082 4147/4147/4147 4083/4083/4083
f 4083/4083/4083 4147/4147/4147 4148/4148/4148
f 4083/4083/4083 4148/4148/4148 4084/4084/4084
f 4084/4084/4084 4148/4148/4148 4149/4149/4149
f 4084/4084/4084 4149/4149/4149 4085/4085/4085
f 4085/4085/4085 4149/4149/4149 4150/4150/4150
f 4085/4085/4085 4150/4150/4150 4086/4086/4086
f 4086/4086/4086 4150/4150/4150 4151/4151/4151
f 4086/4086/4086 4151/4151/4151 4087/4087/4087
f 4087/4087/4087 4151/4151/4151 4152/4152/4152
f 4087/4087/4087 4152/4152/4152 4088/4088/4088
f 4088/4088/4088 4152/4152/4152 4153/4153/4153
f 4088/4088/4088 4153/4153/4153 4089/4089/4089
f 4089/4089/4089 4153/4153/4153 4154/4154/4154
f 4089/4089/4089 4154/4154/4154 4090/4090/4090
f 4090/4090/4090 4154/4154/4154 4155/4155/4155
f 4090/4090/4090 4155/4155/4155 4091/4091/4091
f 4091/4091/4091 4155/4155/4155 4156/4156/4156
f 4091/4091/4091 4156/4156/4156 4092/4092/4092
f 4092/4092/4092 4156/4156/4156 4157/4157/4157
f 4092/4092/4092 4157/4157/4157 4093/4093/4093
f 4093/4093/4093 4157/4157/4157 4158/4158/4158
f 4093/4093/4093 4158/4158/4158 4094/4094/4094
f 4094/4094/4094 4158/4158/4158 4159/4159/4159
f 4094/4094/4094 4159/4159/4159 4095/4095/4095
f 4095/4095/4095 4159/4159/4159 4160/4160/4160
f 4096/4096/4096 4161/4161/4161 4097/4097/4097
f 4097/4097/4097 4161/4161/4161 4162/4162/4162
f 4097/4097/4097 4162/4162/4162 4098/4098/4098
f 4098/4098/4098 4162/4162/4162 4163/4163/4163
f 4098/4098/4098 4163/4163/4163 4099/4099/4099
f 4099/4099/4099 4163/4163/4163 4164/4164/4164
f 4099/4099/4099 4164/4164/4164 4100/4100/4100
f 4100/4100/4100 4164/4164/4164 4165/4165/4165
f 4100/4100/4100 4165/4165/4165 4101/4101/4101
f 4101/4101/4101 4165/4165/4165 4166/4166/4166
f 4101/4101/4101 4166/4166/4166 4102/4102/4102
f 4102/4102/4102 4166/4166/4166 4167/4167/4167
f 4102/4102/4102 4167/4167/4167 4103/4103/4103
f 4103/4103/4103 4167/4167/4167 4168/4168/4168
f 4103/4103/4103 4168/4168/4168 4104/4104/4104
f 4104/4104/4104 4168/4168/4168 4169/4169/4169
f 4104/4104/4104 4169/4169/4169 4105/4105/4105
f 4105/4105/4105 4169/4169/4169 4170/4170/4170
f 4105/4105/4105 4170/4170/4170 4106/4106/4106
f 4106/4106/4106 4170/4170/4170 4171/4171/4171
f 4106/4106/4106 4171/4171/4171 4107/4107/4107
f 4107/4107/4107 4171/4171/4171 4172/4172/4172
f 4107/4107/4107 4172/4172/4172 4108/4108/4108
f 4108/4108/4108 4172/4172/4172 4173/4173/4173
f 4108/4108/4108 4173/4173/4173 4109/4109/4109
f 4109/4109/4109 4173/4173/4173 4174/4174/4174
f 4109/4109/4109 4174/4174/4174 4110/4110/4110
f 4110/4110/4110 4174/4174/4174 4175/4175/4175
f 4110/4110/4110 4175/4175/4175 4111/4111/4111
f 4111/4111/4111 4175/4175/4175 4176/4176/4176
f 4111/4111/4111 4176/4176/4176 4112/4112/4112
f 4112/4112/4112 4176/4176/4176 4177/4177/4177
f 4112/4112/4112 4177/4177/4177 4113/4113/4113
f 4113/4113/4113 4177/4177/4177 4178/4178/4178
f 4113/4113/4113 4178/4178/4178 4114/4114/4114
f 4114/4114/4114 4178/4178/4178 4179/4179/4179
f 4114/4114/4114 4179/4179/4179 4115/4115/4115
f 4115/4115/4115 4179/4179/4179 4180/4180/4180
f 4115/4115/4115 4180/4180/4180 4116/4116/4116
f 4116/4116/4116 4180/4180/4180 4181/4181/4181
f 4116/4116/4116 4181/4181/4181 4117/4117/4117
f 4117/4117/4117 4181/4181/4181 4182/4182/4182
f 4117/4117/4117 4182/4182/4182 4118/4118/4118
f 4118/4118/4118 4182/4182/4182 4183/4183/4183
f 4118/4118/4118 4183/4183/4183 4119/4119/4119
f 4119/4119/4119 4183/4183/4183 4184/4184/4184
f 4119/4119/4119 4184/4184/4184 4120/4120/4120
f 4120/4120/4120 4184/4184/4184 4185/4185/4185
f 4120/4120/4120 4185/4185/4185 4121/4121/4121
f 4121/4121/4121 4185/4185/4185 4186/4186/4186
f 4121/4121/4121 4186/4186/4186 4122/4122/4122
f 4122/4122/4122 4186/4186/4186 4187/4187/4187
f 4122/4122/4122 4187/4187/4187 4123/4123/4123
f 4123/4123/4123 4187/4187/4187 4188/4188/4188
f 4123/4123/4123 4188/4188/4188 4124/4124/4124
f 4124/4124/4124 4188/4188/4188 4189/4189/4189
f 4124/4124/4124 4189/4189/4189 4125/4125/4125
f 4125/4125/4125 4189/4189/4189 4190/4190/4190
f 4125/4125/4125 4190/4190/4190 4126/4126/4126
f 4126/4126/4126 4190/4190/4190 4191/4191/4191
f 4126/4126/4126 4191/4191/4191 4127/4127/4127
f 4127/4127/4127 4191/4191/4191 4192/4192/4192
f 4127/4127/4127 4192/4192/4192 4128/4128/4128
f 4128/4128/4128 4192/4192/4192 4193/4193/4193
f 4128/4128/4128 4193/4193/4193 4129/4129/4129
f 4129/4129/4129 4193/4193/4193 4194/4194/4194
f 4129/4129/4129 4194/4194/4194 4130/4130/4130
f 4130/4130/4130 4194/4194/4194 4195/4195/4195
f 4130/4130/4130 4195/4195/4195 4131/4131/4131
f 4131/4131/4131 4195/4195/4195 4196/4196/4196
f 4131/4131/4131 4196/4196/4196 4132/4132/4132
f 4132/4132/4132 4196/4196/4196 4197/4197/4197
f 4132/4132/4132 4197/4197/4197 4133/4133/4133
f 4133/4133/4133 4197/4197/4197 4198/4198/4198
f 4133/4133/4133 4198/4198/4198 4134/4134/4134
f 4134/4134/4134 4198/4198/4198 4199/4199/4199
f 4134/4134/4134 4199/4199/4199 4135/4135/4135
f 4135/4135/4135 4199/4199/4199 4200/4200/4200
f 4135/4135/4135 4200/4200/4200 4136/4136/4136
f 4136/4136/4136 4200/4200/4200 4201/4201/4201
f 4136/4136/4136 4201/4201/4201 4137/4137/4137
f 4137/4137/4137 4201/4201/4201 4202/4202/4202
f 4137/4137/4137 4202/4202/4202 4138/4138/4138
f 4138/4138/4138 4202/4202/4202 4203/4203/4203
f 4138/4138/4138 4203/4203/4203 4139/4139/4139
f 4139/4139/4139 4203/4203/4203 4204/4204/4204
f 4139/4139/4139 4204/4204/4204 4140/4140/4140
f 4140/4140/4140 4204/4204/4204 4205/4205/4205
f 4140/4140/4140 4205/4205/4205 4141/4141/4141
f 4141/4141/4141 4205/4205/4205 4206/4206/4206
f 4141/4141/4141 4206/4206/4206 4142/4142/4142
f 4142/4142/4142 4206/4206/4206 4207/4207/4207
f 4142/4142/4142 4207/4207/4207 4143/4143/4143
f 4143/4143/4143 4207/4207/4207 4208/4208/4208
f 4143/4143/4143 4208/4208/4208 4144/4144/4144
f 4144/4144/4144 4208/4208/4208 4209/4209/4209
f 4144/4144/4144 4209/4209/4209 4145/4145/4145
f 4145/4145/4145 4209/4209/4209 4210/4210/4210
f 4145/4145/4145 4210/4210/4210 4146/4146/4146
f 4146/4146/4146 4210/4210/4210 4211/4211/4211
f 4146/4146/4146 4211/4211/4211 4147/4147/4147
f 4147/4147/4147 4211/4211/4211 4212/4212/4212
f 4147/4147/4147 4212/4212/4212 4148/4148/4148
f 4148/4148/4148 4212/4212/4212 4213/4213/4213
f 4148/4148/4148 4213/4213/4213 4149/4149/4149
f 4149/4149/4149 4213/4213/4213 4214/4214/4214
f 4149/4149/4149 4214/4214/4214 4150/4150/4150
f 4150/4150/4150 4214/4214/4214 4215/4215/4215
f 4150/4150/4150 4215/4215/4215 4151/4151/4151
f 4151/4151/4151 4215/4215/4215 4216/4216/4216
f 4151/4151/4151 4216/4216/4216 4152/4152/4152
f 4152/4152/4152 4216/4216/4216 4217/4217/4217
f 4152/4152/4152 4217/4217/4217 4153/4153/4153
f 4153/4153/4153 4217/4217/4217 4218/4218/4218
f 4153/4153/4153 4218/4218/4218 4154/4154/4154
f 4154/4154/4154 4218/4218/4218 4219/4219/4219
f 4154/4154/4154 4219/4219/4219 4155/4155/4155
f 4155/4155/4155 4219/4219/4219 4220/4220/4220
f 4155/4155/4155 4220/4220/4220 4156/4156/4156
f 4156/4156/4156 4220/4220/4220 4221/4221/4221
f 4156/4156/4156 4221/4221/4221 4157/4157/4157
f 4157/4157/4157 4221/4221/4221 4222/4222/4222
f 4157/4157/4157 4222/4222/4222 4158/4158/4158
f 4158/4158/4158 4222/4222/4222 4223/4223/4223
f 4158/4158/4158 4223/4223/4223 4159/4159/4159
f 4159/4159/4159 4223/4223/4223 4224/4224/4224
f 4159/4159/4159 4224/4224/4224 4160/4160/4160
f 4160/4160/4160 4224/4224/4224 4225/4225/4225
